"path","role","topic","review_status","canonical_finding"
"case-studies\source\mods-drive\Architect_Mod\Code_History\CODE-0042G2D\CODEX_PROMPT_CODE0042G2E_BUILDING_ENTITIES.txt","case-study","building-and-placement","unreviewed",""
"case-studies\source\mods-drive\Architect_Mod\Code_History\CODE-0042G3E\CODEX_PROMPT_CODE0042G3F_BLUEPRINT_BROWSER.txt","case-study","building-and-placement","unreviewed",""
"case-studies\source\mods-drive\Architect_Mod\Code_History\CODE-0042G5G\CODEX_GOAL_CODE0042G5G_BUILDING_WORLD_EDITING_RESPONSIVE_CLOSEOUT.txt","case-study","building-and-placement","unreviewed",""
"case-studies\source\mods-drive\Architect_Mod\Code_History\CODE-0044A\candidate\docs\features\SemanticBuildingCatalog-v1.md","case-study","building-and-placement","unreviewed",""
"case-studies\source\mods-drive\Architect_Mod\Code_History\CODE-0044A\candidate\docs\features\StructureEditor-v1.md","case-study","building-and-placement","unreviewed",""
"case-studies\source\mods-drive\Architect_Mod\Code_History\CODE-0044A\candidate\docs\features\StructureRecorder-v1.md","case-study","building-and-placement","unreviewed",""
"case-studies\source\mods-drive\Architect_Mod\Code_History\CODE-0044A\candidate\src\Config\Architect_Blueprint_Config.lua","case-study","building-and-placement","unreviewed",""
"case-studies\source\mods-drive\Architect_Mod\Code_History\CODE-0044A\package\src\Config\Architect_Blueprint_Config.lua","case-study","building-and-placement","unreviewed",""
"case-studies\source\mods-drive\Control_Center\modules\building_and_architecture\patch.lua","case-study","building-and-placement","unreviewed",""
"case-studies\source\mods-drive\Control_Center\modules\custom_building_materials\patch.lua","case-study","building-and-placement","unreviewed",""
"case-studies\source\mods-drive\Emberworks\blueprint_library\__init__.py","case-study","building-and-placement","unreviewed",""
"case-studies\source\mods-drive\Emberworks\blueprint_library\donor_catalog.py","case-study","building-and-placement","unreviewed",""
"case-studies\source\mods-drive\Emberworks\blueprint_library\library.py","case-study","building-and-placement","unreviewed",""
"experiments\source\mods-drive\Architect_Mod\Code_History\CODE-0037-working\architect_toolkit\temp_verify\architect_toolkit\temp_inspect\architect_toolkit\temp_zip_extract\architect_toolkit\tools\SemanticActionObserver\scan_placement_helper_observer_site_qualification_static.py","experiment","building-and-placement","unreviewed",""
"experiments\source\mods-drive\Architect_Mod\Code_History\CODE-0037-working\architect_toolkit\temp_verify\architect_toolkit\temp_inspect\architect_toolkit\temp_zip_extract\architect_toolkit\tools\SemanticActionObserver\test_blueprint_selection_authority_static.py","experiment","building-and-placement","unreviewed",""
"experiments\source\mods-drive\Architect_Mod\Code_History\CODE-0037-working\architect_toolkit\temp_verify\architect_toolkit\temp_inspect\architect_toolkit\temp_zip_extract\architect_toolkit\tools\SemanticActionObserver\test_create_building_item_dispatch_static.py","experiment","building-and-placement","unreviewed",""
"experiments\source\mods-drive\Architect_Mod\Code_History\CODE-0037-working\architect_toolkit\temp_verify\architect_toolkit\temp_inspect\architect_toolkit\temp_zip_extract\architect_toolkit\tools\SemanticActionObserver\test_placement_computed_destination_arithmetic_static.py","experiment","building-and-placement","unreviewed",""
"experiments\source\mods-drive\Architect_Mod\Code_History\CODE-0037-working\architect_toolkit\temp_verify\architect_toolkit\temp_inspect\architect_toolkit\temp_zip_extract\architect_toolkit\tools\SemanticActionObserver\test_placement_frame_input_provenance_static.py","experiment","building-and-placement","unreviewed",""
"experiments\source\mods-drive\Architect_Mod\Code_History\CODE-0037-working\architect_toolkit\temp_verify\architect_toolkit\temp_inspect\architect_toolkit\temp_zip_extract\architect_toolkit\tools\SemanticActionObserver\test_placement_helper_buffer_field_provenance_static.py","experiment","building-and-placement","unreviewed",""
"experiments\source\mods-drive\Architect_Mod\Code_History\CODE-0037-working\architect_toolkit\temp_verify\architect_toolkit\temp_inspect\architect_toolkit\temp_zip_extract\architect_toolkit\tools\SemanticActionObserver\test_placement_helper_observer_site_qualification_static.py","experiment","building-and-placement","unreviewed",""
"experiments\source\mods-drive\Architect_Mod\Code_History\CODE-0037-working\architect_toolkit\temp_verify\architect_toolkit\temp_inspect\architect_toolkit\temp_zip_extract\architect_toolkit\tools\SemanticActionObserver\test_snap_winner_preview_writeback_static.py","experiment","building-and-placement","unreviewed",""
"experiments\source\mods-drive\Architect_Mod\Code_History\CODE-0037-working\architect_toolkit\temp_verify\architect_toolkit\temp_inspect\architect_toolkit\temp_zip_extract\architect_toolkit\tools\SemanticCaptureAnalyzer\scan_building_commit_transform_static.py","experiment","building-and-placement","unreviewed",""
"experiments\source\mods-drive\Architect_Mod\Code_History\CODE-0037-working\architect_toolkit\temp_verify\architect_toolkit\temp_inspect\architect_toolkit\temp_zip_extract\architect_toolkit\tools\SemanticCaptureAnalyzer\scan_building_snap_static.py","experiment","building-and-placement","unreviewed",""
"experiments\source\mods-drive\Architect_Mod\Code_History\CODE-0037-working\architect_toolkit\temp_verify\architect_toolkit\temp_inspect\architect_toolkit\temp_zip_extract\architect_toolkit\tools\SemanticCaptureAnalyzer\scan_snap_candidate_selection_static.py","experiment","building-and-placement","unreviewed",""
"experiments\source\mods-drive\Architect_Mod\Code_History\CODE-0037-working\architect_toolkit\temp_verify\architect_toolkit\temp_inspect\architect_toolkit\temp_zip_extract\architect_toolkit\tools\StructureEditor\tests\__init__.py","experiment","building-and-placement","unreviewed",""
"experiments\source\mods-drive\Architect_Mod\Code_History\CODE-0037-working\architect_toolkit\temp_verify\architect_toolkit\temp_inspect\architect_toolkit\temp_zip_extract\architect_toolkit\tools\StructureEditor\tests\test_editor.py","experiment","building-and-placement","unreviewed",""
"experiments\source\mods-drive\Architect_Mod\Code_History\CODE-0037-working\architect_toolkit\temp_verify\architect_toolkit\temp_inspect\architect_toolkit\temp_zip_extract\architect_toolkit\tools\StructureRecorder\tests\test_recorder.py","experiment","building-and-placement","unreviewed",""
"experiments\source\mods-drive\Architect_Mod\Code_History\CODE-0037-working\architect_toolkit\temp_zip_extract\architect_toolkit\tools\SemanticActionObserver\scan_placement_helper_observer_site_qualification_static.py","experiment","building-and-placement","unreviewed",""
"experiments\source\mods-drive\Architect_Mod\Code_History\CODE-0037-working\architect_toolkit\temp_zip_extract\architect_toolkit\tools\SemanticActionObserver\test_blueprint_selection_authority_static.py","experiment","building-and-placement","unreviewed",""
"experiments\source\mods-drive\Architect_Mod\Code_History\CODE-0037-working\architect_toolkit\temp_zip_extract\architect_toolkit\tools\SemanticActionObserver\test_create_building_item_dispatch_static.py","experiment","building-and-placement","unreviewed",""
"experiments\source\mods-drive\Architect_Mod\Code_History\CODE-0037-working\architect_toolkit\temp_zip_extract\architect_toolkit\tools\SemanticActionObserver\test_placement_computed_destination_arithmetic_static.py","experiment","building-and-placement","unreviewed",""
"experiments\source\mods-drive\Architect_Mod\Code_History\CODE-0037-working\architect_toolkit\temp_zip_extract\architect_toolkit\tools\SemanticActionObserver\test_placement_frame_input_provenance_static.py","experiment","building-and-placement","unreviewed",""
"experiments\source\mods-drive\Architect_Mod\Code_History\CODE-0037-working\architect_toolkit\temp_zip_extract\architect_toolkit\tools\SemanticActionObserver\test_placement_helper_buffer_field_provenance_static.py","experiment","building-and-placement","unreviewed",""
"experiments\source\mods-drive\Architect_Mod\Code_History\CODE-0037-working\architect_toolkit\temp_zip_extract\architect_toolkit\tools\SemanticActionObserver\test_placement_helper_observer_site_qualification_static.py","experiment","building-and-placement","unreviewed",""
"experiments\source\mods-drive\Architect_Mod\Code_History\CODE-0037-working\architect_toolkit\temp_zip_extract\architect_toolkit\tools\SemanticActionObserver\test_snap_winner_preview_writeback_static.py","experiment","building-and-placement","unreviewed",""
"experiments\source\mods-drive\Architect_Mod\Code_History\CODE-0037-working\architect_toolkit\temp_zip_extract\architect_toolkit\tools\SemanticCaptureAnalyzer\scan_building_commit_transform_static.py","experiment","building-and-placement","unreviewed",""
"experiments\source\mods-drive\Architect_Mod\Code_History\CODE-0037-working\architect_toolkit\temp_zip_extract\architect_toolkit\tools\SemanticCaptureAnalyzer\scan_building_snap_static.py","experiment","building-and-placement","unreviewed",""
"experiments\source\mods-drive\Architect_Mod\Code_History\CODE-0037-working\architect_toolkit\temp_zip_extract\architect_toolkit\tools\SemanticCaptureAnalyzer\scan_snap_candidate_selection_static.py","experiment","building-and-placement","unreviewed",""
"experiments\source\mods-drive\Architect_Mod\Code_History\CODE-0037-working\architect_toolkit\temp_zip_extract\architect_toolkit\tools\StructureEditor\tests\__init__.py","experiment","building-and-placement","unreviewed",""
"experiments\source\mods-drive\Architect_Mod\Code_History\CODE-0037-working\architect_toolkit\temp_zip_extract\architect_toolkit\tools\StructureEditor\tests\test_editor.py","experiment","building-and-placement","unreviewed",""
"experiments\source\mods-drive\Architect_Mod\Code_History\CODE-0037-working\architect_toolkit\temp_zip_extract\architect_toolkit\tools\StructureRecorder\tests\test_recorder.py","experiment","building-and-placement","unreviewed",""
"experiments\source\mods-drive\Architect_Mod\Code_History\CODE-0037-working\architect_toolkit\temp_zip\architect_toolkit\temp_zip_extract\architect_toolkit\tools\SemanticActionObserver\scan_placement_helper_observer_site_qualification_static.py","experiment","building-and-placement","unreviewed",""
"experiments\source\mods-drive\Architect_Mod\Code_History\CODE-0037-working\architect_toolkit\temp_zip\architect_toolkit\temp_zip_extract\architect_toolkit\tools\SemanticActionObserver\test_blueprint_selection_authority_static.py","experiment","building-and-placement","unreviewed",""
"experiments\source\mods-drive\Architect_Mod\Code_History\CODE-0037-working\architect_toolkit\temp_zip\architect_toolkit\temp_zip_extract\architect_toolkit\tools\SemanticActionObserver\test_create_building_item_dispatch_static.py","experiment","building-and-placement","unreviewed",""
"experiments\source\mods-drive\Architect_Mod\Code_History\CODE-0037-working\architect_toolkit\temp_zip\architect_toolkit\temp_zip_extract\architect_toolkit\tools\SemanticActionObserver\test_placement_computed_destination_arithmetic_static.py","experiment","building-and-placement","unreviewed",""
"experiments\source\mods-drive\Architect_Mod\Code_History\CODE-0037-working\architect_toolkit\temp_zip\architect_toolkit\temp_zip_extract\architect_toolkit\tools\SemanticActionObserver\test_placement_frame_input_provenance_static.py","experiment","building-and-placement","unreviewed",""
"experiments\source\mods-drive\Architect_Mod\Code_History\CODE-0037-working\architect_toolkit\temp_zip\architect_toolkit\temp_zip_extract\architect_toolkit\tools\SemanticActionObserver\test_placement_helper_buffer_field_provenance_static.py","experiment","building-and-placement","unreviewed",""
"experiments\source\mods-drive\Architect_Mod\Code_History\CODE-0037-working\architect_toolkit\temp_zip\architect_toolkit\temp_zip_extract\architect_toolkit\tools\SemanticActionObserver\test_placement_helper_observer_site_qualification_static.py","experiment","building-and-placement","unreviewed",""
"experiments\source\mods-drive\Architect_Mod\Code_History\CODE-0037-working\architect_toolkit\temp_zip\architect_toolkit\temp_zip_extract\architect_toolkit\tools\SemanticActionObserver\test_snap_winner_preview_writeback_static.py","experiment","building-and-placement","unreviewed",""
"experiments\source\mods-drive\Architect_Mod\Code_History\CODE-0037-working\architect_toolkit\temp_zip\architect_toolkit\temp_zip_extract\architect_toolkit\tools\SemanticCaptureAnalyzer\scan_building_commit_transform_static.py","experiment","building-and-placement","unreviewed",""
"experiments\source\mods-drive\Architect_Mod\Code_History\CODE-0037-working\architect_toolkit\temp_zip\architect_toolkit\temp_zip_extract\architect_toolkit\tools\SemanticCaptureAnalyzer\scan_building_snap_static.py","experiment","building-and-placement","unreviewed",""
"experiments\source\mods-drive\Architect_Mod\Code_History\CODE-0037-working\architect_toolkit\temp_zip\architect_toolkit\temp_zip_extract\architect_toolkit\tools\SemanticCaptureAnalyzer\scan_snap_candidate_selection_static.py","experiment","building-and-placement","unreviewed",""
"experiments\source\mods-drive\Architect_Mod\Code_History\CODE-0037-working\architect_toolkit\temp_zip\architect_toolkit\temp_zip_extract\architect_toolkit\tools\StructureEditor\tests\__init__.py","experiment","building-and-placement","unreviewed",""
"experiments\source\mods-drive\Architect_Mod\Code_History\CODE-0037-working\architect_toolkit\temp_zip\architect_toolkit\temp_zip_extract\architect_toolkit\tools\StructureEditor\tests\test_editor.py","experiment","building-and-placement","unreviewed",""
"experiments\source\mods-drive\Architect_Mod\Code_History\CODE-0037-working\architect_toolkit\temp_zip\architect_toolkit\temp_zip_extract\architect_toolkit\tools\StructureRecorder\tests\test_recorder.py","experiment","building-and-placement","unreviewed",""
"experiments\source\mods-drive\Architect_Mod\Code_History\CODE-0037-working\architect_toolkit\temp_zip\architect_toolkit\tools\SemanticActionObserver\scan_placement_helper_observer_site_qualification_static.py","experiment","building-and-placement","unreviewed",""
"experiments\source\mods-drive\Architect_Mod\Code_History\CODE-0037-working\architect_toolkit\temp_zip\architect_toolkit\tools\SemanticActionObserver\test_blueprint_selection_authority_static.py","experiment","building-and-placement","unreviewed",""
"experiments\source\mods-drive\Architect_Mod\Code_History\CODE-0037-working\architect_toolkit\temp_zip\architect_toolkit\tools\SemanticActionObserver\test_create_building_item_dispatch_static.py","experiment","building-and-placement","unreviewed",""
"experiments\source\mods-drive\Architect_Mod\Code_History\CODE-0037-working\architect_toolkit\temp_zip\architect_toolkit\tools\SemanticActionObserver\test_placement_computed_destination_arithmetic_static.py","experiment","building-and-placement","unreviewed",""
"experiments\source\mods-drive\Architect_Mod\Code_History\CODE-0037-working\architect_toolkit\temp_zip\architect_toolkit\tools\SemanticActionObserver\test_placement_frame_input_provenance_static.py","experiment","building-and-placement","unreviewed",""
"experiments\source\mods-drive\Architect_Mod\Code_History\CODE-0037-working\architect_toolkit\temp_zip\architect_toolkit\tools\SemanticActionObserver\test_placement_helper_buffer_field_provenance_static.py","experiment","building-and-placement","unreviewed",""
"experiments\source\mods-drive\Architect_Mod\Code_History\CODE-0037-working\architect_toolkit\temp_zip\architect_toolkit\tools\SemanticActionObserver\test_placement_helper_observer_site_qualification_static.py","experiment","building-and-placement","unreviewed",""
"experiments\source\mods-drive\Architect_Mod\Code_History\CODE-0037-working\architect_toolkit\temp_zip\architect_toolkit\tools\SemanticActionObserver\test_snap_winner_preview_writeback_static.py","experiment","building-and-placement","unreviewed",""
"experiments\source\mods-drive\Architect_Mod\Code_History\CODE-0037-working\architect_toolkit\temp_zip\architect_toolkit\tools\SemanticCaptureAnalyzer\scan_building_commit_transform_static.py","experiment","building-and-placement","unreviewed",""
"experiments\source\mods-drive\Architect_Mod\Code_History\CODE-0037-working\architect_toolkit\temp_zip\architect_toolkit\tools\SemanticCaptureAnalyzer\scan_building_snap_static.py","experiment","building-and-placement","unreviewed",""
"experiments\source\mods-drive\Architect_Mod\Code_History\CODE-0037-working\architect_toolkit\temp_zip\architect_toolkit\tools\SemanticCaptureAnalyzer\scan_snap_candidate_selection_static.py","experiment","building-and-placement","unreviewed",""
"experiments\source\mods-drive\Architect_Mod\Code_History\CODE-0037-working\architect_toolkit\temp_zip\architect_toolkit\tools\StructureEditor\tests\__init__.py","experiment","building-and-placement","unreviewed",""
"experiments\source\mods-drive\Architect_Mod\Code_History\CODE-0037-working\architect_toolkit\temp_zip\architect_toolkit\tools\StructureEditor\tests\test_editor.py","experiment","building-and-placement","unreviewed",""
"experiments\source\mods-drive\Architect_Mod\Code_History\CODE-0037-working\architect_toolkit\temp_zip\architect_toolkit\tools\StructureRecorder\tests\test_recorder.py","experiment","building-and-placement","unreviewed",""
"experiments\source\mods-drive\Architect_Mod\Code_History\CODE-0037-working\architect_toolkit\tools\SemanticActionObserver\scan_placement_helper_observer_site_qualification_static.py","experiment","building-and-placement","unreviewed",""
"experiments\source\mods-drive\Architect_Mod\Code_History\CODE-0037-working\architect_toolkit\tools\SemanticActionObserver\test_blueprint_selection_authority_static.py","experiment","building-and-placement","unreviewed",""
"experiments\source\mods-drive\Architect_Mod\Code_History\CODE-0037-working\architect_toolkit\tools\SemanticActionObserver\test_create_building_item_dispatch_static.py","experiment","building-and-placement","unreviewed",""
"experiments\source\mods-drive\Architect_Mod\Code_History\CODE-0037-working\architect_toolkit\tools\SemanticActionObserver\test_placement_computed_destination_arithmetic_static.py","experiment","building-and-placement","unreviewed",""
"experiments\source\mods-drive\Architect_Mod\Code_History\CODE-0037-working\architect_toolkit\tools\SemanticActionObserver\test_placement_frame_input_provenance_static.py","experiment","building-and-placement","unreviewed",""
"experiments\source\mods-drive\Architect_Mod\Code_History\CODE-0037-working\architect_toolkit\tools\SemanticActionObserver\test_placement_helper_buffer_field_provenance_static.py","experiment","building-and-placement","unreviewed",""
"experiments\source\mods-drive\Architect_Mod\Code_History\CODE-0037-working\architect_toolkit\tools\SemanticActionObserver\test_placement_helper_observer_site_qualification_static.py","experiment","building-and-placement","unreviewed",""
"experiments\source\mods-drive\Architect_Mod\Code_History\CODE-0037-working\architect_toolkit\tools\SemanticActionObserver\test_snap_winner_preview_writeback_static.py","experiment","building-and-placement","unreviewed",""
"experiments\source\mods-drive\Architect_Mod\Code_History\CODE-0037-working\architect_toolkit\tools\SemanticCaptureAnalyzer\scan_building_commit_transform_static.py","experiment","building-and-placement","unreviewed",""
"experiments\source\mods-drive\Architect_Mod\Code_History\CODE-0037-working\architect_toolkit\tools\SemanticCaptureAnalyzer\scan_building_snap_static.py","experiment","building-and-placement","unreviewed",""
"experiments\source\mods-drive\Architect_Mod\Code_History\CODE-0037-working\architect_toolkit\tools\SemanticCaptureAnalyzer\scan_snap_candidate_selection_static.py","experiment","building-and-placement","unreviewed",""
"experiments\source\mods-drive\Architect_Mod\Code_History\CODE-0037-working\architect_toolkit\tools\StructureEditor\tests\__init__.py","experiment","building-and-placement","unreviewed",""
"experiments\source\mods-drive\Architect_Mod\Code_History\CODE-0037-working\architect_toolkit\tools\StructureEditor\tests\test_editor.py","experiment","building-and-placement","unreviewed",""
"experiments\source\mods-drive\Architect_Mod\Code_History\CODE-0037-working\architect_toolkit\tools\StructureRecorder\tests\test_recorder.py","experiment","building-and-placement","unreviewed",""
"experiments\source\mods-drive\Architect_Mod\Code_History\CODE-0044A\candidate\tools\SemanticActionObserver\scan_placement_helper_observer_site_qualification_static.py","experiment","building-and-placement","unreviewed",""
"experiments\source\mods-drive\Architect_Mod\Code_History\CODE-0044A\candidate\tools\SemanticActionObserver\test_blueprint_selection_authority_static.py","experiment","building-and-placement","unreviewed",""
"experiments\source\mods-drive\Architect_Mod\Code_History\CODE-0044A\candidate\tools\SemanticActionObserver\test_create_building_item_dispatch_static.py","experiment","building-and-placement","unreviewed",""
"experiments\source\mods-drive\Architect_Mod\Code_History\CODE-0044A\candidate\tools\SemanticActionObserver\test_placement_computed_destination_arithmetic_static.py","experiment","building-and-placement","unreviewed",""
"experiments\source\mods-drive\Architect_Mod\Code_History\CODE-0044A\candidate\tools\SemanticActionObserver\test_placement_frame_input_provenance_static.py","experiment","building-and-placement","unreviewed",""
"experiments\source\mods-drive\Architect_Mod\Code_History\CODE-0044A\candidate\tools\SemanticActionObserver\test_placement_helper_buffer_field_provenance_static.py","experiment","building-and-placement","unreviewed",""
"experiments\source\mods-drive\Architect_Mod\Code_History\CODE-0044A\candidate\tools\SemanticActionObserver\test_placement_helper_observer_site_qualification_static.py","experiment","building-and-placement","unreviewed",""
"experiments\source\mods-drive\Architect_Mod\Code_History\CODE-0044A\candidate\tools\SemanticActionObserver\test_snap_winner_preview_writeback_static.py","experiment","building-and-placement","unreviewed",""
"experiments\source\mods-drive\Architect_Mod\Code_History\CODE-0044A\candidate\tools\SemanticCaptureAnalyzer\scan_building_commit_transform_static.py","experiment","building-and-placement","unreviewed",""
"experiments\source\mods-drive\Architect_Mod\Code_History\CODE-0044A\candidate\tools\SemanticCaptureAnalyzer\scan_building_snap_static.py","experiment","building-and-placement","unreviewed",""
"experiments\source\mods-drive\Architect_Mod\Code_History\CODE-0044A\candidate\tools\SemanticCaptureAnalyzer\scan_snap_candidate_selection_static.py","experiment","building-and-placement","unreviewed",""
"experiments\source\mods-drive\Architect_Mod\Code_History\CODE-0044A\candidate\tools\StructureEditor\tests\__init__.py","experiment","building-and-placement","unreviewed",""
"experiments\source\mods-drive\Architect_Mod\Code_History\CODE-0044A\candidate\tools\StructureEditor\tests\test_editor.py","experiment","building-and-placement","unreviewed",""
"experiments\source\mods-drive\Architect_Mod\Code_History\CODE-0044A\candidate\tools\StructureRecorder\tests\test_recorder.py","experiment","building-and-placement","unreviewed",""
"experiments\source\mods-drive\Control_Center\tests\test_capability_snapshot.py","experiment","building-and-placement","unreviewed",""
"experiments\source\mods-drive\Control_Center\tests\test_fb_ui_structure.py","experiment","building-and-placement","unreviewed",""
"experiments\source\mods-drive\Control_Center\tests\test_verify_capability_snapshot.py","experiment","building-and-placement","unreviewed",""
"experiments\source\mods-drive\Control_Center\tools\build_blueprint_registry_payload_probe.py","experiment","building-and-placement","unreviewed",""
"implementations\source\mods-drive\Incoming\2026-09-17\INC-0010\Enshrouded Building Companion Water Update WIP V2.CT","implementation","building-and-placement","unreviewed",""
"implementations\source\mods-drive\Incoming\2026-09-19\INC-0056\Enshrouded Building Companion Water Update WIP V2 (1).CT","implementation","building-and-placement","unreviewed",""
"implementations\source\mods-drive\Incoming\2026-09-20\INC-0060\Enshrouded Building Companion Water Update WIP V2.CT","implementation","building-and-placement","unreviewed",""
"implementations\source\mods-drive\Incoming\2026-09-20\INC-0061\Enshrouded Building Companion Water Update WIP V2.CT","implementation","building-and-placement","unreviewed",""
"research\source\mods-drive\Architect_Mod\Code_History\CODE-0037-working\architect_toolkit\docs\research\BlueprintGhostProductPath-PreviewRunbook-v1.md","research","building-and-placement","unreviewed",""
"research\source\mods-drive\Architect_Mod\Code_History\CODE-0037-working\architect_toolkit\docs\research\BlueprintGhostProductPath-Staging-v1.md","research","building-and-placement","unreviewed",""
"research\source\mods-drive\Architect_Mod\Code_History\CODE-0037-working\architect_toolkit\docs\research\BlueprintSelectionAuthority-StaticMap-v1.md","research","building-and-placement","unreviewed",""
"research\source\mods-drive\Architect_Mod\Code_History\CODE-0037-working\architect_toolkit\docs\research\BuildingCommitTransform-StaticMap-v1.md","research","building-and-placement","unreviewed",""
"research\source\mods-drive\Architect_Mod\Code_History\CODE-0037-working\architect_toolkit\docs\research\BuildingIdentityAuthority-StaticMap-v1.md","research","building-and-placement","unreviewed",""
"research\source\mods-drive\Architect_Mod\Code_History\CODE-0037-working\architect_toolkit\docs\research\BuildingKfcIngestion-1076226.md","research","building-and-placement","unreviewed",""
"research\source\mods-drive\Architect_Mod\Code_History\CODE-0037-working\architect_toolkit\docs\research\BuildingSnap-StaticMap-v1.md","research","building-and-placement","unreviewed",""
"research\source\mods-drive\Architect_Mod\Code_History\CODE-0037-working\architect_toolkit\docs\research\CreateBuildingItem-StaticMap-v1.md","research","building-and-placement","unreviewed",""
"research\source\mods-drive\Architect_Mod\Code_History\CODE-0037-working\architect_toolkit\docs\research\CreateBuildingItemDispatch-StaticMap-v1.md","research","building-and-placement","unreviewed",""
"research\source\mods-drive\Architect_Mod\Code_History\CODE-0037-working\architect_toolkit\docs\research\ObserverTrampolineDiagnosticInfrastructure-v1.md","research","building-and-placement","unreviewed",""
"research\source\mods-drive\Architect_Mod\Code_History\CODE-0037-working\architect_toolkit\docs\research\PlacementBlueprintAuthority-StaticMap-v1.md","research","building-and-placement","unreviewed",""
"research\source\mods-drive\Architect_Mod\Code_History\CODE-0037-working\architect_toolkit\docs\research\PlacementComputedDestinationArithmetic-StaticMap-v1.md","research","building-and-placement","unreviewed",""
"research\source\mods-drive\Architect_Mod\Code_History\CODE-0037-working\architect_toolkit\docs\research\PlacementFrameInputProvenance-StaticMap-v1.md","research","building-and-placement","unreviewed",""
"research\source\mods-drive\Architect_Mod\Code_History\CODE-0037-working\architect_toolkit\docs\research\PlacementHelperBufferFieldProvenance-StaticMap-v1.md","research","building-and-placement","unreviewed",""
"research\source\mods-drive\Architect_Mod\Code_History\CODE-0037-working\architect_toolkit\docs\research\PlacementHelperObserverSiteQualification-StaticMap-v1.md","research","building-and-placement","unreviewed",""
"research\source\mods-drive\Architect_Mod\Code_History\CODE-0037-working\architect_toolkit\docs\research\PlacementHelperObserverSiteRequalification-CODE-0005A-v1.md","research","building-and-placement","unreviewed",""
"research\source\mods-drive\Architect_Mod\Code_History\CODE-0037-working\architect_toolkit\docs\research\PlacementHelperObserverSiteRequalification-CODE-0005B-v1.md","research","building-and-placement","unreviewed",""
"research\source\mods-drive\Architect_Mod\Code_History\CODE-0037-working\architect_toolkit\docs\research\RuntimeBlueprintAuthority-StaticMap-v1.md","research","building-and-placement","unreviewed",""
"research\source\mods-drive\Architect_Mod\Code_History\CODE-0037-working\architect_toolkit\docs\research\SinglePlacementCarrier-Audit-v1.md","research","building-and-placement","unreviewed",""
"research\source\mods-drive\Architect_Mod\Code_History\CODE-0037-working\architect_toolkit\docs\research\SinglePlacementCarrier-v1.md","research","building-and-placement","unreviewed",""
"research\source\mods-drive\Architect_Mod\Code_History\CODE-0037-working\architect_toolkit\docs\research\SnapCandidateSelection-StaticMap-v1.md","research","building-and-placement","unreviewed",""
"research\source\mods-drive\Architect_Mod\Code_History\CODE-0037-working\architect_toolkit\docs\research\SnapWinnerPreviewWriteback-StaticMap-v1.md","research","building-and-placement","unreviewed",""
"research\source\mods-drive\Architect_Mod\Code_History\CODE-0037-working\architect_toolkit\docs\research\StructureCoordinates-1076226.md","research","building-and-placement","unreviewed",""
"research\source\mods-drive\Architect_Mod\Code_History\CODE-0037-working\architect_toolkit\temp_verify\architect_toolkit\temp_inspect\architect_toolkit\temp_zip_extract\architect_toolkit\docs\research\BlueprintGhostProductPath-PreviewRunbook-v1.md","research","building-and-placement","unreviewed",""
"research\source\mods-drive\Architect_Mod\Code_History\CODE-0037-working\architect_toolkit\temp_verify\architect_toolkit\temp_inspect\architect_toolkit\temp_zip_extract\architect_toolkit\docs\research\BlueprintGhostProductPath-Staging-v1.md","research","building-and-placement","unreviewed",""
"research\source\mods-drive\Architect_Mod\Code_History\CODE-0037-working\architect_toolkit\temp_verify\architect_toolkit\temp_inspect\architect_toolkit\temp_zip_extract\architect_toolkit\docs\research\BlueprintSelectionAuthority-StaticMap-v1.md","research","building-and-placement","unreviewed",""
"research\source\mods-drive\Architect_Mod\Code_History\CODE-0037-working\architect_toolkit\temp_verify\architect_toolkit\temp_inspect\architect_toolkit\temp_zip_extract\architect_toolkit\docs\research\BuildingCommitTransform-StaticMap-v1.md","research","building-and-placement","unreviewed",""
"research\source\mods-drive\Architect_Mod\Code_History\CODE-0037-working\architect_toolkit\temp_verify\architect_toolkit\temp_inspect\architect_toolkit\temp_zip_extract\architect_toolkit\docs\research\BuildingIdentityAuthority-StaticMap-v1.md","research","building-and-placement","unreviewed",""
"research\source\mods-drive\Architect_Mod\Code_History\CODE-0037-working\architect_toolkit\temp_verify\architect_toolkit\temp_inspect\architect_toolkit\temp_zip_extract\architect_toolkit\docs\research\BuildingKfcIngestion-1076226.md","research","building-and-placement","unreviewed",""
"research\source\mods-drive\Architect_Mod\Code_History\CODE-0037-working\architect_toolkit\temp_verify\architect_toolkit\temp_inspect\architect_toolkit\temp_zip_extract\architect_toolkit\docs\research\BuildingSnap-StaticMap-v1.md","research","building-and-placement","unreviewed",""
"research\source\mods-drive\Architect_Mod\Code_History\CODE-0037-working\architect_toolkit\temp_verify\architect_toolkit\temp_inspect\architect_toolkit\temp_zip_extract\architect_toolkit\docs\research\CreateBuildingItem-StaticMap-v1.md","research","building-and-placement","unreviewed",""
"research\source\mods-drive\Architect_Mod\Code_History\CODE-0037-working\architect_toolkit\temp_verify\architect_toolkit\temp_inspect\architect_toolkit\temp_zip_extract\architect_toolkit\docs\research\CreateBuildingItemDispatch-StaticMap-v1.md","research","building-and-placement","unreviewed",""
"research\source\mods-drive\Architect_Mod\Code_History\CODE-0037-working\architect_toolkit\temp_verify\architect_toolkit\temp_inspect\architect_toolkit\temp_zip_extract\architect_toolkit\docs\research\ObserverTrampolineDiagnosticInfrastructure-v1.md","research","building-and-placement","unreviewed",""
"research\source\mods-drive\Architect_Mod\Code_History\CODE-0037-working\architect_toolkit\temp_verify\architect_toolkit\temp_inspect\architect_toolkit\temp_zip_extract\architect_toolkit\docs\research\PlacementBlueprintAuthority-StaticMap-v1.md","research","building-and-placement","unreviewed",""
"research\source\mods-drive\Architect_Mod\Code_History\CODE-0037-working\architect_toolkit\temp_verify\architect_toolkit\temp_inspect\architect_toolkit\temp_zip_extract\architect_toolkit\docs\research\PlacementComputedDestinationArithmetic-StaticMap-v1.md","research","building-and-placement","unreviewed",""
"research\source\mods-drive\Architect_Mod\Code_History\CODE-0037-working\architect_toolkit\temp_verify\architect_toolkit\temp_inspect\architect_toolkit\temp_zip_extract\architect_toolkit\docs\research\PlacementFrameInputProvenance-StaticMap-v1.md","research","building-and-placement","unreviewed",""
"research\source\mods-drive\Architect_Mod\Code_History\CODE-0037-working\architect_toolkit\temp_verify\architect_toolkit\temp_inspect\architect_toolkit\temp_zip_extract\architect_toolkit\docs\research\PlacementHelperBufferFieldProvenance-StaticMap-v1.md","research","building-and-placement","unreviewed",""
"research\source\mods-drive\Architect_Mod\Code_History\CODE-0037-working\architect_toolkit\temp_verify\architect_toolkit\temp_inspect\architect_toolkit\temp_zip_extract\architect_toolkit\docs\research\PlacementHelperObserverSiteQualification-StaticMap-v1.md","research","building-and-placement","unreviewed",""
"research\source\mods-drive\Architect_Mod\Code_History\CODE-0037-working\architect_toolkit\temp_verify\architect_toolkit\temp_inspect\architect_toolkit\temp_zip_extract\architect_toolkit\docs\research\PlacementHelperObserverSiteRequalification-CODE-0005A-v1.md","research","building-and-placement","unreviewed",""
"research\source\mods-drive\Architect_Mod\Code_History\CODE-0037-working\architect_toolkit\temp_verify\architect_toolkit\temp_inspect\architect_toolkit\temp_zip_extract\architect_toolkit\docs\research\PlacementHelperObserverSiteRequalification-CODE-0005B-v1.md","research","building-and-placement","unreviewed",""
"research\source\mods-drive\Architect_Mod\Code_History\CODE-0037-working\architect_toolkit\temp_verify\architect_toolkit\temp_inspect\architect_toolkit\temp_zip_extract\architect_toolkit\docs\research\RuntimeBlueprintAuthority-StaticMap-v1.md","research","building-and-placement","unreviewed",""
"research\source\mods-drive\Architect_Mod\Code_History\CODE-0037-working\architect_toolkit\temp_verify\architect_toolkit\temp_inspect\architect_toolkit\temp_zip_extract\architect_toolkit\docs\research\SinglePlacementCarrier-Audit-v1.md","research","building-and-placement","unreviewed",""
"research\source\mods-drive\Architect_Mod\Code_History\CODE-0037-working\architect_toolkit\temp_verify\architect_toolkit\temp_inspect\architect_toolkit\temp_zip_extract\architect_toolkit\docs\research\SinglePlacementCarrier-v1.md","research","building-and-placement","unreviewed",""
"research\source\mods-drive\Architect_Mod\Code_History\CODE-0037-working\architect_toolkit\temp_verify\architect_toolkit\temp_inspect\architect_toolkit\temp_zip_extract\architect_toolkit\docs\research\SnapCandidateSelection-StaticMap-v1.md","research","building-and-placement","unreviewed",""
"research\source\mods-drive\Architect_Mod\Code_History\CODE-0037-working\architect_toolkit\temp_verify\architect_toolkit\temp_inspect\architect_toolkit\temp_zip_extract\architect_toolkit\docs\research\SnapWinnerPreviewWriteback-StaticMap-v1.md","research","building-and-placement","unreviewed",""
"research\source\mods-drive\Architect_Mod\Code_History\CODE-0037-working\architect_toolkit\temp_verify\architect_toolkit\temp_inspect\architect_toolkit\temp_zip_extract\architect_toolkit\docs\research\StructureCoordinates-1076226.md","research","building-and-placement","unreviewed",""
"research\source\mods-drive\Architect_Mod\Code_History\CODE-0037-working\architect_toolkit\temp_zip_extract\architect_toolkit\docs\research\BlueprintGhostProductPath-PreviewRunbook-v1.md","research","building-and-placement","unreviewed",""
"research\source\mods-drive\Architect_Mod\Code_History\CODE-0037-working\architect_toolkit\temp_zip_extract\architect_toolkit\docs\research\BlueprintGhostProductPath-Staging-v1.md","research","building-and-placement","unreviewed",""
"research\source\mods-drive\Architect_Mod\Code_History\CODE-0037-working\architect_toolkit\temp_zip_extract\architect_toolkit\docs\research\BlueprintSelectionAuthority-StaticMap-v1.md","research","building-and-placement","unreviewed",""
"research\source\mods-drive\Architect_Mod\Code_History\CODE-0037-working\architect_toolkit\temp_zip_extract\architect_toolkit\docs\research\BuildingCommitTransform-StaticMap-v1.md","research","building-and-placement","unreviewed",""
"research\source\mods-drive\Architect_Mod\Code_History\CODE-0037-working\architect_toolkit\temp_zip_extract\architect_toolkit\docs\research\BuildingIdentityAuthority-StaticMap-v1.md","research","building-and-placement","unreviewed",""
"research\source\mods-drive\Architect_Mod\Code_History\CODE-0037-working\architect_toolkit\temp_zip_extract\architect_toolkit\docs\research\BuildingKfcIngestion-1076226.md","research","building-and-placement","unreviewed",""
"research\source\mods-drive\Architect_Mod\Code_History\CODE-0037-working\architect_toolkit\temp_zip_extract\architect_toolkit\docs\research\BuildingSnap-StaticMap-v1.md","research","building-and-placement","unreviewed",""
"research\source\mods-drive\Architect_Mod\Code_History\CODE-0037-working\architect_toolkit\temp_zip_extract\architect_toolkit\docs\research\CreateBuildingItem-StaticMap-v1.md","research","building-and-placement","unreviewed",""
"research\source\mods-drive\Architect_Mod\Code_History\CODE-0037-working\architect_toolkit\temp_zip_extract\architect_toolkit\docs\research\CreateBuildingItemDispatch-StaticMap-v1.md","research","building-and-placement","unreviewed",""
"research\source\mods-drive\Architect_Mod\Code_History\CODE-0037-working\architect_toolkit\temp_zip_extract\architect_toolkit\docs\research\ObserverTrampolineDiagnosticInfrastructure-v1.md","research","building-and-placement","unreviewed",""
"research\source\mods-drive\Architect_Mod\Code_History\CODE-0037-working\architect_toolkit\temp_zip_extract\architect_toolkit\docs\research\PlacementBlueprintAuthority-StaticMap-v1.md","research","building-and-placement","unreviewed",""
"research\source\mods-drive\Architect_Mod\Code_History\CODE-0037-working\architect_toolkit\temp_zip_extract\architect_toolkit\docs\research\PlacementComputedDestinationArithmetic-StaticMap-v1.md","research","building-and-placement","unreviewed",""
"research\source\mods-drive\Architect_Mod\Code_History\CODE-0037-working\architect_toolkit\temp_zip_extract\architect_toolkit\docs\research\PlacementFrameInputProvenance-StaticMap-v1.md","research","building-and-placement","unreviewed",""
"research\source\mods-drive\Architect_Mod\Code_History\CODE-0037-working\architect_toolkit\temp_zip_extract\architect_toolkit\docs\research\PlacementHelperBufferFieldProvenance-StaticMap-v1.md","research","building-and-placement","unreviewed",""
"research\source\mods-drive\Architect_Mod\Code_History\CODE-0037-working\architect_toolkit\temp_zip_extract\architect_toolkit\docs\research\PlacementHelperObserverSiteQualification-StaticMap-v1.md","research","building-and-placement","unreviewed",""
"research\source\mods-drive\Architect_Mod\Code_History\CODE-0037-working\architect_toolkit\temp_zip_extract\architect_toolkit\docs\research\PlacementHelperObserverSiteRequalification-CODE-0005A-v1.md","research","building-and-placement","unreviewed",""
"research\source\mods-drive\Architect_Mod\Code_History\CODE-0037-working\architect_toolkit\temp_zip_extract\architect_toolkit\docs\research\PlacementHelperObserverSiteRequalification-CODE-0005B-v1.md","research","building-and-placement","unreviewed",""
"research\source\mods-drive\Architect_Mod\Code_History\CODE-0037-working\architect_toolkit\temp_zip_extract\architect_toolkit\docs\research\RuntimeBlueprintAuthority-StaticMap-v1.md","research","building-and-placement","unreviewed",""
"research\source\mods-drive\Architect_Mod\Code_History\CODE-0037-working\architect_toolkit\temp_zip_extract\architect_toolkit\docs\research\SinglePlacementCarrier-Audit-v1.md","research","building-and-placement","unreviewed",""
"research\source\mods-drive\Architect_Mod\Code_History\CODE-0037-working\architect_toolkit\temp_zip_extract\architect_toolkit\docs\research\SinglePlacementCarrier-v1.md","research","building-and-placement","unreviewed",""
"research\source\mods-drive\Architect_Mod\Code_History\CODE-0037-working\architect_toolkit\temp_zip_extract\architect_toolkit\docs\research\SnapCandidateSelection-StaticMap-v1.md","research","building-and-placement","unreviewed",""
"research\source\mods-drive\Architect_Mod\Code_History\CODE-0037-working\architect_toolkit\temp_zip_extract\architect_toolkit\docs\research\SnapWinnerPreviewWriteback-StaticMap-v1.md","research","building-and-placement","unreviewed",""
"research\source\mods-drive\Architect_Mod\Code_History\CODE-0037-working\architect_toolkit\temp_zip_extract\architect_toolkit\docs\research\StructureCoordinates-1076226.md","research","building-and-placement","unreviewed",""
"research\source\mods-drive\Architect_Mod\Code_History\CODE-0037-working\architect_toolkit\temp_zip\architect_toolkit\docs\research\BlueprintGhostProductPath-PreviewRunbook-v1.md","research","building-and-placement","unreviewed",""
"research\source\mods-drive\Architect_Mod\Code_History\CODE-0037-working\architect_toolkit\temp_zip\architect_toolkit\docs\research\BlueprintGhostProductPath-Staging-v1.md","research","building-and-placement","unreviewed",""
"research\source\mods-drive\Architect_Mod\Code_History\CODE-0037-working\architect_toolkit\temp_zip\architect_toolkit\docs\research\BlueprintSelectionAuthority-StaticMap-v1.md","research","building-and-placement","unreviewed",""
"research\source\mods-drive\Architect_Mod\Code_History\CODE-0037-working\architect_toolkit\temp_zip\architect_toolkit\docs\research\BuildingCommitTransform-StaticMap-v1.md","research","building-and-placement","unreviewed",""
"research\source\mods-drive\Architect_Mod\Code_History\CODE-0037-working\architect_toolkit\temp_zip\architect_toolkit\docs\research\BuildingIdentityAuthority-StaticMap-v1.md","research","building-and-placement","unreviewed",""
"research\source\mods-drive\Architect_Mod\Code_History\CODE-0037-working\architect_toolkit\temp_zip\architect_toolkit\docs\research\BuildingKfcIngestion-1076226.md","research","building-and-placement","unreviewed",""
"research\source\mods-drive\Architect_Mod\Code_History\CODE-0037-working\architect_toolkit\temp_zip\architect_toolkit\docs\research\BuildingSnap-StaticMap-v1.md","research","building-and-placement","unreviewed",""
"research\source\mods-drive\Architect_Mod\Code_History\CODE-0037-working\architect_toolkit\temp_zip\architect_toolkit\docs\research\CreateBuildingItem-StaticMap-v1.md","research","building-and-placement","unreviewed",""
"research\source\mods-drive\Architect_Mod\Code_History\CODE-0037-working\architect_toolkit\temp_zip\architect_toolkit\docs\research\CreateBuildingItemDispatch-StaticMap-v1.md","research","building-and-placement","unreviewed",""
"research\source\mods-drive\Architect_Mod\Code_History\CODE-0037-working\architect_toolkit\temp_zip\architect_toolkit\docs\research\ObserverTrampolineDiagnosticInfrastructure-v1.md","research","building-and-placement","unreviewed",""
"research\source\mods-drive\Architect_Mod\Code_History\CODE-0037-working\architect_toolkit\temp_zip\architect_toolkit\docs\research\PlacementBlueprintAuthority-StaticMap-v1.md","research","building-and-placement","unreviewed",""
"research\source\mods-drive\Architect_Mod\Code_History\CODE-0037-working\architect_toolkit\temp_zip\architect_toolkit\docs\research\PlacementComputedDestinationArithmetic-StaticMap-v1.md","research","building-and-placement","unreviewed",""
"research\source\mods-drive\Architect_Mod\Code_History\CODE-0037-working\architect_toolkit\temp_zip\architect_toolkit\docs\research\PlacementFrameInputProvenance-StaticMap-v1.md","research","building-and-placement","unreviewed",""
"research\source\mods-drive\Architect_Mod\Code_History\CODE-0037-working\architect_toolkit\temp_zip\architect_toolkit\docs\research\PlacementHelperBufferFieldProvenance-StaticMap-v1.md","research","building-and-placement","unreviewed",""
"research\source\mods-drive\Architect_Mod\Code_History\CODE-0037-working\architect_toolkit\temp_zip\architect_toolkit\docs\research\PlacementHelperObserverSiteQualification-StaticMap-v1.md","research","building-and-placement","unreviewed",""
"research\source\mods-drive\Architect_Mod\Code_History\CODE-0037-working\architect_toolkit\temp_zip\architect_toolkit\docs\research\PlacementHelperObserverSiteRequalification-CODE-0005A-v1.md","research","building-and-placement","unreviewed",""
"research\source\mods-drive\Architect_Mod\Code_History\CODE-0037-working\architect_toolkit\temp_zip\architect_toolkit\docs\research\PlacementHelperObserverSiteRequalification-CODE-0005B-v1.md","research","building-and-placement","unreviewed",""
"research\source\mods-drive\Architect_Mod\Code_History\CODE-0037-working\architect_toolkit\temp_zip\architect_toolkit\docs\research\RuntimeBlueprintAuthority-StaticMap-v1.md","research","building-and-placement","unreviewed",""
"research\source\mods-drive\Architect_Mod\Code_History\CODE-0037-working\architect_toolkit\temp_zip\architect_toolkit\docs\research\SinglePlacementCarrier-Audit-v1.md","research","building-and-placement","unreviewed",""
"research\source\mods-drive\Architect_Mod\Code_History\CODE-0037-working\architect_toolkit\temp_zip\architect_toolkit\docs\research\SinglePlacementCarrier-v1.md","research","building-and-placement","unreviewed",""
"research\source\mods-drive\Architect_Mod\Code_History\CODE-0037-working\architect_toolkit\temp_zip\architect_toolkit\docs\research\SnapCandidateSelection-StaticMap-v1.md","research","building-and-placement","unreviewed",""
"research\source\mods-drive\Architect_Mod\Code_History\CODE-0037-working\architect_toolkit\temp_zip\architect_toolkit\docs\research\SnapWinnerPreviewWriteback-StaticMap-v1.md","research","building-and-placement","unreviewed",""
"research\source\mods-drive\Architect_Mod\Code_History\CODE-0037-working\architect_toolkit\temp_zip\architect_toolkit\docs\research\StructureCoordinates-1076226.md","research","building-and-placement","unreviewed",""
"research\source\mods-drive\Architect_Mod\Code_History\CODE-0037-working\architect_toolkit\temp_zip\architect_toolkit\temp_zip_extract\architect_toolkit\docs\research\BlueprintGhostProductPath-PreviewRunbook-v1.md","research","building-and-placement","unreviewed",""
"research\source\mods-drive\Architect_Mod\Code_History\CODE-0037-working\architect_toolkit\temp_zip\architect_toolkit\temp_zip_extract\architect_toolkit\docs\research\BlueprintGhostProductPath-Staging-v1.md","research","building-and-placement","unreviewed",""
"research\source\mods-drive\Architect_Mod\Code_History\CODE-0037-working\architect_toolkit\temp_zip\architect_toolkit\temp_zip_extract\architect_toolkit\docs\research\BlueprintSelectionAuthority-StaticMap-v1.md","research","building-and-placement","unreviewed",""
"research\source\mods-drive\Architect_Mod\Code_History\CODE-0037-working\architect_toolkit\temp_zip\architect_toolkit\temp_zip_extract\architect_toolkit\docs\research\BuildingCommitTransform-StaticMap-v1.md","research","building-and-placement","unreviewed",""
"research\source\mods-drive\Architect_Mod\Code_History\CODE-0037-working\architect_toolkit\temp_zip\architect_toolkit\temp_zip_extract\architect_toolkit\docs\research\BuildingIdentityAuthority-StaticMap-v1.md","research","building-and-placement","unreviewed",""
"research\source\mods-drive\Architect_Mod\Code_History\CODE-0037-working\architect_toolkit\temp_zip\architect_toolkit\temp_zip_extract\architect_toolkit\docs\research\BuildingKfcIngestion-1076226.md","research","building-and-placement","unreviewed",""
"research\source\mods-drive\Architect_Mod\Code_History\CODE-0037-working\architect_toolkit\temp_zip\architect_toolkit\temp_zip_extract\architect_toolkit\docs\research\BuildingSnap-StaticMap-v1.md","research","building-and-placement","unreviewed",""
"research\source\mods-drive\Architect_Mod\Code_History\CODE-0037-working\architect_toolkit\temp_zip\architect_toolkit\temp_zip_extract\architect_toolkit\docs\research\CreateBuildingItem-StaticMap-v1.md","research","building-and-placement","unreviewed",""
"research\source\mods-drive\Architect_Mod\Code_History\CODE-0037-working\architect_toolkit\temp_zip\architect_toolkit\temp_zip_extract\architect_toolkit\docs\research\CreateBuildingItemDispatch-StaticMap-v1.md","research","building-and-placement","unreviewed",""
"research\source\mods-drive\Architect_Mod\Code_History\CODE-0037-working\architect_toolkit\temp_zip\architect_toolkit\temp_zip_extract\architect_toolkit\docs\research\ObserverTrampolineDiagnosticInfrastructure-v1.md","research","building-and-placement","unreviewed",""
"research\source\mods-drive\Architect_Mod\Code_History\CODE-0037-working\architect_toolkit\temp_zip\architect_toolkit\temp_zip_extract\architect_toolkit\docs\research\PlacementBlueprintAuthority-StaticMap-v1.md","research","building-and-placement","unreviewed",""
"research\source\mods-drive\Architect_Mod\Code_History\CODE-0037-working\architect_toolkit\temp_zip\architect_toolkit\temp_zip_extract\architect_toolkit\docs\research\PlacementComputedDestinationArithmetic-StaticMap-v1.md","research","building-and-placement","unreviewed",""
"research\source\mods-drive\Architect_Mod\Code_History\CODE-0037-working\architect_toolkit\temp_zip\architect_toolkit\temp_zip_extract\architect_toolkit\docs\research\PlacementFrameInputProvenance-StaticMap-v1.md","research","building-and-placement","unreviewed",""
"research\source\mods-drive\Architect_Mod\Code_History\CODE-0037-working\architect_toolkit\temp_zip\architect_toolkit\temp_zip_extract\architect_toolkit\docs\research\PlacementHelperBufferFieldProvenance-StaticMap-v1.md","research","building-and-placement","unreviewed",""
"research\source\mods-drive\Architect_Mod\Code_History\CODE-0037-working\architect_toolkit\temp_zip\architect_toolkit\temp_zip_extract\architect_toolkit\docs\research\PlacementHelperObserverSiteQualification-StaticMap-v1.md","research","building-and-placement","unreviewed",""
"research\source\mods-drive\Architect_Mod\Code_History\CODE-0037-working\architect_toolkit\temp_zip\architect_toolkit\temp_zip_extract\architect_toolkit\docs\research\PlacementHelperObserverSiteRequalification-CODE-0005A-v1.md","research","building-and-placement","unreviewed",""
"research\source\mods-drive\Architect_Mod\Code_History\CODE-0037-working\architect_toolkit\temp_zip\architect_toolkit\temp_zip_extract\architect_toolkit\docs\research\PlacementHelperObserverSiteRequalification-CODE-0005B-v1.md","research","building-and-placement","unreviewed",""
"research\source\mods-drive\Architect_Mod\Code_History\CODE-0037-working\architect_toolkit\temp_zip\architect_toolkit\temp_zip_extract\architect_toolkit\docs\research\RuntimeBlueprintAuthority-StaticMap-v1.md","research","building-and-placement","unreviewed",""
"research\source\mods-drive\Architect_Mod\Code_History\CODE-0037-working\architect_toolkit\temp_zip\architect_toolkit\temp_zip_extract\architect_toolkit\docs\research\SinglePlacementCarrier-Audit-v1.md","research","building-and-placement","unreviewed",""
"research\source\mods-drive\Architect_Mod\Code_History\CODE-0037-working\architect_toolkit\temp_zip\architect_toolkit\temp_zip_extract\architect_toolkit\docs\research\SinglePlacementCarrier-v1.md","research","building-and-placement","unreviewed",""
"research\source\mods-drive\Architect_Mod\Code_History\CODE-0037-working\architect_toolkit\temp_zip\architect_toolkit\temp_zip_extract\architect_toolkit\docs\research\SnapCandidateSelection-StaticMap-v1.md","research","building-and-placement","unreviewed",""
"research\source\mods-drive\Architect_Mod\Code_History\CODE-0037-working\architect_toolkit\temp_zip\architect_toolkit\temp_zip_extract\architect_toolkit\docs\research\SnapWinnerPreviewWriteback-StaticMap-v1.md","research","building-and-placement","unreviewed",""
"research\source\mods-drive\Architect_Mod\Code_History\CODE-0037-working\architect_toolkit\temp_zip\architect_toolkit\temp_zip_extract\architect_toolkit\docs\research\StructureCoordinates-1076226.md","research","building-and-placement","unreviewed",""
"research\source\mods-drive\Architect_Mod\Code_History\CODE-0044A\candidate\docs\research\BlueprintGhostProductPath-PreviewRunbook-v1.md","research","building-and-placement","unreviewed",""
"research\source\mods-drive\Architect_Mod\Code_History\CODE-0044A\candidate\docs\research\BlueprintGhostProductPath-Staging-v1.md","research","building-and-placement","unreviewed",""
"research\source\mods-drive\Architect_Mod\Code_History\CODE-0044A\candidate\docs\research\BlueprintSelectionAuthority-StaticMap-v1.md","research","building-and-placement","unreviewed",""
"research\source\mods-drive\Architect_Mod\Code_History\CODE-0044A\candidate\docs\research\BuildingCommitTransform-StaticMap-v1.md","research","building-and-placement","unreviewed",""
"research\source\mods-drive\Architect_Mod\Code_History\CODE-0044A\candidate\docs\research\BuildingIdentityAuthority-StaticMap-v1.md","research","building-and-placement","unreviewed",""
"research\source\mods-drive\Architect_Mod\Code_History\CODE-0044A\candidate\docs\research\BuildingKfcIngestion-1076226.md","research","building-and-placement","unreviewed",""
"research\source\mods-drive\Architect_Mod\Code_History\CODE-0044A\candidate\docs\research\BuildingSnap-StaticMap-v1.md","research","building-and-placement","unreviewed",""
"research\source\mods-drive\Architect_Mod\Code_History\CODE-0044A\candidate\docs\research\CreateBuildingItem-StaticMap-v1.md","research","building-and-placement","unreviewed",""
"research\source\mods-drive\Architect_Mod\Code_History\CODE-0044A\candidate\docs\research\CreateBuildingItemDispatch-StaticMap-v1.md","research","building-and-placement","unreviewed",""
"research\source\mods-drive\Architect_Mod\Code_History\CODE-0044A\candidate\docs\research\ObserverTrampolineDiagnosticInfrastructure-v1.md","research","building-and-placement","unreviewed",""
"research\source\mods-drive\Architect_Mod\Code_History\CODE-0044A\candidate\docs\research\PlacementBlueprintAuthority-StaticMap-v1.md","research","building-and-placement","unreviewed",""
"research\source\mods-drive\Architect_Mod\Code_History\CODE-0044A\candidate\docs\research\PlacementComputedDestinationArithmetic-StaticMap-v1.md","research","building-and-placement","unreviewed",""
"research\source\mods-drive\Architect_Mod\Code_History\CODE-0044A\candidate\docs\research\PlacementFrameInputProvenance-StaticMap-v1.md","research","building-and-placement","unreviewed",""
"research\source\mods-drive\Architect_Mod\Code_History\CODE-0044A\candidate\docs\research\PlacementHelperBufferFieldProvenance-StaticMap-v1.md","research","building-and-placement","unreviewed",""
"research\source\mods-drive\Architect_Mod\Code_History\CODE-0044A\candidate\docs\research\PlacementHelperObserverSiteQualification-StaticMap-v1.md","research","building-and-placement","unreviewed",""
"research\source\mods-drive\Architect_Mod\Code_History\CODE-0044A\candidate\docs\research\PlacementHelperObserverSiteRequalification-CODE-0005A-v1.md","research","building-and-placement","unreviewed",""
"research\source\mods-drive\Architect_Mod\Code_History\CODE-0044A\candidate\docs\research\PlacementHelperObserverSiteRequalification-CODE-0005B-v1.md","research","building-and-placement","unreviewed",""
"research\source\mods-drive\Architect_Mod\Code_History\CODE-0044A\candidate\docs\research\RuntimeBlueprintAuthority-StaticMap-v1.md","research","building-and-placement","unreviewed",""
"research\source\mods-drive\Architect_Mod\Code_History\CODE-0044A\candidate\docs\research\SinglePlacementCarrier-Audit-v1.md","research","building-and-placement","unreviewed",""
"research\source\mods-drive\Architect_Mod\Code_History\CODE-0044A\candidate\docs\research\SinglePlacementCarrier-v1.md","research","building-and-placement","unreviewed",""
"research\source\mods-drive\Architect_Mod\Code_History\CODE-0044A\candidate\docs\research\SnapCandidateSelection-StaticMap-v1.md","research","building-and-placement","unreviewed",""
"research\source\mods-drive\Architect_Mod\Code_History\CODE-0044A\candidate\docs\research\SnapWinnerPreviewWriteback-StaticMap-v1.md","research","building-and-placement","unreviewed",""
"research\source\mods-drive\Architect_Mod\Code_History\CODE-0044A\candidate\docs\research\StructureCoordinates-1076226.md","research","building-and-placement","unreviewed",""
"research\source\mods-drive\Architect_Mod\Research\Building\Architect_Builder_UX_Inspiration_Research_2026-09-19.md","research","building-and-placement","unreviewed",""
"research\source\mods-drive\Architect_Mod\Research\Building\BuildingCommitTransform-StaticMap-v1.md","research","building-and-placement","unreviewed",""
"research\source\mods-drive\Architect_Mod\Research\Building\BuildingKfcIngestion-1076226.md","research","building-and-placement","unreviewed",""
"research\source\mods-drive\Architect_Mod\Research\Building\BuildingSnap-StaticMap-v1.md","research","building-and-placement","unreviewed",""
"research\source\mods-drive\Architect_Mod\Research\Building\CreateBuildingItem-StaticMap-v1.md","research","building-and-placement","unreviewed",""
"research\source\mods-drive\Architect_Mod\Research\Building\PlacementBlueprintAuthority-StaticMap-v1.md","research","building-and-placement","unreviewed",""
"research\source\mods-drive\Architect_Mod\Research\Building\SemanticBuildingCatalog-v1.md","research","building-and-placement","unreviewed",""
"research\source\mods-drive\Architect_Mod\Research\Building\SinglePlacementCarrier-Audit-v1.md","research","building-and-placement","unreviewed",""
"research\source\mods-drive\Architect_Mod\Research\Building\SinglePlacementCarrier-v1.md","research","building-and-placement","unreviewed",""
"research\source\mods-drive\Architect_Mod\Research\Building\SnapCandidateSelection-StaticMap-v1.md","research","building-and-placement","unreviewed",""
"research\source\mods-drive\Architect_Mod\Research\Building\StructureCoordinates-1076226.md","research","building-and-placement","unreviewed",""
"research\source\mods-drive\Architect_Mod\Research\Building\StructureEditor-v1.md","research","building-and-placement","unreviewed",""
"research\source\mods-drive\Architect_Mod\Research\Building\StructureRecorder-v1.md","research","building-and-placement","unreviewed",""
"research\source\mods-drive\Control_Center\research\BUILDER_PLACEMENT_FEASIBILITY_20260927.md","research","building-and-placement","unreviewed",""
"research\source\mods-drive\Control_Center\research\LIVE_ENVIRONMENT_SNAPSHOT_20260927.md","research","building-and-placement","unreviewed",""
"research\source\mods-drive\Control_Center\research\probe_sessions\fb_ui_bundle_structure_cycle_20260928_r1\metadata_probe_suite\src\mod.lua","research","building-and-placement","unreviewed",""
"research\source\mods-drive\Control_Center\research\probe_sessions\fb_ui_bundle_structure_cycle_20260928_r1\staged_probe\src\mod.lua","research","building-and-placement","unreviewed",""
"research\source\mods-drive\Control_Center\research\probe_sessions\fb_ui_bundle_structure_cycle_20260928_r2\metadata_probe_suite\src\mod.lua","research","building-and-placement","unreviewed",""
"research\source\mods-drive\Control_Center\research\probe_sessions\fb_ui_bundle_structure_cycle_20260928_r2\staged_probe\src\mod.lua","research","building-and-placement","unreviewed",""
"research\source\mods-drive\Control_Center\research\probes\building_catalog_resource_discovery_20260929\src\mod.lua","research","building-and-placement","unreviewed",""
"research\source\mods-drive\Control_Center\research\probes\fb_ui_building_structure_20260929\src\mod.lua","research","building-and-placement","unreviewed",""
"research\source\mods-drive\Control_Center\research\probes\recipe_knowledge_replacement_20260928\src\kfc_content_registry.lua","research","building-and-placement","unreviewed",""
"research\source\mods-drive\Control_Center\research\probes\recipe_knowledge_replacement_20260928\src\mod.lua","research","building-and-placement","unreviewed",""
"research\source\mods-drive\Control_Center\research\probes\voxel_blueprint_registry_insert_remove_20260929\src\mod.lua","research","building-and-placement","unreviewed",""
"research\source\mods-drive\Control_Center\research\probes\voxel_blueprint_registry_metadata_probe_20260929\src\mod.lua","research","building-and-placement","unreviewed",""
"research\source\mods-drive\Control_Center\research\probes\voxel_blueprint_registry_new_identity_20260929\src\mod.lua","research","building-and-placement","unreviewed",""
"research\source\mods-drive\Control_Center\research\probes\voxel_blueprint_registry_payload_probe_20260929\src\mod.lua","research","building-and-placement","unreviewed",""
"research\source\mods-drive\Control_Center\research\probes\voxel_blueprint_registry_registration_20260929\src\mod.lua","research","building-and-placement","unreviewed",""
"research\source\mods-drive\Control_Center\research\probes\voxel_blueprint_registry_same_value_write_20260929\src\mod.lua","research","building-and-placement","unreviewed",""
"research\source\mods-drive\Control_Center\research\PROJECT_PROGRESS_SNAPSHOT_20260928.md","research","building-and-placement","unreviewed",""
"research\source\mods-drive\Control_Center\research\R36_FbUiBundle_STRUCTURE_VERDICT_20260929.md","research","building-and-placement","unreviewed",""
"research\source\mods-drive\Control_Center\research\staging\fb_ui_bundle_structure_probe_20260928\src\mod.lua","research","building-and-placement","unreviewed",""
"research\source\mods-drive\Export\Handoffs\Custom_GPT_v1.0\Static_Knowledge\03_Project_Index_Snapshot_2026-09-16.txt","research","building-and-placement","unreviewed",""
"research\source\research-drive\Enshrouded Mods-20260918T044156Z-1-001\Enshrouded Mods\Architect_Mod\Research\Building\BuildingCommitTransform-StaticMap-v1.md","research","building-and-placement","unreviewed",""
"research\source\research-drive\Enshrouded Mods-20260918T044156Z-1-001\Enshrouded Mods\Architect_Mod\Research\Building\BuildingKfcIngestion-1076226.md","research","building-and-placement","unreviewed",""
"research\source\research-drive\Enshrouded Mods-20260918T044156Z-1-001\Enshrouded Mods\Architect_Mod\Research\Building\BuildingSnap-StaticMap-v1.md","research","building-and-placement","unreviewed",""
"research\source\research-drive\Enshrouded Mods-20260918T044156Z-1-001\Enshrouded Mods\Architect_Mod\Research\Building\CreateBuildingItem-StaticMap-v1.md","research","building-and-placement","unreviewed",""
"research\source\research-drive\Enshrouded Mods-20260918T044156Z-1-001\Enshrouded Mods\Architect_Mod\Research\Building\PlacementBlueprintAuthority-StaticMap-v1.md","research","building-and-placement","unreviewed",""
"research\source\research-drive\Enshrouded Mods-20260918T044156Z-1-001\Enshrouded Mods\Architect_Mod\Research\Building\SemanticBuildingCatalog-v1.md","research","building-and-placement","unreviewed",""
"research\source\research-drive\Enshrouded Mods-20260918T044156Z-1-001\Enshrouded Mods\Architect_Mod\Research\Building\SinglePlacementCarrier-Audit-v1.md","research","building-and-placement","unreviewed",""
"research\source\research-drive\Enshrouded Mods-20260918T044156Z-1-001\Enshrouded Mods\Architect_Mod\Research\Building\SinglePlacementCarrier-v1.md","research","building-and-placement","unreviewed",""
"research\source\research-drive\Enshrouded Mods-20260918T044156Z-1-001\Enshrouded Mods\Architect_Mod\Research\Building\SnapCandidateSelection-StaticMap-v1.md","research","building-and-placement","unreviewed",""
"research\source\research-drive\Enshrouded Mods-20260918T044156Z-1-001\Enshrouded Mods\Architect_Mod\Research\Building\StructureCoordinates-1076226.md","research","building-and-placement","unreviewed",""
"research\source\research-drive\Enshrouded Mods-20260918T044156Z-1-001\Enshrouded Mods\Architect_Mod\Research\Building\StructureEditor-v1.md","research","building-and-placement","unreviewed",""
"research\source\research-drive\Enshrouded Mods-20260918T044156Z-1-001\Enshrouded Mods\Architect_Mod\Research\Building\StructureRecorder-v1.md","research","building-and-placement","unreviewed",""
"research\source\research-drive\Enshrouded Mods-20260918T044156Z-1-001\Enshrouded Mods\Export\Handoffs\Custom_GPT_v1.0\Static_Knowledge\03_Project_Index_Snapshot_2026-09-16.txt","research","building-and-placement","unreviewed",""
"research\source\research-drive\Enshrouded Mods-20260918T044156Z-1-001\Enshrouded Mods\Incoming\2026-09-17\INC-0010\Enshrouded Building Companion Water Update WIP V2.CT","research","building-and-placement","unreviewed",""
"tools\source\mods-drive\Architect_Mod\Code_History\CODE-0037-working\architect_toolkit\docs\features\SemanticBuildingCatalog-v1.md","tool","building-and-placement","unreviewed",""
"tools\source\mods-drive\Architect_Mod\Code_History\CODE-0037-working\architect_toolkit\docs\features\StructureEditor-v1.md","tool","building-and-placement","unreviewed",""
"tools\source\mods-drive\Architect_Mod\Code_History\CODE-0037-working\architect_toolkit\docs\features\StructureRecorder-v1.md","tool","building-and-placement","unreviewed",""
"tools\source\mods-drive\Architect_Mod\Code_History\CODE-0037-working\architect_toolkit\src\Config\Architect_Blueprint_Config.lua","tool","building-and-placement","unreviewed",""
"tools\source\mods-drive\Architect_Mod\Code_History\CODE-0037-working\architect_toolkit\temp_verify\architect_toolkit\temp_inspect\architect_toolkit\temp_zip_extract\architect_toolkit\docs\features\SemanticBuildingCatalog-v1.md","tool","building-and-placement","unreviewed",""
"tools\source\mods-drive\Architect_Mod\Code_History\CODE-0037-working\architect_toolkit\temp_verify\architect_toolkit\temp_inspect\architect_toolkit\temp_zip_extract\architect_toolkit\docs\features\StructureEditor-v1.md","tool","building-and-placement","unreviewed",""
"tools\source\mods-drive\Architect_Mod\Code_History\CODE-0037-working\architect_toolkit\temp_verify\architect_toolkit\temp_inspect\architect_toolkit\temp_zip_extract\architect_toolkit\docs\features\StructureRecorder-v1.md","tool","building-and-placement","unreviewed",""
"tools\source\mods-drive\Architect_Mod\Code_History\CODE-0037-working\architect_toolkit\temp_verify\architect_toolkit\temp_inspect\architect_toolkit\temp_zip_extract\architect_toolkit\src\Config\Architect_Blueprint_Config.lua","tool","building-and-placement","unreviewed",""
"tools\source\mods-drive\Architect_Mod\Code_History\CODE-0037-working\architect_toolkit\temp_verify\architect_toolkit\temp_inspect\architect_toolkit\temp_zip_extract\architect_toolkit\tools\ArchitectVoxel\blueprint_recipe.py","tool","building-and-placement","unreviewed",""
"tools\source\mods-drive\Architect_Mod\Code_History\CODE-0037-working\architect_toolkit\temp_verify\architect_toolkit\temp_inspect\architect_toolkit\temp_zip_extract\architect_toolkit\tools\SemanticActionObserver\scan_blueprint_selection_authority_static.py","tool","building-and-placement","unreviewed",""
"tools\source\mods-drive\Architect_Mod\Code_History\CODE-0037-working\architect_toolkit\temp_verify\architect_toolkit\temp_inspect\architect_toolkit\temp_zip_extract\architect_toolkit\tools\SemanticActionObserver\scan_create_building_item_dispatch_static.py","tool","building-and-placement","unreviewed",""
"tools\source\mods-drive\Architect_Mod\Code_History\CODE-0037-working\architect_toolkit\temp_verify\architect_toolkit\temp_inspect\architect_toolkit\temp_zip_extract\architect_toolkit\tools\SemanticActionObserver\scan_create_building_item_static.py","tool","building-and-placement","unreviewed",""
"tools\source\mods-drive\Architect_Mod\Code_History\CODE-0037-working\architect_toolkit\temp_verify\architect_toolkit\temp_inspect\architect_toolkit\temp_zip_extract\architect_toolkit\tools\SemanticActionObserver\scan_placement_computed_destination_arithmetic_static.py","tool","building-and-placement","unreviewed",""
"tools\source\mods-drive\Architect_Mod\Code_History\CODE-0037-working\architect_toolkit\temp_verify\architect_toolkit\temp_inspect\architect_toolkit\temp_zip_extract\architect_toolkit\tools\SemanticActionObserver\scan_placement_frame_input_provenance_static.py","tool","building-and-placement","unreviewed",""
"tools\source\mods-drive\Architect_Mod\Code_History\CODE-0037-working\architect_toolkit\temp_verify\architect_toolkit\temp_inspect\architect_toolkit\temp_zip_extract\architect_toolkit\tools\SemanticActionObserver\scan_placement_helper_buffer_field_provenance_static.py","tool","building-and-placement","unreviewed",""
"tools\source\mods-drive\Architect_Mod\Code_History\CODE-0037-working\architect_toolkit\temp_verify\architect_toolkit\temp_inspect\architect_toolkit\temp_zip_extract\architect_toolkit\tools\SemanticActionObserver\scan_snap_winner_preview_writeback_static.py","tool","building-and-placement","unreviewed",""
"tools\source\mods-drive\Architect_Mod\Code_History\CODE-0037-working\architect_toolkit\temp_verify\architect_toolkit\temp_inspect\architect_toolkit\temp_zip_extract\architect_toolkit\tools\StructureEditor\__init__.py","tool","building-and-placement","unreviewed",""
"tools\source\mods-drive\Architect_Mod\Code_History\CODE-0037-working\architect_toolkit\temp_verify\architect_toolkit\temp_inspect\architect_toolkit\temp_zip_extract\architect_toolkit\tools\StructureEditor\plan_cli.py","tool","building-and-placement","unreviewed",""
"tools\source\mods-drive\Architect_Mod\Code_History\CODE-0037-working\architect_toolkit\temp_verify\architect_toolkit\temp_inspect\architect_toolkit\temp_zip_extract\architect_toolkit\tools\StructureEditor\plans.py","tool","building-and-placement","unreviewed",""
"tools\source\mods-drive\Architect_Mod\Code_History\CODE-0037-working\architect_toolkit\temp_verify\architect_toolkit\temp_inspect\architect_toolkit\temp_zip_extract\architect_toolkit\tools\StructureEditor\transforms.py","tool","building-and-placement","unreviewed",""
"tools\source\mods-drive\Architect_Mod\Code_History\CODE-0037-working\architect_toolkit\temp_verify\architect_toolkit\temp_inspect\architect_toolkit\temp_zip_extract\architect_toolkit\tools\StructureRecorder\__init__.py","tool","building-and-placement","unreviewed",""
"tools\source\mods-drive\Architect_Mod\Code_History\CODE-0037-working\architect_toolkit\temp_verify\architect_toolkit\temp_inspect\architect_toolkit\temp_zip_extract\architect_toolkit\tools\StructureRecorder\coordinates.py","tool","building-and-placement","unreviewed",""
"tools\source\mods-drive\Architect_Mod\Code_History\CODE-0037-working\architect_toolkit\temp_verify\architect_toolkit\temp_inspect\architect_toolkit\temp_zip_extract\architect_toolkit\tools\StructureRecorder\recorder.py","tool","building-and-placement","unreviewed",""
"tools\source\mods-drive\Architect_Mod\Code_History\CODE-0037-working\architect_toolkit\temp_verify\architect_toolkit\temp_inspect\architect_toolkit\temp_zip_extract\architect_toolkit\tools\StructureRecorder\recording_cli.py","tool","building-and-placement","unreviewed",""
"tools\source\mods-drive\Architect_Mod\Code_History\CODE-0037-working\architect_toolkit\temp_verify\architect_toolkit\temp_inspect\architect_toolkit\tools\ArchitectVoxel\blueprint_recipe.py","tool","building-and-placement","unreviewed",""
"tools\source\mods-drive\Architect_Mod\Code_History\CODE-0037-working\architect_toolkit\temp_zip_extract\architect_toolkit\docs\features\SemanticBuildingCatalog-v1.md","tool","building-and-placement","unreviewed",""
"tools\source\mods-drive\Architect_Mod\Code_History\CODE-0037-working\architect_toolkit\temp_zip_extract\architect_toolkit\docs\features\StructureEditor-v1.md","tool","building-and-placement","unreviewed",""
"tools\source\mods-drive\Architect_Mod\Code_History\CODE-0037-working\architect_toolkit\temp_zip_extract\architect_toolkit\docs\features\StructureRecorder-v1.md","tool","building-and-placement","unreviewed",""
"tools\source\mods-drive\Architect_Mod\Code_History\CODE-0037-working\architect_toolkit\temp_zip_extract\architect_toolkit\src\Config\Architect_Blueprint_Config.lua","tool","building-and-placement","unreviewed",""
"tools\source\mods-drive\Architect_Mod\Code_History\CODE-0037-working\architect_toolkit\temp_zip_extract\architect_toolkit\tools\ArchitectVoxel\blueprint_recipe.py","tool","building-and-placement","unreviewed",""
"tools\source\mods-drive\Architect_Mod\Code_History\CODE-0037-working\architect_toolkit\temp_zip_extract\architect_toolkit\tools\SemanticActionObserver\scan_blueprint_selection_authority_static.py","tool","building-and-placement","unreviewed",""
"tools\source\mods-drive\Architect_Mod\Code_History\CODE-0037-working\architect_toolkit\temp_zip_extract\architect_toolkit\tools\SemanticActionObserver\scan_create_building_item_dispatch_static.py","tool","building-and-placement","unreviewed",""
"tools\source\mods-drive\Architect_Mod\Code_History\CODE-0037-working\architect_toolkit\temp_zip_extract\architect_toolkit\tools\SemanticActionObserver\scan_create_building_item_static.py","tool","building-and-placement","unreviewed",""
"tools\source\mods-drive\Architect_Mod\Code_History\CODE-0037-working\architect_toolkit\temp_zip_extract\architect_toolkit\tools\SemanticActionObserver\scan_placement_computed_destination_arithmetic_static.py","tool","building-and-placement","unreviewed",""
"tools\source\mods-drive\Architect_Mod\Code_History\CODE-0037-working\architect_toolkit\temp_zip_extract\architect_toolkit\tools\SemanticActionObserver\scan_placement_frame_input_provenance_static.py","tool","building-and-placement","unreviewed",""
"tools\source\mods-drive\Architect_Mod\Code_History\CODE-0037-working\architect_toolkit\temp_zip_extract\architect_toolkit\tools\SemanticActionObserver\scan_placement_helper_buffer_field_provenance_static.py","tool","building-and-placement","unreviewed",""
"tools\source\mods-drive\Architect_Mod\Code_History\CODE-0037-working\architect_toolkit\temp_zip_extract\architect_toolkit\tools\SemanticActionObserver\scan_snap_winner_preview_writeback_static.py","tool","building-and-placement","unreviewed",""
"tools\source\mods-drive\Architect_Mod\Code_History\CODE-0037-working\architect_toolkit\temp_zip_extract\architect_toolkit\tools\StructureEditor\__init__.py","tool","building-and-placement","unreviewed",""
"tools\source\mods-drive\Architect_Mod\Code_History\CODE-0037-working\architect_toolkit\temp_zip_extract\architect_toolkit\tools\StructureEditor\plan_cli.py","tool","building-and-placement","unreviewed",""
"tools\source\mods-drive\Architect_Mod\Code_History\CODE-0037-working\architect_toolkit\temp_zip_extract\architect_toolkit\tools\StructureEditor\plans.py","tool","building-and-placement","unreviewed",""
"tools\source\mods-drive\Architect_Mod\Code_History\CODE-0037-working\architect_toolkit\temp_zip_extract\architect_toolkit\tools\StructureEditor\transforms.py","tool","building-and-placement","unreviewed",""
"tools\source\mods-drive\Architect_Mod\Code_History\CODE-0037-working\architect_toolkit\temp_zip_extract\architect_toolkit\tools\StructureRecorder\__init__.py","tool","building-and-placement","unreviewed",""
"tools\source\mods-drive\Architect_Mod\Code_History\CODE-0037-working\architect_toolkit\temp_zip_extract\architect_toolkit\tools\StructureRecorder\coordinates.py","tool","building-and-placement","unreviewed",""
"tools\source\mods-drive\Architect_Mod\Code_History\CODE-0037-working\architect_toolkit\temp_zip_extract\architect_toolkit\tools\StructureRecorder\recorder.py","tool","building-and-placement","unreviewed",""
"tools\source\mods-drive\Architect_Mod\Code_History\CODE-0037-working\architect_toolkit\temp_zip_extract\architect_toolkit\tools\StructureRecorder\recording_cli.py","tool","building-and-placement","unreviewed",""
"tools\source\mods-drive\Architect_Mod\Code_History\CODE-0037-working\architect_toolkit\temp_zip\architect_toolkit\docs\features\SemanticBuildingCatalog-v1.md","tool","building-and-placement","unreviewed",""
"tools\source\mods-drive\Architect_Mod\Code_History\CODE-0037-working\architect_toolkit\temp_zip\architect_toolkit\docs\features\StructureEditor-v1.md","tool","building-and-placement","unreviewed",""
"tools\source\mods-drive\Architect_Mod\Code_History\CODE-0037-working\architect_toolkit\temp_zip\architect_toolkit\docs\features\StructureRecorder-v1.md","tool","building-and-placement","unreviewed",""
"tools\source\mods-drive\Architect_Mod\Code_History\CODE-0037-working\architect_toolkit\temp_zip\architect_toolkit\src\Config\Architect_Blueprint_Config.lua","tool","building-and-placement","unreviewed",""
"tools\source\mods-drive\Architect_Mod\Code_History\CODE-0037-working\architect_toolkit\temp_zip\architect_toolkit\temp_zip_extract\architect_toolkit\docs\features\SemanticBuildingCatalog-v1.md","tool","building-and-placement","unreviewed",""
"tools\source\mods-drive\Architect_Mod\Code_History\CODE-0037-working\architect_toolkit\temp_zip\architect_toolkit\temp_zip_extract\architect_toolkit\docs\features\StructureEditor-v1.md","tool","building-and-placement","unreviewed",""
"tools\source\mods-drive\Architect_Mod\Code_History\CODE-0037-working\architect_toolkit\temp_zip\architect_toolkit\temp_zip_extract\architect_toolkit\docs\features\StructureRecorder-v1.md","tool","building-and-placement","unreviewed",""
"tools\source\mods-drive\Architect_Mod\Code_History\CODE-0037-working\architect_toolkit\temp_zip\architect_toolkit\temp_zip_extract\architect_toolkit\src\Config\Architect_Blueprint_Config.lua","tool","building-and-placement","unreviewed",""
"tools\source\mods-drive\Architect_Mod\Code_History\CODE-0037-working\architect_toolkit\temp_zip\architect_toolkit\temp_zip_extract\architect_toolkit\tools\ArchitectVoxel\blueprint_recipe.py","tool","building-and-placement","unreviewed",""
"tools\source\mods-drive\Architect_Mod\Code_History\CODE-0037-working\architect_toolkit\temp_zip\architect_toolkit\temp_zip_extract\architect_toolkit\tools\SemanticActionObserver\scan_blueprint_selection_authority_static.py","tool","building-and-placement","unreviewed",""
"tools\source\mods-drive\Architect_Mod\Code_History\CODE-0037-working\architect_toolkit\temp_zip\architect_toolkit\temp_zip_extract\architect_toolkit\tools\SemanticActionObserver\scan_create_building_item_dispatch_static.py","tool","building-and-placement","unreviewed",""
"tools\source\mods-drive\Architect_Mod\Code_History\CODE-0037-working\architect_toolkit\temp_zip\architect_toolkit\temp_zip_extract\architect_toolkit\tools\SemanticActionObserver\scan_create_building_item_static.py","tool","building-and-placement","unreviewed",""
"tools\source\mods-drive\Architect_Mod\Code_History\CODE-0037-working\architect_toolkit\temp_zip\architect_toolkit\temp_zip_extract\architect_toolkit\tools\SemanticActionObserver\scan_placement_computed_destination_arithmetic_static.py","tool","building-and-placement","unreviewed",""
"tools\source\mods-drive\Architect_Mod\Code_History\CODE-0037-working\architect_toolkit\temp_zip\architect_toolkit\temp_zip_extract\architect_toolkit\tools\SemanticActionObserver\scan_placement_frame_input_provenance_static.py","tool","building-and-placement","unreviewed",""
"tools\source\mods-drive\Architect_Mod\Code_History\CODE-0037-working\architect_toolkit\temp_zip\architect_toolkit\temp_zip_extract\architect_toolkit\tools\SemanticActionObserver\scan_placement_helper_buffer_field_provenance_static.py","tool","building-and-placement","unreviewed",""
"tools\source\mods-drive\Architect_Mod\Code_History\CODE-0037-working\architect_toolkit\temp_zip\architect_toolkit\temp_zip_extract\architect_toolkit\tools\SemanticActionObserver\scan_snap_winner_preview_writeback_static.py","tool","building-and-placement","unreviewed",""
"tools\source\mods-drive\Architect_Mod\Code_History\CODE-0037-working\architect_toolkit\temp_zip\architect_toolkit\temp_zip_extract\architect_toolkit\tools\StructureEditor\__init__.py","tool","building-and-placement","unreviewed",""
"tools\source\mods-drive\Architect_Mod\Code_History\CODE-0037-working\architect_toolkit\temp_zip\architect_toolkit\temp_zip_extract\architect_toolkit\tools\StructureEditor\plan_cli.py","tool","building-and-placement","unreviewed",""
"tools\source\mods-drive\Architect_Mod\Code_History\CODE-0037-working\architect_toolkit\temp_zip\architect_toolkit\temp_zip_extract\architect_toolkit\tools\StructureEditor\plans.py","tool","building-and-placement","unreviewed",""
"tools\source\mods-drive\Architect_Mod\Code_History\CODE-0037-working\architect_toolkit\temp_zip\architect_toolkit\temp_zip_extract\architect_toolkit\tools\StructureEditor\transforms.py","tool","building-and-placement","unreviewed",""
"tools\source\mods-drive\Architect_Mod\Code_History\CODE-0037-working\architect_toolkit\temp_zip\architect_toolkit\temp_zip_extract\architect_toolkit\tools\StructureRecorder\__init__.py","tool","building-and-placement","unreviewed",""
"tools\source\mods-drive\Architect_Mod\Code_History\CODE-0037-working\architect_toolkit\temp_zip\architect_toolkit\temp_zip_extract\architect_toolkit\tools\StructureRecorder\coordinates.py","tool","building-and-placement","unreviewed",""
"tools\source\mods-drive\Architect_Mod\Code_History\CODE-0037-working\architect_toolkit\temp_zip\architect_toolkit\temp_zip_extract\architect_toolkit\tools\StructureRecorder\recorder.py","tool","building-and-placement","unreviewed",""
"tools\source\mods-drive\Architect_Mod\Code_History\CODE-0037-working\architect_toolkit\temp_zip\architect_toolkit\temp_zip_extract\architect_toolkit\tools\StructureRecorder\recording_cli.py","tool","building-and-placement","unreviewed",""
"tools\source\mods-drive\Architect_Mod\Code_History\CODE-0037-working\architect_toolkit\temp_zip\architect_toolkit\tools\ArchitectVoxel\blueprint_recipe.py","tool","building-and-placement","unreviewed",""
"tools\source\mods-drive\Architect_Mod\Code_History\CODE-0037-working\architect_toolkit\temp_zip\architect_toolkit\tools\SemanticActionObserver\scan_blueprint_selection_authority_static.py","tool","building-and-placement","unreviewed",""
"tools\source\mods-drive\Architect_Mod\Code_History\CODE-0037-working\architect_toolkit\temp_zip\architect_toolkit\tools\SemanticActionObserver\scan_create_building_item_dispatch_static.py","tool","building-and-placement","unreviewed",""
"tools\source\mods-drive\Architect_Mod\Code_History\CODE-0037-working\architect_toolkit\temp_zip\architect_toolkit\tools\SemanticActionObserver\scan_create_building_item_static.py","tool","building-and-placement","unreviewed",""
"tools\source\mods-drive\Architect_Mod\Code_History\CODE-0037-working\architect_toolkit\temp_zip\architect_toolkit\tools\SemanticActionObserver\scan_placement_computed_destination_arithmetic_static.py","tool","building-and-placement","unreviewed",""
"tools\source\mods-drive\Architect_Mod\Code_History\CODE-0037-working\architect_toolkit\temp_zip\architect_toolkit\tools\SemanticActionObserver\scan_placement_frame_input_provenance_static.py","tool","building-and-placement","unreviewed",""
"tools\source\mods-drive\Architect_Mod\Code_History\CODE-0037-working\architect_toolkit\temp_zip\architect_toolkit\tools\SemanticActionObserver\scan_placement_helper_buffer_field_provenance_static.py","tool","building-and-placement","unreviewed",""
"tools\source\mods-drive\Architect_Mod\Code_History\CODE-0037-working\architect_toolkit\temp_zip\architect_toolkit\tools\SemanticActionObserver\scan_snap_winner_preview_writeback_static.py","tool","building-and-placement","unreviewed",""
"tools\source\mods-drive\Architect_Mod\Code_History\CODE-0037-working\architect_toolkit\temp_zip\architect_toolkit\tools\StructureEditor\__init__.py","tool","building-and-placement","unreviewed",""
"tools\source\mods-drive\Architect_Mod\Code_History\CODE-0037-working\architect_toolkit\temp_zip\architect_toolkit\tools\StructureEditor\plan_cli.py","tool","building-and-placement","unreviewed",""
"tools\source\mods-drive\Architect_Mod\Code_History\CODE-0037-working\architect_toolkit\temp_zip\architect_toolkit\tools\StructureEditor\plans.py","tool","building-and-placement","unreviewed",""
"tools\source\mods-drive\Architect_Mod\Code_History\CODE-0037-working\architect_toolkit\temp_zip\architect_toolkit\tools\StructureEditor\transforms.py","tool","building-and-placement","unreviewed",""
"tools\source\mods-drive\Architect_Mod\Code_History\CODE-0037-working\architect_toolkit\temp_zip\architect_toolkit\tools\StructureRecorder\__init__.py","tool","building-and-placement","unreviewed",""
"tools\source\mods-drive\Architect_Mod\Code_History\CODE-0037-working\architect_toolkit\temp_zip\architect_toolkit\tools\StructureRecorder\coordinates.py","tool","building-and-placement","unreviewed",""
"tools\source\mods-drive\Architect_Mod\Code_History\CODE-0037-working\architect_toolkit\temp_zip\architect_toolkit\tools\StructureRecorder\recorder.py","tool","building-and-placement","unreviewed",""
"tools\source\mods-drive\Architect_Mod\Code_History\CODE-0037-working\architect_toolkit\temp_zip\architect_toolkit\tools\StructureRecorder\recording_cli.py","tool","building-and-placement","unreviewed",""
"tools\source\mods-drive\Architect_Mod\Code_History\CODE-0037-working\architect_toolkit\tools\ArchitectVoxel\blueprint_recipe.py","tool","building-and-placement","unreviewed",""
"tools\source\mods-drive\Architect_Mod\Code_History\CODE-0037-working\architect_toolkit\tools\SemanticActionObserver\scan_blueprint_selection_authority_static.py","tool","building-and-placement","unreviewed",""
"tools\source\mods-drive\Architect_Mod\Code_History\CODE-0037-working\architect_toolkit\tools\SemanticActionObserver\scan_create_building_item_dispatch_static.py","tool","building-and-placement","unreviewed",""
"tools\source\mods-drive\Architect_Mod\Code_History\CODE-0037-working\architect_toolkit\tools\SemanticActionObserver\scan_create_building_item_static.py","tool","building-and-placement","unreviewed",""
"tools\source\mods-drive\Architect_Mod\Code_History\CODE-0037-working\architect_toolkit\tools\SemanticActionObserver\scan_placement_computed_destination_arithmetic_static.py","tool","building-and-placement","unreviewed",""
"tools\source\mods-drive\Architect_Mod\Code_History\CODE-0037-working\architect_toolkit\tools\SemanticActionObserver\scan_placement_frame_input_provenance_static.py","tool","building-and-placement","unreviewed",""
"tools\source\mods-drive\Architect_Mod\Code_History\CODE-0037-working\architect_toolkit\tools\SemanticActionObserver\scan_placement_helper_buffer_field_provenance_static.py","tool","building-and-placement","unreviewed",""
"tools\source\mods-drive\Architect_Mod\Code_History\CODE-0037-working\architect_toolkit\tools\SemanticActionObserver\scan_snap_winner_preview_writeback_static.py","tool","building-and-placement","unreviewed",""
"tools\source\mods-drive\Architect_Mod\Code_History\CODE-0037-working\architect_toolkit\tools\StructureEditor\__init__.py","tool","building-and-placement","unreviewed",""
"tools\source\mods-drive\Architect_Mod\Code_History\CODE-0037-working\architect_toolkit\tools\StructureEditor\plan_cli.py","tool","building-and-placement","unreviewed",""
"tools\source\mods-drive\Architect_Mod\Code_History\CODE-0037-working\architect_toolkit\tools\StructureEditor\plans.py","tool","building-and-placement","unreviewed",""
"tools\source\mods-drive\Architect_Mod\Code_History\CODE-0037-working\architect_toolkit\tools\StructureEditor\transforms.py","tool","building-and-placement","unreviewed",""
"tools\source\mods-drive\Architect_Mod\Code_History\CODE-0037-working\architect_toolkit\tools\StructureRecorder\__init__.py","tool","building-and-placement","unreviewed",""
"tools\source\mods-drive\Architect_Mod\Code_History\CODE-0037-working\architect_toolkit\tools\StructureRecorder\coordinates.py","tool","building-and-placement","unreviewed",""
"tools\source\mods-drive\Architect_Mod\Code_History\CODE-0037-working\architect_toolkit\tools\StructureRecorder\recorder.py","tool","building-and-placement","unreviewed",""
"tools\source\mods-drive\Architect_Mod\Code_History\CODE-0037-working\architect_toolkit\tools\StructureRecorder\recording_cli.py","tool","building-and-placement","unreviewed",""
"tools\source\mods-drive\Architect_Mod\Code_History\CODE-0044A\candidate\tools\ArchitectVoxel\blueprint_recipe.py","tool","building-and-placement","unreviewed",""
"tools\source\mods-drive\Architect_Mod\Code_History\CODE-0044A\candidate\tools\SemanticActionObserver\scan_blueprint_selection_authority_static.py","tool","building-and-placement","unreviewed",""
"tools\source\mods-drive\Architect_Mod\Code_History\CODE-0044A\candidate\tools\SemanticActionObserver\scan_create_building_item_dispatch_static.py","tool","building-and-placement","unreviewed",""
"tools\source\mods-drive\Architect_Mod\Code_History\CODE-0044A\candidate\tools\SemanticActionObserver\scan_create_building_item_static.py","tool","building-and-placement","unreviewed",""
"tools\source\mods-drive\Architect_Mod\Code_History\CODE-0044A\candidate\tools\SemanticActionObserver\scan_placement_computed_destination_arithmetic_static.py","tool","building-and-placement","unreviewed",""
"tools\source\mods-drive\Architect_Mod\Code_History\CODE-0044A\candidate\tools\SemanticActionObserver\scan_placement_frame_input_provenance_static.py","tool","building-and-placement","unreviewed",""
"tools\source\mods-drive\Architect_Mod\Code_History\CODE-0044A\candidate\tools\SemanticActionObserver\scan_placement_helper_buffer_field_provenance_static.py","tool","building-and-placement","unreviewed",""
"tools\source\mods-drive\Architect_Mod\Code_History\CODE-0044A\candidate\tools\SemanticActionObserver\scan_snap_winner_preview_writeback_static.py","tool","building-and-placement","unreviewed",""
"tools\source\mods-drive\Architect_Mod\Code_History\CODE-0044A\candidate\tools\StructureEditor\__init__.py","tool","building-and-placement","unreviewed",""
"tools\source\mods-drive\Architect_Mod\Code_History\CODE-0044A\candidate\tools\StructureEditor\plan_cli.py","tool","building-and-placement","unreviewed",""
"tools\source\mods-drive\Architect_Mod\Code_History\CODE-0044A\candidate\tools\StructureEditor\plans.py","tool","building-and-placement","unreviewed",""
"tools\source\mods-drive\Architect_Mod\Code_History\CODE-0044A\candidate\tools\StructureEditor\transforms.py","tool","building-and-placement","unreviewed",""
"tools\source\mods-drive\Architect_Mod\Code_History\CODE-0044A\candidate\tools\StructureRecorder\__init__.py","tool","building-and-placement","unreviewed",""
"tools\source\mods-drive\Architect_Mod\Code_History\CODE-0044A\candidate\tools\StructureRecorder\coordinates.py","tool","building-and-placement","unreviewed",""
"tools\source\mods-drive\Architect_Mod\Code_History\CODE-0044A\candidate\tools\StructureRecorder\recorder.py","tool","building-and-placement","unreviewed",""
"tools\source\mods-drive\Architect_Mod\Code_History\CODE-0044A\candidate\tools\StructureRecorder\recording_cli.py","tool","building-and-placement","unreviewed",""
"tools\source\mods-drive\Control_Center\tools\analyze_fb_ui_structure.py","tool","building-and-placement","unreviewed",""
"tools\source\mods-drive\Control_Center\tools\report_capability_snapshot.py","tool","building-and-placement","unreviewed",""
"tools\source\mods-drive\Control_Center\tools\verify_capability_snapshot.py","tool","building-and-placement","unreviewed",""
"tools\source\mods-drive\Incoming\2026-09-19\INC-0061\extracted\Ember\src\Config\Custom_Blueprint_Config.lua","tool","building-and-placement","unreviewed",""
"tools\source\mods-drive\Incoming\2026-09-19\INC-0061\extracted\Ember\src\Features\Building_Tweaks.lua","tool","building-and-placement","unreviewed",""
"tools\source\mods-drive\Incoming\2026-09-19\INC-0061\extracted\Ember\src\Features\Building_Zone_Size.lua","tool","building-and-placement","unreviewed",""
"tools\source\mods-drive\Incoming\2026-09-19\INC-0061\extracted\Ember\src\Features\Custom_Blueprints.lua","tool","building-and-placement","unreviewed",""
"case-studies\source\mods-drive\Architect_Mod\Code_History\CODE-0042_INPUT\CODE0042_INPUT_MANIFEST.txt","case-study","data-formats","unreviewed",""
"case-studies\source\mods-drive\Architect_Mod\Code_History\CODE-0043G6A\CODE-0043G6A_manifest.txt","case-study","data-formats","unreviewed",""
"case-studies\source\mods-drive\Architect_Mod\Code_History\CODE-0043G6A\CODE-0043G6A_runtimefix1_manifest.txt","case-study","data-formats","unreviewed",""
"case-studies\source\mods-drive\Architect_Mod\Code_History\CODE-0043G6A\CODE-0043G6A_runtimefix2_manifest.txt","case-study","data-formats","unreviewed",""
"case-studies\source\mods-drive\Architect_Mod\Code_History\CODE-0043G6A\CODE-0043G6A_runtimefix3_manifest.txt","case-study","data-formats","unreviewed",""
"case-studies\source\mods-drive\Architect_Mod\Code_History\CODE-0044A\baseline_SOURCE_MANIFEST.md","case-study","data-formats","unreviewed",""
"case-studies\source\mods-drive\Architect_Mod\Code_History\CODE-0044A\candidate\Export\MANIFEST_INC0016.md","case-study","data-formats","unreviewed",""
"case-studies\source\mods-drive\Architect_Mod\Code_History\CODE-0044A\candidate\inspect_rdata.py","case-study","data-formats","unreviewed",""
"case-studies\source\mods-drive\Architect_Mod\Code_History\CODE-0044A\candidate\xrefs_data.py","case-study","data-formats","unreviewed",""
"case-studies\source\mods-drive\Architect_Mod\Code_History\CODE-0044A\CODE-0044A_manifest.txt","case-study","data-formats","unreviewed",""
"case-studies\source\mods-drive\Architect_Mod\Code_History\CODE-LEGACY-0001\MANIFEST.txt","case-study","data-formats","unreviewed",""
"case-studies\source\mods-drive\Architect_Mod\Code_History\CODE-LEGACY-0002\MANIFEST.txt","case-study","data-formats","unreviewed",""
"case-studies\source\mods-drive\Architect_Mod\Code_History\CODE-LEGACY-0003\MANIFEST.txt","case-study","data-formats","unreviewed",""
"case-studies\source\mods-drive\Architect_Mod\Code_History\CODE-LEGACY-0004\MANIFEST.txt","case-study","data-formats","unreviewed",""
"case-studies\source\mods-drive\Architect_Mod\Code_History\CODE-LEGACY-0005\MANIFEST.txt","case-study","data-formats","unreviewed",""
"case-studies\source\mods-drive\Architect_Mod\Code_History\CODE-LEGACY-0006\MANIFEST.txt","case-study","data-formats","unreviewed",""
"case-studies\source\mods-drive\Architect_Mod\Code_History\CODE-LEGACY-0007\MANIFEST.txt","case-study","data-formats","unreviewed",""
"case-studies\source\mods-drive\Architect_Mod\Current\SOURCE_MANIFEST.md","case-study","data-formats","unreviewed",""
"case-studies\source\mods-drive\Control_Center\core\kfc_binary.py","case-study","data-formats","unreviewed",""
"case-studies\source\mods-drive\Control_Center\core\visual_reference.py","case-study","data-formats","unreviewed",""
"case-studies\source\mods-drive\Control_Center\custom_content\projects\blue_bed\src\kfc_content_registry.lua","case-study","data-formats","unreviewed",""
"case-studies\source\mods-drive\Control_Center\custom_content\projects\blue_bed\src\kfc_localization_registry.lua","case-study","data-formats","unreviewed",""
"case-studies\source\mods-drive\Control_Center\custom_content\projects\twilight_blue_bed\src\kfc_content_registry.lua","case-study","data-formats","unreviewed",""
"case-studies\source\mods-drive\Control_Center\custom_content\projects\twilight_blue_bed\src\kfc_localization_registry.lua","case-study","data-formats","unreviewed",""
"case-studies\source\mods-drive\Control_Center\staging\compiled_bed_project_20260927_manifestcheck\src\kfc_content_registry.lua","case-study","data-formats","unreviewed",""
"case-studies\source\mods-drive\Control_Center\staging\compiled_bed_project_20260927_manifestcheck\src\kfc_localization_registry.lua","case-study","data-formats","unreviewed",""
"case-studies\source\mods-drive\Control_Center\staging\compiled_bed_project_20260927_manifestcheck\src\localization_payload.lua","case-study","data-formats","unreviewed",""
"case-studies\source\mods-drive\Control_Center\staging\compiled_bed_project_20260927_manifestcheck\src\mod.lua","case-study","data-formats","unreviewed",""
"case-studies\source\mods-drive\Control_Center\staging\compiled_visual_substitution_fixture_20260927\src\kfc_content_registry.lua","case-study","data-formats","unreviewed",""
"case-studies\source\mods-drive\Control_Center\staging\compiled_visual_substitution_fixture_20260927\src\kfc_localization_registry.lua","case-study","data-formats","unreviewed",""
"case-studies\source\mods-drive\EmberVault-Control-Center\runtime-data\logs\events.jsonl","case-study","data-formats","unreviewed",""
"experiments\source\mods-drive\Architect_Mod\Code_History\CODE-0037-working\architect_toolkit\temp_verify\architect_toolkit\temp_inspect\architect_toolkit\temp_zip_extract\architect_toolkit\docs\tools\SemanticCaptureAnalyzer.md","experiment","data-formats","unreviewed",""
"experiments\source\mods-drive\Architect_Mod\Code_History\CODE-0037-working\architect_toolkit\temp_verify\architect_toolkit\temp_inspect\architect_toolkit\temp_zip_extract\architect_toolkit\runtime\crash_log.txt","experiment","data-formats","unreviewed",""
"experiments\source\mods-drive\Architect_Mod\Code_History\CODE-0037-working\architect_toolkit\temp_verify\architect_toolkit\temp_inspect\architect_toolkit\temp_zip_extract\architect_toolkit\runtime\staging\architect_product_path_preview_test\CODE-0014_TEST_ONLY.txt","experiment","data-formats","unreviewed",""
"experiments\source\mods-drive\Architect_Mod\Code_History\CODE-0037-working\architect_toolkit\temp_verify\architect_toolkit\temp_inspect\architect_toolkit\temp_zip_extract\architect_toolkit\runtime\staging\architect_product_path_preview_test\src\mod.lua","experiment","data-formats","unreviewed",""
"experiments\source\mods-drive\Architect_Mod\Code_History\CODE-0037-working\architect_toolkit\temp_verify\architect_toolkit\temp_inspect\architect_toolkit\temp_zip_extract\architect_toolkit\tools\ArchitectCore\tests\__init__.py","experiment","data-formats","unreviewed",""
"experiments\source\mods-drive\Architect_Mod\Code_History\CODE-0037-working\architect_toolkit\temp_verify\architect_toolkit\temp_inspect\architect_toolkit\temp_zip_extract\architect_toolkit\tools\ArchitectCore\tests\test_core.py","experiment","data-formats","unreviewed",""
"experiments\source\mods-drive\Architect_Mod\Code_History\CODE-0037-working\architect_toolkit\temp_verify\architect_toolkit\temp_inspect\architect_toolkit\temp_zip_extract\architect_toolkit\tools\ArchitectDataIndex\tests\test_catalog.py","experiment","data-formats","unreviewed",""
"experiments\source\mods-drive\Architect_Mod\Code_History\CODE-0037-working\architect_toolkit\temp_verify\architect_toolkit\temp_inspect\architect_toolkit\temp_zip_extract\architect_toolkit\tools\ArchitectDataIndex\tests\test_index.py","experiment","data-formats","unreviewed",""
"experiments\source\mods-drive\Architect_Mod\Code_History\CODE-0037-working\architect_toolkit\temp_verify\architect_toolkit\temp_inspect\architect_toolkit\temp_zip_extract\architect_toolkit\tools\ArchitectProductPath\test_preview_activation_package.py","experiment","data-formats","unreviewed",""
"experiments\source\mods-drive\Architect_Mod\Code_History\CODE-0037-working\architect_toolkit\temp_verify\architect_toolkit\temp_inspect\architect_toolkit\temp_zip_extract\architect_toolkit\tools\ArchitectProductPath\test_product_path_staging.py","experiment","data-formats","unreviewed",""
"experiments\source\mods-drive\Architect_Mod\Code_History\CODE-0037-working\architect_toolkit\temp_verify\architect_toolkit\temp_inspect\architect_toolkit\temp_zip_extract\architect_toolkit\tools\ArchitectVoxel\test_architect_voxel.py","experiment","data-formats","unreviewed",""
"experiments\source\mods-drive\Architect_Mod\Code_History\CODE-0037-working\architect_toolkit\temp_verify\architect_toolkit\temp_inspect\architect_toolkit\temp_zip_extract\architect_toolkit\tools\CameraFov\tests\test_camera_fov.py","experiment","data-formats","unreviewed",""
"experiments\source\mods-drive\Architect_Mod\Code_History\CODE-0037-working\architect_toolkit\temp_verify\architect_toolkit\temp_inspect\architect_toolkit\temp_zip_extract\architect_toolkit\tools\CheatCorrelation\analyze_capture.py","experiment","data-formats","unreviewed",""
"experiments\source\mods-drive\Architect_Mod\Code_History\CODE-0037-working\architect_toolkit\temp_verify\architect_toolkit\temp_inspect\architect_toolkit\temp_zip_extract\architect_toolkit\tools\CheatCorrelation\tests\test_analyzer.py","experiment","data-formats","unreviewed",""
"experiments\source\mods-drive\Architect_Mod\Code_History\CODE-0037-working\architect_toolkit\temp_verify\architect_toolkit\temp_inspect\architect_toolkit\temp_zip_extract\architect_toolkit\tools\CheatCorrelation\tests\test_native_harness.py","experiment","data-formats","unreviewed",""
"experiments\source\mods-drive\Architect_Mod\Code_History\CODE-0037-working\architect_toolkit\temp_verify\architect_toolkit\temp_inspect\architect_toolkit\temp_zip_extract\architect_toolkit\tools\CheatSprint\tests\test_candidates.py","experiment","data-formats","unreviewed",""
"experiments\source\mods-drive\Architect_Mod\Code_History\CODE-0037-working\architect_toolkit\temp_verify\architect_toolkit\temp_inspect\architect_toolkit\temp_zip_extract\architect_toolkit\tools\EntityInspector\tests\test_cursor_dataflow.py","experiment","data-formats","unreviewed",""
"experiments\source\mods-drive\Architect_Mod\Code_History\CODE-0037-working\architect_toolkit\temp_verify\architect_toolkit\temp_inspect\architect_toolkit\temp_zip_extract\architect_toolkit\tools\EntityInspector\tests\test_ecs_registry_consumers.py","experiment","data-formats","unreviewed",""
"experiments\source\mods-drive\Architect_Mod\Code_History\CODE-0037-working\architect_toolkit\temp_verify\architect_toolkit\temp_inspect\architect_toolkit\temp_zip_extract\architect_toolkit\tools\EntityInspector\tests\test_entity_inspector.py","experiment","data-formats","unreviewed",""
"experiments\source\mods-drive\Architect_Mod\Code_History\CODE-0037-working\architect_toolkit\temp_verify\architect_toolkit\temp_inspect\architect_toolkit\temp_zip_extract\architect_toolkit\tools\SemanticCaptureAnalyzer\analyze.py","experiment","data-formats","unreviewed",""
"experiments\source\mods-drive\Architect_Mod\Code_History\CODE-0037-working\architect_toolkit\temp_verify\architect_toolkit\temp_inspect\architect_toolkit\temp_zip_extract\architect_toolkit\tools\SemanticCaptureAnalyzer\analyzer.py","experiment","data-formats","unreviewed",""
"experiments\source\mods-drive\Architect_Mod\Code_History\CODE-0037-working\architect_toolkit\temp_verify\architect_toolkit\temp_inspect\architect_toolkit\temp_zip_extract\architect_toolkit\tools\SemanticCaptureAnalyzer\tests\fixtures\complete\semantic_actions.jsonl","experiment","data-formats","unreviewed",""
"experiments\source\mods-drive\Architect_Mod\Code_History\CODE-0037-working\architect_toolkit\temp_verify\architect_toolkit\temp_inspect\architect_toolkit\temp_zip_extract\architect_toolkit\tools\SemanticCaptureAnalyzer\tests\fixtures\preview\semantic_actions.jsonl","experiment","data-formats","unreviewed",""
"experiments\source\mods-drive\Architect_Mod\Code_History\CODE-0037-working\architect_toolkit\temp_verify\architect_toolkit\temp_inspect\architect_toolkit\temp_zip_extract\architect_toolkit\tools\SemanticCaptureAnalyzer\tests\test_analyzer.py","experiment","data-formats","unreviewed",""
"experiments\source\mods-drive\Architect_Mod\Code_History\CODE-0037-working\architect_toolkit\temp_verify\architect_toolkit\temp_inspect\architect_toolkit\tools\ArchitectDataIndex\tests\test_catalog.py","experiment","data-formats","unreviewed",""
"experiments\source\mods-drive\Architect_Mod\Code_History\CODE-0037-working\architect_toolkit\temp_verify\architect_toolkit\temp_inspect\architect_toolkit\tools\ArchitectDataIndex\tests\test_index.py","experiment","data-formats","unreviewed",""
"experiments\source\mods-drive\Architect_Mod\Code_History\CODE-0037-working\architect_toolkit\temp_verify\architect_toolkit\temp_inspect\architect_toolkit\tools\EntityInspector\tests\test_cursor_dataflow.py","experiment","data-formats","unreviewed",""
"experiments\source\mods-drive\Architect_Mod\Code_History\CODE-0037-working\architect_toolkit\temp_zip_extract\architect_toolkit\docs\tools\SemanticCaptureAnalyzer.md","experiment","data-formats","unreviewed",""
"experiments\source\mods-drive\Architect_Mod\Code_History\CODE-0037-working\architect_toolkit\temp_zip_extract\architect_toolkit\runtime\crash_log.txt","experiment","data-formats","unreviewed",""
"experiments\source\mods-drive\Architect_Mod\Code_History\CODE-0037-working\architect_toolkit\temp_zip_extract\architect_toolkit\runtime\staging\architect_product_path_preview_test\CODE-0014_TEST_ONLY.txt","experiment","data-formats","unreviewed",""
"experiments\source\mods-drive\Architect_Mod\Code_History\CODE-0037-working\architect_toolkit\temp_zip_extract\architect_toolkit\runtime\staging\architect_product_path_preview_test\src\mod.lua","experiment","data-formats","unreviewed",""
"experiments\source\mods-drive\Architect_Mod\Code_History\CODE-0037-working\architect_toolkit\temp_zip_extract\architect_toolkit\tools\ArchitectCore\tests\__init__.py","experiment","data-formats","unreviewed",""
"experiments\source\mods-drive\Architect_Mod\Code_History\CODE-0037-working\architect_toolkit\temp_zip_extract\architect_toolkit\tools\ArchitectCore\tests\test_core.py","experiment","data-formats","unreviewed",""
"experiments\source\mods-drive\Architect_Mod\Code_History\CODE-0037-working\architect_toolkit\temp_zip_extract\architect_toolkit\tools\ArchitectDataIndex\tests\test_catalog.py","experiment","data-formats","unreviewed",""
"experiments\source\mods-drive\Architect_Mod\Code_History\CODE-0037-working\architect_toolkit\temp_zip_extract\architect_toolkit\tools\ArchitectDataIndex\tests\test_index.py","experiment","data-formats","unreviewed",""
"experiments\source\mods-drive\Architect_Mod\Code_History\CODE-0037-working\architect_toolkit\temp_zip_extract\architect_toolkit\tools\ArchitectProductPath\test_preview_activation_package.py","experiment","data-formats","unreviewed",""
"experiments\source\mods-drive\Architect_Mod\Code_History\CODE-0037-working\architect_toolkit\temp_zip_extract\architect_toolkit\tools\ArchitectProductPath\test_product_path_staging.py","experiment","data-formats","unreviewed",""
"experiments\source\mods-drive\Architect_Mod\Code_History\CODE-0037-working\architect_toolkit\temp_zip_extract\architect_toolkit\tools\ArchitectVoxel\test_architect_voxel.py","experiment","data-formats","unreviewed",""
"experiments\source\mods-drive\Architect_Mod\Code_History\CODE-0037-working\architect_toolkit\temp_zip_extract\architect_toolkit\tools\CameraFov\tests\test_camera_fov.py","experiment","data-formats","unreviewed",""
"experiments\source\mods-drive\Architect_Mod\Code_History\CODE-0037-working\architect_toolkit\temp_zip_extract\architect_toolkit\tools\CheatCorrelation\analyze_capture.py","experiment","data-formats","unreviewed",""
"experiments\source\mods-drive\Architect_Mod\Code_History\CODE-0037-working\architect_toolkit\temp_zip_extract\architect_toolkit\tools\CheatCorrelation\tests\test_analyzer.py","experiment","data-formats","unreviewed",""
"experiments\source\mods-drive\Architect_Mod\Code_History\CODE-0037-working\architect_toolkit\temp_zip_extract\architect_toolkit\tools\CheatCorrelation\tests\test_native_harness.py","experiment","data-formats","unreviewed",""
"experiments\source\mods-drive\Architect_Mod\Code_History\CODE-0037-working\architect_toolkit\temp_zip_extract\architect_toolkit\tools\CheatSprint\tests\test_candidates.py","experiment","data-formats","unreviewed",""
"experiments\source\mods-drive\Architect_Mod\Code_History\CODE-0037-working\architect_toolkit\temp_zip_extract\architect_toolkit\tools\EntityInspector\tests\test_cursor_dataflow.py","experiment","data-formats","unreviewed",""
"experiments\source\mods-drive\Architect_Mod\Code_History\CODE-0037-working\architect_toolkit\temp_zip_extract\architect_toolkit\tools\EntityInspector\tests\test_ecs_registry_consumers.py","experiment","data-formats","unreviewed",""
"experiments\source\mods-drive\Architect_Mod\Code_History\CODE-0037-working\architect_toolkit\temp_zip_extract\architect_toolkit\tools\EntityInspector\tests\test_entity_inspector.py","experiment","data-formats","unreviewed",""
"experiments\source\mods-drive\Architect_Mod\Code_History\CODE-0037-working\architect_toolkit\temp_zip_extract\architect_toolkit\tools\SemanticCaptureAnalyzer\analyze.py","experiment","data-formats","unreviewed",""
"experiments\source\mods-drive\Architect_Mod\Code_History\CODE-0037-working\architect_toolkit\temp_zip_extract\architect_toolkit\tools\SemanticCaptureAnalyzer\analyzer.py","experiment","data-formats","unreviewed",""
"experiments\source\mods-drive\Architect_Mod\Code_History\CODE-0037-working\architect_toolkit\temp_zip_extract\architect_toolkit\tools\SemanticCaptureAnalyzer\tests\fixtures\complete\semantic_actions.jsonl","experiment","data-formats","unreviewed",""
"experiments\source\mods-drive\Architect_Mod\Code_History\CODE-0037-working\architect_toolkit\temp_zip_extract\architect_toolkit\tools\SemanticCaptureAnalyzer\tests\fixtures\preview\semantic_actions.jsonl","experiment","data-formats","unreviewed",""
"experiments\source\mods-drive\Architect_Mod\Code_History\CODE-0037-working\architect_toolkit\temp_zip_extract\architect_toolkit\tools\SemanticCaptureAnalyzer\tests\test_analyzer.py","experiment","data-formats","unreviewed",""
"experiments\source\mods-drive\Architect_Mod\Code_History\CODE-0037-working\architect_toolkit\temp_zip\architect_toolkit\temp_zip_extract\architect_toolkit\docs\tools\SemanticCaptureAnalyzer.md","experiment","data-formats","unreviewed",""
"experiments\source\mods-drive\Architect_Mod\Code_History\CODE-0037-working\architect_toolkit\temp_zip\architect_toolkit\temp_zip_extract\architect_toolkit\runtime\crash_log.txt","experiment","data-formats","unreviewed",""
"experiments\source\mods-drive\Architect_Mod\Code_History\CODE-0037-working\architect_toolkit\temp_zip\architect_toolkit\temp_zip_extract\architect_toolkit\runtime\staging\architect_product_path_preview_test\CODE-0014_TEST_ONLY.txt","experiment","data-formats","unreviewed",""
"experiments\source\mods-drive\Architect_Mod\Code_History\CODE-0037-working\architect_toolkit\temp_zip\architect_toolkit\temp_zip_extract\architect_toolkit\runtime\staging\architect_product_path_preview_test\src\mod.lua","experiment","data-formats","unreviewed",""
"experiments\source\mods-drive\Architect_Mod\Code_History\CODE-0037-working\architect_toolkit\temp_zip\architect_toolkit\temp_zip_extract\architect_toolkit\tools\ArchitectCore\tests\__init__.py","experiment","data-formats","unreviewed",""
"experiments\source\mods-drive\Architect_Mod\Code_History\CODE-0037-working\architect_toolkit\temp_zip\architect_toolkit\temp_zip_extract\architect_toolkit\tools\ArchitectCore\tests\test_core.py","experiment","data-formats","unreviewed",""
"experiments\source\mods-drive\Architect_Mod\Code_History\CODE-0037-working\architect_toolkit\temp_zip\architect_toolkit\temp_zip_extract\architect_toolkit\tools\ArchitectDataIndex\tests\test_catalog.py","experiment","data-formats","unreviewed",""
"experiments\source\mods-drive\Architect_Mod\Code_History\CODE-0037-working\architect_toolkit\temp_zip\architect_toolkit\temp_zip_extract\architect_toolkit\tools\ArchitectDataIndex\tests\test_index.py","experiment","data-formats","unreviewed",""
"experiments\source\mods-drive\Architect_Mod\Code_History\CODE-0037-working\architect_toolkit\temp_zip\architect_toolkit\temp_zip_extract\architect_toolkit\tools\ArchitectProductPath\test_preview_activation_package.py","experiment","data-formats","unreviewed",""
"experiments\source\mods-drive\Architect_Mod\Code_History\CODE-0037-working\architect_toolkit\temp_zip\architect_toolkit\temp_zip_extract\architect_toolkit\tools\ArchitectProductPath\test_product_path_staging.py","experiment","data-formats","unreviewed",""
"experiments\source\mods-drive\Architect_Mod\Code_History\CODE-0037-working\architect_toolkit\temp_zip\architect_toolkit\temp_zip_extract\architect_toolkit\tools\ArchitectVoxel\test_architect_voxel.py","experiment","data-formats","unreviewed",""
"experiments\source\mods-drive\Architect_Mod\Code_History\CODE-0037-working\architect_toolkit\temp_zip\architect_toolkit\temp_zip_extract\architect_toolkit\tools\CameraFov\tests\test_camera_fov.py","experiment","data-formats","unreviewed",""
"experiments\source\mods-drive\Architect_Mod\Code_History\CODE-0037-working\architect_toolkit\temp_zip\architect_toolkit\temp_zip_extract\architect_toolkit\tools\CheatCorrelation\analyze_capture.py","experiment","data-formats","unreviewed",""
"experiments\source\mods-drive\Architect_Mod\Code_History\CODE-0037-working\architect_toolkit\temp_zip\architect_toolkit\temp_zip_extract\architect_toolkit\tools\CheatCorrelation\tests\test_analyzer.py","experiment","data-formats","unreviewed",""
"experiments\source\mods-drive\Architect_Mod\Code_History\CODE-0037-working\architect_toolkit\temp_zip\architect_toolkit\temp_zip_extract\architect_toolkit\tools\CheatCorrelation\tests\test_native_harness.py","experiment","data-formats","unreviewed",""
"experiments\source\mods-drive\Architect_Mod\Code_History\CODE-0037-working\architect_toolkit\temp_zip\architect_toolkit\temp_zip_extract\architect_toolkit\tools\CheatSprint\tests\test_candidates.py","experiment","data-formats","unreviewed",""
"experiments\source\mods-drive\Architect_Mod\Code_History\CODE-0037-working\architect_toolkit\temp_zip\architect_toolkit\temp_zip_extract\architect_toolkit\tools\EntityInspector\tests\test_cursor_dataflow.py","experiment","data-formats","unreviewed",""
"experiments\source\mods-drive\Architect_Mod\Code_History\CODE-0037-working\architect_toolkit\temp_zip\architect_toolkit\temp_zip_extract\architect_toolkit\tools\EntityInspector\tests\test_ecs_registry_consumers.py","experiment","data-formats","unreviewed",""
"experiments\source\mods-drive\Architect_Mod\Code_History\CODE-0037-working\architect_toolkit\temp_zip\architect_toolkit\temp_zip_extract\architect_toolkit\tools\EntityInspector\tests\test_entity_inspector.py","experiment","data-formats","unreviewed",""
"experiments\source\mods-drive\Architect_Mod\Code_History\CODE-0037-working\architect_toolkit\temp_zip\architect_toolkit\temp_zip_extract\architect_toolkit\tools\SemanticCaptureAnalyzer\analyze.py","experiment","data-formats","unreviewed",""
"experiments\source\mods-drive\Architect_Mod\Code_History\CODE-0037-working\architect_toolkit\temp_zip\architect_toolkit\temp_zip_extract\architect_toolkit\tools\SemanticCaptureAnalyzer\analyzer.py","experiment","data-formats","unreviewed",""
"experiments\source\mods-drive\Architect_Mod\Code_History\CODE-0037-working\architect_toolkit\temp_zip\architect_toolkit\temp_zip_extract\architect_toolkit\tools\SemanticCaptureAnalyzer\tests\fixtures\complete\semantic_actions.jsonl","experiment","data-formats","unreviewed",""
"experiments\source\mods-drive\Architect_Mod\Code_History\CODE-0037-working\architect_toolkit\temp_zip\architect_toolkit\temp_zip_extract\architect_toolkit\tools\SemanticCaptureAnalyzer\tests\fixtures\preview\semantic_actions.jsonl","experiment","data-formats","unreviewed",""
"experiments\source\mods-drive\Architect_Mod\Code_History\CODE-0037-working\architect_toolkit\temp_zip\architect_toolkit\temp_zip_extract\architect_toolkit\tools\SemanticCaptureAnalyzer\tests\test_analyzer.py","experiment","data-formats","unreviewed",""
"experiments\source\mods-drive\Architect_Mod\Code_History\CODE-0037-working\architect_toolkit\temp_zip\architect_toolkit\tools\ArchitectDataIndex\tests\test_catalog.py","experiment","data-formats","unreviewed",""
"experiments\source\mods-drive\Architect_Mod\Code_History\CODE-0037-working\architect_toolkit\temp_zip\architect_toolkit\tools\ArchitectDataIndex\tests\test_index.py","experiment","data-formats","unreviewed",""
"experiments\source\mods-drive\Architect_Mod\Code_History\CODE-0037-working\architect_toolkit\temp_zip\architect_toolkit\tools\EntityInspector\tests\test_cursor_dataflow.py","experiment","data-formats","unreviewed",""
"experiments\source\mods-drive\Architect_Mod\Code_History\CODE-0037-working\architect_toolkit\tools\ArchitectDataIndex\tests\test_catalog.py","experiment","data-formats","unreviewed",""
"experiments\source\mods-drive\Architect_Mod\Code_History\CODE-0037-working\architect_toolkit\tools\ArchitectDataIndex\tests\test_index.py","experiment","data-formats","unreviewed",""
"experiments\source\mods-drive\Architect_Mod\Code_History\CODE-0037-working\architect_toolkit\tools\EntityInspector\tests\test_cursor_dataflow.py","experiment","data-formats","unreviewed",""
"experiments\source\mods-drive\Architect_Mod\Code_History\CODE-0043G6A\CODE-0043G6A_GAME_FOLDER_TEST_manifest.txt","experiment","data-formats","unreviewed",""
"experiments\source\mods-drive\Architect_Mod\Code_History\CODE-0044A\candidate\tools\ArchitectDataIndex\tests\test_catalog.py","experiment","data-formats","unreviewed",""
"experiments\source\mods-drive\Architect_Mod\Code_History\CODE-0044A\candidate\tools\ArchitectDataIndex\tests\test_index.py","experiment","data-formats","unreviewed",""
"experiments\source\mods-drive\Architect_Mod\Code_History\CODE-0044A\candidate\tools\EntityInspector\tests\test_cursor_dataflow.py","experiment","data-formats","unreviewed",""
"experiments\source\mods-drive\Control_Center\profiles\localization-probe-install\backups\control_center_localization_probe\src\kfc_localization_registry.lua","experiment","data-formats","unreviewed",""
"experiments\source\mods-drive\Control_Center\profiles\localized-bed-probe-install\backups\localized_bed_probe_1076226\src\kfc_localization_registry.lua","experiment","data-formats","unreviewed",""
"experiments\source\mods-drive\Control_Center\profiles\quarantine\localization_probe_steam_inconclusive_20260927\src\kfc_localization_registry.lua","experiment","data-formats","unreviewed",""
"experiments\source\mods-drive\Control_Center\staging\compiled_bed_probe_20260927_v10\src\kfc_content_registry.lua","experiment","data-formats","unreviewed",""
"experiments\source\mods-drive\Control_Center\staging\compiled_bed_probe_20260927_v10\src\kfc_localization_registry.lua","experiment","data-formats","unreviewed",""
"experiments\source\mods-drive\Control_Center\staging\compiled_bed_probe_20260927_v11\src\kfc_content_registry.lua","experiment","data-formats","unreviewed",""
"experiments\source\mods-drive\Control_Center\staging\compiled_bed_probe_20260927_v11\src\kfc_localization_registry.lua","experiment","data-formats","unreviewed",""
"experiments\source\mods-drive\Control_Center\staging\compiled_bed_probe_20260927_v12\src\kfc_content_registry.lua","experiment","data-formats","unreviewed",""
"experiments\source\mods-drive\Control_Center\staging\compiled_bed_probe_20260927_v12\src\kfc_localization_registry.lua","experiment","data-formats","unreviewed",""
"experiments\source\mods-drive\Control_Center\staging\compiled_bed_probe_20260927_v13\src\kfc_content_registry.lua","experiment","data-formats","unreviewed",""
"experiments\source\mods-drive\Control_Center\staging\compiled_bed_probe_20260927_v13\src\kfc_localization_registry.lua","experiment","data-formats","unreviewed",""
"experiments\source\mods-drive\Control_Center\staging\compiled_bed_probe_20260927_v14\src\kfc_content_registry.lua","experiment","data-formats","unreviewed",""
"experiments\source\mods-drive\Control_Center\staging\compiled_bed_probe_20260927_v14\src\kfc_localization_registry.lua","experiment","data-formats","unreviewed",""
"experiments\source\mods-drive\Control_Center\staging\compiled_bed_probe_20260927_v15\src\kfc_content_registry.lua","experiment","data-formats","unreviewed",""
"experiments\source\mods-drive\Control_Center\staging\compiled_bed_probe_20260927_v15\src\kfc_localization_registry.lua","experiment","data-formats","unreviewed",""
"experiments\source\mods-drive\Control_Center\staging\compiled_bed_probe_20260927_v16\src\kfc_content_registry.lua","experiment","data-formats","unreviewed",""
"experiments\source\mods-drive\Control_Center\staging\compiled_bed_probe_20260927_v16\src\kfc_localization_registry.lua","experiment","data-formats","unreviewed",""
"experiments\source\mods-drive\Control_Center\staging\compiled_bed_probe_20260927_v17\src\kfc_content_registry.lua","experiment","data-formats","unreviewed",""
"experiments\source\mods-drive\Control_Center\staging\compiled_bed_probe_20260927_v17\src\kfc_localization_registry.lua","experiment","data-formats","unreviewed",""
"experiments\source\mods-drive\Control_Center\staging\compiled_bed_probe_20260927_v18\src\kfc_content_registry.lua","experiment","data-formats","unreviewed",""
"experiments\source\mods-drive\Control_Center\staging\compiled_bed_probe_20260927_v18\src\kfc_localization_registry.lua","experiment","data-formats","unreviewed",""
"experiments\source\mods-drive\Control_Center\staging\compiled_bed_probe_20260927_v19\src\kfc_content_registry.lua","experiment","data-formats","unreviewed",""
"experiments\source\mods-drive\Control_Center\staging\compiled_bed_probe_20260927_v19\src\kfc_localization_registry.lua","experiment","data-formats","unreviewed",""
"experiments\source\mods-drive\Control_Center\staging\compiled_bed_probe_20260927_v2\src\kfc_content_registry.lua","experiment","data-formats","unreviewed",""
"experiments\source\mods-drive\Control_Center\staging\compiled_bed_probe_20260927_v2\src\kfc_localization_registry.lua","experiment","data-formats","unreviewed",""
"experiments\source\mods-drive\Control_Center\staging\compiled_bed_probe_20260927_v20\src\kfc_content_registry.lua","experiment","data-formats","unreviewed",""
"experiments\source\mods-drive\Control_Center\staging\compiled_bed_probe_20260927_v20\src\kfc_localization_registry.lua","experiment","data-formats","unreviewed",""
"experiments\source\mods-drive\Control_Center\staging\compiled_bed_probe_20260927_v3\src\kfc_content_registry.lua","experiment","data-formats","unreviewed",""
"experiments\source\mods-drive\Control_Center\staging\compiled_bed_probe_20260927_v3\src\kfc_localization_registry.lua","experiment","data-formats","unreviewed",""
"experiments\source\mods-drive\Control_Center\staging\compiled_bed_probe_20260927_v4\src\kfc_content_registry.lua","experiment","data-formats","unreviewed",""
"experiments\source\mods-drive\Control_Center\staging\compiled_bed_probe_20260927_v4\src\kfc_localization_registry.lua","experiment","data-formats","unreviewed",""
"experiments\source\mods-drive\Control_Center\staging\compiled_bed_probe_20260927_v5\src\kfc_content_registry.lua","experiment","data-formats","unreviewed",""
"experiments\source\mods-drive\Control_Center\staging\compiled_bed_probe_20260927_v5\src\kfc_localization_registry.lua","experiment","data-formats","unreviewed",""
"experiments\source\mods-drive\Control_Center\staging\compiled_bed_probe_20260927_v6\src\kfc_content_registry.lua","experiment","data-formats","unreviewed",""
"experiments\source\mods-drive\Control_Center\staging\compiled_bed_probe_20260927_v6\src\kfc_localization_registry.lua","experiment","data-formats","unreviewed",""
"experiments\source\mods-drive\Control_Center\staging\compiled_bed_probe_20260927_v7\src\kfc_content_registry.lua","experiment","data-formats","unreviewed",""
"experiments\source\mods-drive\Control_Center\staging\compiled_bed_probe_20260927_v7\src\kfc_localization_registry.lua","experiment","data-formats","unreviewed",""
"experiments\source\mods-drive\Control_Center\staging\compiled_bed_probe_20260927_v8\src\kfc_content_registry.lua","experiment","data-formats","unreviewed",""
"experiments\source\mods-drive\Control_Center\staging\compiled_bed_probe_20260927_v8\src\kfc_localization_registry.lua","experiment","data-formats","unreviewed",""
"experiments\source\mods-drive\Control_Center\staging\compiled_bed_probe_20260927_v9\src\kfc_content_registry.lua","experiment","data-formats","unreviewed",""
"experiments\source\mods-drive\Control_Center\staging\compiled_bed_probe_20260927_v9\src\kfc_localization_registry.lua","experiment","data-formats","unreviewed",""
"experiments\source\mods-drive\Control_Center\staging\compiled_bed_probe_20260927\src\kfc_content_registry.lua","experiment","data-formats","unreviewed",""
"experiments\source\mods-drive\Control_Center\staging\compiled_bed_probe_20260927\src\kfc_localization_registry.lua","experiment","data-formats","unreviewed",""
"experiments\source\mods-drive\Control_Center\staging\compiled_full_icon_model_bed_probe_20260927_v2\src\kfc_content_registry.lua","experiment","data-formats","unreviewed",""
"experiments\source\mods-drive\Control_Center\staging\compiled_full_icon_model_bed_probe_20260927_v2\src\kfc_localization_registry.lua","experiment","data-formats","unreviewed",""
"experiments\source\mods-drive\Control_Center\staging\compiled_full_icon_model_bed_probe_20260927\src\kfc_content_registry.lua","experiment","data-formats","unreviewed",""
"experiments\source\mods-drive\Control_Center\staging\compiled_full_icon_model_bed_probe_20260927\src\kfc_localization_registry.lua","experiment","data-formats","unreviewed",""
"experiments\source\mods-drive\Control_Center\staging\compiled_minimal_clone_probe_20260927_v21\src\kfc_content_registry.lua","experiment","data-formats","unreviewed",""
"experiments\source\mods-drive\Control_Center\staging\compiled_minimal_clone_probe_20260927_v21\src\kfc_localization_registry.lua","experiment","data-formats","unreviewed",""
"experiments\source\mods-drive\Control_Center\staging\compiled_registry_clone_probe_20260927_v22\src\kfc_content_registry.lua","experiment","data-formats","unreviewed",""
"experiments\source\mods-drive\Control_Center\staging\compiled_registry_clone_probe_20260927_v22\src\kfc_localization_registry.lua","experiment","data-formats","unreviewed",""
"experiments\source\mods-drive\Control_Center\staging\compiled_registry_clone_probe_20260927_v23\src\kfc_content_registry.lua","experiment","data-formats","unreviewed",""
"experiments\source\mods-drive\Control_Center\staging\compiled_registry_clone_probe_20260927_v23\src\kfc_localization_registry.lua","experiment","data-formats","unreviewed",""
"experiments\source\mods-drive\Control_Center\staging\compiled_registry_clone_probe_20260927_v24\src\kfc_content_registry.lua","experiment","data-formats","unreviewed",""
"experiments\source\mods-drive\Control_Center\staging\compiled_registry_clone_probe_20260927_v24\src\kfc_localization_registry.lua","experiment","data-formats","unreviewed",""
"experiments\source\mods-drive\Control_Center\staging\compiled_registry_clone_probe_20260927_v25\src\kfc_content_registry.lua","experiment","data-formats","unreviewed",""
"experiments\source\mods-drive\Control_Center\staging\compiled_registry_clone_probe_20260927_v25\src\kfc_localization_registry.lua","experiment","data-formats","unreviewed",""
"experiments\source\mods-drive\Control_Center\staging\compiled_registry_clone_probe_20260927_v26\src\kfc_content_registry.lua","experiment","data-formats","unreviewed",""
"experiments\source\mods-drive\Control_Center\staging\compiled_registry_clone_probe_20260927_v26\src\kfc_localization_registry.lua","experiment","data-formats","unreviewed",""
"experiments\source\mods-drive\Control_Center\staging\compiled_registry_clone_probe_20260927_v27\src\kfc_content_registry.lua","experiment","data-formats","unreviewed",""
"experiments\source\mods-drive\Control_Center\staging\compiled_registry_clone_probe_20260927_v27\src\kfc_localization_registry.lua","experiment","data-formats","unreviewed",""
"experiments\source\mods-drive\Control_Center\staging\compiled_registry_clone_probe_20260927_v28\src\kfc_content_registry.lua","experiment","data-formats","unreviewed",""
"experiments\source\mods-drive\Control_Center\staging\compiled_registry_clone_probe_20260927_v28\src\kfc_localization_registry.lua","experiment","data-formats","unreviewed",""
"experiments\source\mods-drive\Control_Center\staging\compiled_registry_clone_probe_20260927_v29\src\kfc_content_registry.lua","experiment","data-formats","unreviewed",""
"experiments\source\mods-drive\Control_Center\staging\compiled_registry_clone_probe_20260927_v29\src\kfc_localization_registry.lua","experiment","data-formats","unreviewed",""
"experiments\source\mods-drive\Control_Center\staging\compiled_registry_clone_probe_20260927_v30\src\kfc_content_registry.lua","experiment","data-formats","unreviewed",""
"experiments\source\mods-drive\Control_Center\staging\compiled_registry_clone_probe_20260927_v30\src\kfc_localization_registry.lua","experiment","data-formats","unreviewed",""
"experiments\source\mods-drive\Control_Center\staging\compiled_registry_clone_probe_20260927_v31\src\kfc_content_registry.lua","experiment","data-formats","unreviewed",""
"experiments\source\mods-drive\Control_Center\staging\compiled_registry_clone_probe_20260927_v31\src\kfc_localization_registry.lua","experiment","data-formats","unreviewed",""
"experiments\source\mods-drive\Control_Center\staging\compiled_resource_graph_probe_bed_20260927\src\kfc_content_registry.lua","experiment","data-formats","unreviewed",""
"experiments\source\mods-drive\Control_Center\staging\compiled_resource_graph_probe_bed_20260927\src\kfc_localization_registry.lua","experiment","data-formats","unreviewed",""
"experiments\source\mods-drive\Control_Center\staging\compiled_single_render_model_probe_20260927\src\kfc_content_registry.lua","experiment","data-formats","unreviewed",""
"experiments\source\mods-drive\Control_Center\staging\compiled_single_render_model_probe_20260927\src\kfc_localization_registry.lua","experiment","data-formats","unreviewed",""
"experiments\source\mods-drive\Control_Center\staging\compiled_single_template_probe_20260927\src\kfc_content_registry.lua","experiment","data-formats","unreviewed",""
"experiments\source\mods-drive\Control_Center\staging\compiled_single_template_probe_20260927\src\kfc_localization_registry.lua","experiment","data-formats","unreviewed",""
"experiments\source\mods-drive\Control_Center\staging\compiled_visual_field_probe_bed_20260927\src\kfc_content_registry.lua","experiment","data-formats","unreviewed",""
"experiments\source\mods-drive\Control_Center\staging\compiled_visual_field_probe_bed_20260927\src\kfc_localization_registry.lua","experiment","data-formats","unreviewed",""
"experiments\source\mods-drive\Control_Center\staging\compiled_visual_substitution_probe_20260927\src\kfc_content_registry.lua","experiment","data-formats","unreviewed",""
"experiments\source\mods-drive\Control_Center\staging\compiled_visual_substitution_probe_20260927\src\kfc_localization_registry.lua","experiment","data-formats","unreviewed",""
"experiments\source\mods-drive\Control_Center\tests\test_animation_world_metadata_evidence.py","experiment","data-formats","unreviewed",""
"experiments\source\mods-drive\Control_Center\tests\test_build_metadata_probe_suite.py","experiment","data-formats","unreviewed",""
"experiments\source\mods-drive\Control_Center\tests\test_build_voxel_material_metadata_probe.py","experiment","data-formats","unreviewed",""
"experiments\source\mods-drive\Control_Center\tests\test_kfc_binary.py","experiment","data-formats","unreviewed",""
"experiments\source\mods-drive\Control_Center\tests\test_kfc_fixture_verifier.py","experiment","data-formats","unreviewed",""
"experiments\source\mods-drive\Control_Center\tests\test_probe_manifest_safety.py","experiment","data-formats","unreviewed",""
"experiments\source\mods-drive\Control_Center\tests\test_release_manifest.py","experiment","data-formats","unreviewed",""
"experiments\source\mods-drive\Control_Center\tests\test_verify_metadata_policy.py","experiment","data-formats","unreviewed",""
"experiments\source\mods-drive\Control_Center\tests\test_visual_reference.py","experiment","data-formats","unreviewed",""
"experiments\source\mods-drive\Control_Center\tests\test_water_chunk_metadata_evidence.py","experiment","data-formats","unreviewed",""
"experiments\source\mods-drive\Control_Center\tools\build_kfc_write_probe.py","experiment","data-formats","unreviewed",""
"experiments\source\mods-drive\Control_Center\tools\build_metadata_probe_suite.py","experiment","data-formats","unreviewed",""
"experiments\source\mods-drive\Control_Center\tools\build_resource_metadata_probe.py","experiment","data-formats","unreviewed",""
"experiments\source\mods-drive\Control_Center\tools\build_resource_metadata_single_probe.py","experiment","data-formats","unreviewed",""
"experiments\source\mods-drive\Control_Center\tools\build_voxel_material_metadata_probe.py","experiment","data-formats","unreviewed",""
"experiments\source\mods-drive\Export\Test_Builds\MANIFEST_INC0016.md","experiment","data-formats","unreviewed",""
"implementations\source\mods-drive\enshrouded_1013216_rebuilt_reference.ct","implementation","data-formats","unreviewed",""
"implementations\source\mods-drive\Enshrouded_Reference_Feature_Specification.md","implementation","data-formats","unreviewed",""
"implementations\source\mods-drive\Export\MANIFEST_INC0013.md","implementation","data-formats","unreviewed",""
"implementations\source\mods-drive\Export\MANIFEST_INC0014.md","implementation","data-formats","unreviewed",""
"implementations\source\mods-drive\Export\MANIFEST_INC0015.md","implementation","data-formats","unreviewed",""
"implementations\source\mods-drive\Export\MANIFEST_INC0016.md","implementation","data-formats","unreviewed",""
"implementations\source\mods-drive\Incoming\2026-09-15\INC-0001\INTAKE_MANIFEST.md","implementation","data-formats","unreviewed",""
"implementations\source\mods-drive\Incoming\2026-09-16\INC-0002\INTAKE_METADATA.txt","implementation","data-formats","unreviewed",""
"implementations\source\mods-drive\Incoming\2026-09-19\INC-0054\INC-0054_INTAKE_METADATA.md","implementation","data-formats","unreviewed",""
"implementations\source\mods-drive\Incoming\2026-09-19\INC-0055\INTAKE_METADATA.txt","implementation","data-formats","unreviewed",""
"implementations\source\mods-drive\Incoming\2026-09-19\INC-0056\INTAKE_METADATA.txt","implementation","data-formats","unreviewed",""
"implementations\source\mods-drive\Incoming\2026-09-19\INC-0057\INTAKE_METADATA.txt","implementation","data-formats","unreviewed",""
"implementations\source\mods-drive\Incoming\2026-09-19\INC-0058\INTAKE_METADATA.txt","implementation","data-formats","unreviewed",""
"implementations\source\mods-drive\Incoming\2026-09-19\INC-0059\INTAKE_METADATA.txt","implementation","data-formats","unreviewed",""
"implementations\source\mods-drive\Incoming\2026-09-19\INC-0060\INTAKE_METADATA.txt","implementation","data-formats","unreviewed",""
"implementations\source\mods-drive\Incoming\2026-09-19\INC-0061\INTAKE_METADATA.txt","implementation","data-formats","unreviewed",""
"implementations\source\mods-drive\Incoming\2026-09-20\INC-0061\INTAKE_METADATA.txt","implementation","data-formats","unreviewed",""
"implementations\source\mods-drive\Incoming\2026-09-20\INC-0062\INC-0062_INTAKE_METADATA.txt","implementation","data-formats","unreviewed",""
"research\source\mods-drive\_static_audit_20260926\EML Beginners Guide 135 0.1.0 2026-08-24T01-41Z Jmd9c7ISd\User_2_Data_Miner.md","research","data-formats","unreviewed",""
"research\source\mods-drive\Architect_Mod\Code_History\CODE-0037-working\architect_toolkit\docs\research\EntityInspector-CODE-0028-CursorDataFlow.md","research","data-formats","unreviewed",""
"research\source\mods-drive\Architect_Mod\Code_History\CODE-0037-working\architect_toolkit\temp_verify\architect_toolkit\temp_inspect\architect_toolkit\temp_zip_extract\architect_toolkit\docs\research\Backend-CODE-0030-NativeMemoryFoundation.md","research","data-formats","unreviewed",""
"research\source\mods-drive\Architect_Mod\Code_History\CODE-0037-working\architect_toolkit\temp_verify\architect_toolkit\temp_inspect\architect_toolkit\temp_zip_extract\architect_toolkit\docs\research\Backend-CODE-0031-LiveBackendFoundation.md","research","data-formats","unreviewed",""
"research\source\mods-drive\Architect_Mod\Code_History\CODE-0037-working\architect_toolkit\temp_verify\architect_toolkit\temp_inspect\architect_toolkit\temp_zip_extract\architect_toolkit\docs\research\BuildSelection-StaticMap-v1.md","research","data-formats","unreviewed",""
"research\source\mods-drive\Architect_Mod\Code_History\CODE-0037-working\architect_toolkit\temp_verify\architect_toolkit\temp_inspect\architect_toolkit\temp_zip_extract\architect_toolkit\docs\research\CameraFOV-CODE-0032-LiveResourceDiscovery.md","research","data-formats","unreviewed",""
"research\source\mods-drive\Architect_Mod\Code_History\CODE-0037-working\architect_toolkit\temp_verify\architect_toolkit\temp_inspect\architect_toolkit\temp_zip_extract\architect_toolkit\docs\research\CODE-0005-RuntimeCapture-Runbook.md","research","data-formats","unreviewed",""
"research\source\mods-drive\Architect_Mod\Code_History\CODE-0037-working\architect_toolkit\temp_verify\architect_toolkit\temp_inspect\architect_toolkit\temp_zip_extract\architect_toolkit\docs\research\CODE-0032-First-Live-Cheat-Sprint.md","research","data-formats","unreviewed",""
"research\source\mods-drive\Architect_Mod\Code_History\CODE-0037-working\architect_toolkit\temp_verify\architect_toolkit\temp_inspect\architect_toolkit\temp_zip_extract\architect_toolkit\docs\research\CODE-0033-Movement-Stamina-Correlation.md","research","data-formats","unreviewed",""
"research\source\mods-drive\Architect_Mod\Code_History\CODE-0037-working\architect_toolkit\temp_verify\architect_toolkit\temp_inspect\architect_toolkit\temp_zip_extract\architect_toolkit\docs\research\EntityInspector-CODE-0027.md","research","data-formats","unreviewed",""
"research\source\mods-drive\Architect_Mod\Code_History\CODE-0037-working\architect_toolkit\temp_verify\architect_toolkit\temp_inspect\architect_toolkit\temp_zip_extract\architect_toolkit\docs\research\EntityInspector-CODE-0028-CursorDataFlow.md","research","data-formats","unreviewed",""
"research\source\mods-drive\Architect_Mod\Code_History\CODE-0037-working\architect_toolkit\temp_verify\architect_toolkit\temp_inspect\architect_toolkit\temp_zip_extract\architect_toolkit\docs\research\EntityInspector-CODE-0029-ECSSystemRecovery.md","research","data-formats","unreviewed",""
"research\source\mods-drive\Architect_Mod\Code_History\CODE-0037-working\architect_toolkit\temp_verify\architect_toolkit\temp_inspect\architect_toolkit\temp_zip_extract\architect_toolkit\docs\research\Helper8D5CA0-SiteContract-StaticMap-v1.md","research","data-formats","unreviewed",""
"research\source\mods-drive\Architect_Mod\Code_History\CODE-0037-working\architect_toolkit\temp_verify\architect_toolkit\temp_inspect\architect_toolkit\temp_zip_extract\architect_toolkit\docs\research\ParentCallRelayDownstreamCorrelation-Design-v1.md","research","data-formats","unreviewed",""
"research\source\mods-drive\Architect_Mod\Code_History\CODE-0037-working\architect_toolkit\temp_verify\architect_toolkit\temp_inspect\architect_toolkit\temp_zip_extract\architect_toolkit\docs\research\ParentFrameLifetimeCorrelation-Qualification-v1.md","research","data-formats","unreviewed",""
"research\source\mods-drive\Architect_Mod\Code_History\CODE-0037-working\architect_toolkit\temp_verify\architect_toolkit\temp_inspect\architect_toolkit\temp_zip_extract\architect_toolkit\docs\research\ParentRelaySafetyClosure-Qualification-v1.md","research","data-formats","unreviewed",""
"research\source\mods-drive\Architect_Mod\Code_History\CODE-0037-working\architect_toolkit\temp_verify\architect_toolkit\temp_inspect\architect_toolkit\temp_zip_extract\architect_toolkit\docs\research\SelectionPreviewAuthorityConvergence-StaticMap-v1.md","research","data-formats","unreviewed",""
"research\source\mods-drive\Architect_Mod\Code_History\CODE-0037-working\architect_toolkit\temp_verify\architect_toolkit\temp_inspect\architect_toolkit\temp_zip_extract\architect_toolkit\docs\research\SemanticActionDispatcher-StaticMap-v1.md","research","data-formats","unreviewed",""
"research\source\mods-drive\Architect_Mod\Code_History\CODE-0037-working\architect_toolkit\temp_verify\architect_toolkit\temp_inspect\architect_toolkit\temp_zip_extract\architect_toolkit\docs\research\TargetResolver-StaticMap-v1.md","research","data-formats","unreviewed",""
"research\source\mods-drive\Architect_Mod\Code_History\CODE-0037-working\architect_toolkit\temp_verify\architect_toolkit\temp_inspect\architect_toolkit\temp_zip_extract\architect_toolkit\runtime\native\ARCHITECT_NATIVE_KNOWLEDGE.md","research","data-formats","unreviewed",""
"research\source\mods-drive\Architect_Mod\Code_History\CODE-0037-working\architect_toolkit\temp_verify\architect_toolkit\temp_inspect\architect_toolkit\temp_zip_extract\architect_toolkit\runtime\native\selector_crash_audit_20260912.md","research","data-formats","unreviewed",""
"research\source\mods-drive\Architect_Mod\Code_History\CODE-0037-working\architect_toolkit\temp_zip_extract\architect_toolkit\bridge\analysis\latest_semantic_capture_report.md","research","data-formats","unreviewed",""
"research\source\mods-drive\Architect_Mod\Code_History\CODE-0037-working\architect_toolkit\temp_zip_extract\architect_toolkit\docs\research\Backend-CODE-0030-NativeMemoryFoundation.md","research","data-formats","unreviewed",""
"research\source\mods-drive\Architect_Mod\Code_History\CODE-0037-working\architect_toolkit\temp_zip_extract\architect_toolkit\docs\research\Backend-CODE-0031-LiveBackendFoundation.md","research","data-formats","unreviewed",""
"research\source\mods-drive\Architect_Mod\Code_History\CODE-0037-working\architect_toolkit\temp_zip_extract\architect_toolkit\docs\research\BuildSelection-StaticMap-v1.md","research","data-formats","unreviewed",""
"research\source\mods-drive\Architect_Mod\Code_History\CODE-0037-working\architect_toolkit\temp_zip_extract\architect_toolkit\docs\research\CameraFOV-CODE-0032-LiveResourceDiscovery.md","research","data-formats","unreviewed",""
"research\source\mods-drive\Architect_Mod\Code_History\CODE-0037-working\architect_toolkit\temp_zip_extract\architect_toolkit\docs\research\CODE-0005-RuntimeCapture-Runbook.md","research","data-formats","unreviewed",""
"research\source\mods-drive\Architect_Mod\Code_History\CODE-0037-working\architect_toolkit\temp_zip_extract\architect_toolkit\docs\research\CODE-0032-First-Live-Cheat-Sprint.md","research","data-formats","unreviewed",""
"research\source\mods-drive\Architect_Mod\Code_History\CODE-0037-working\architect_toolkit\temp_zip_extract\architect_toolkit\docs\research\CODE-0033-Movement-Stamina-Correlation.md","research","data-formats","unreviewed",""
"research\source\mods-drive\Architect_Mod\Code_History\CODE-0037-working\architect_toolkit\temp_zip_extract\architect_toolkit\docs\research\EntityInspector-CODE-0027.md","research","data-formats","unreviewed",""
"research\source\mods-drive\Architect_Mod\Code_History\CODE-0037-working\architect_toolkit\temp_zip_extract\architect_toolkit\docs\research\EntityInspector-CODE-0028-CursorDataFlow.md","research","data-formats","unreviewed",""
"research\source\mods-drive\Architect_Mod\Code_History\CODE-0037-working\architect_toolkit\temp_zip_extract\architect_toolkit\docs\research\EntityInspector-CODE-0029-ECSSystemRecovery.md","research","data-formats","unreviewed",""
"research\source\mods-drive\Architect_Mod\Code_History\CODE-0037-working\architect_toolkit\temp_zip_extract\architect_toolkit\docs\research\Helper8D5CA0-SiteContract-StaticMap-v1.md","research","data-formats","unreviewed",""
"research\source\mods-drive\Architect_Mod\Code_History\CODE-0037-working\architect_toolkit\temp_zip_extract\architect_toolkit\docs\research\ParentCallRelayDownstreamCorrelation-Design-v1.md","research","data-formats","unreviewed",""
"research\source\mods-drive\Architect_Mod\Code_History\CODE-0037-working\architect_toolkit\temp_zip_extract\architect_toolkit\docs\research\ParentFrameLifetimeCorrelation-Qualification-v1.md","research","data-formats","unreviewed",""
"research\source\mods-drive\Architect_Mod\Code_History\CODE-0037-working\architect_toolkit\temp_zip_extract\architect_toolkit\docs\research\ParentRelaySafetyClosure-Qualification-v1.md","research","data-formats","unreviewed",""
"research\source\mods-drive\Architect_Mod\Code_History\CODE-0037-working\architect_toolkit\temp_zip_extract\architect_toolkit\docs\research\SelectionPreviewAuthorityConvergence-StaticMap-v1.md","research","data-formats","unreviewed",""
"research\source\mods-drive\Architect_Mod\Code_History\CODE-0037-working\architect_toolkit\temp_zip_extract\architect_toolkit\docs\research\SemanticActionDispatcher-StaticMap-v1.md","research","data-formats","unreviewed",""
"research\source\mods-drive\Architect_Mod\Code_History\CODE-0037-working\architect_toolkit\temp_zip_extract\architect_toolkit\docs\research\TargetResolver-StaticMap-v1.md","research","data-formats","unreviewed",""
"research\source\mods-drive\Architect_Mod\Code_History\CODE-0037-working\architect_toolkit\temp_zip_extract\architect_toolkit\runtime_resource_lookup_research.md","research","data-formats","unreviewed",""
"research\source\mods-drive\Architect_Mod\Code_History\CODE-0037-working\architect_toolkit\temp_zip_extract\architect_toolkit\runtime\native\ARCHITECT_NATIVE_KNOWLEDGE.md","research","data-formats","unreviewed",""
"research\source\mods-drive\Architect_Mod\Code_History\CODE-0037-working\architect_toolkit\temp_zip_extract\architect_toolkit\runtime\native\selector_crash_audit_20260912.md","research","data-formats","unreviewed",""
"research\source\mods-drive\Architect_Mod\Code_History\CODE-0037-working\architect_toolkit\temp_zip\architect_toolkit\docs\research\EntityInspector-CODE-0028-CursorDataFlow.md","research","data-formats","unreviewed",""
"research\source\mods-drive\Architect_Mod\Code_History\CODE-0037-working\architect_toolkit\temp_zip\architect_toolkit\temp_zip_extract\architect_toolkit\bridge\analysis\latest_semantic_capture_report.md","research","data-formats","unreviewed",""
"research\source\mods-drive\Architect_Mod\Code_History\CODE-0037-working\architect_toolkit\temp_zip\architect_toolkit\temp_zip_extract\architect_toolkit\docs\research\Backend-CODE-0030-NativeMemoryFoundation.md","research","data-formats","unreviewed",""
"research\source\mods-drive\Architect_Mod\Code_History\CODE-0037-working\architect_toolkit\temp_zip\architect_toolkit\temp_zip_extract\architect_toolkit\docs\research\Backend-CODE-0031-LiveBackendFoundation.md","research","data-formats","unreviewed",""
"research\source\mods-drive\Architect_Mod\Code_History\CODE-0037-working\architect_toolkit\temp_zip\architect_toolkit\temp_zip_extract\architect_toolkit\docs\research\BuildSelection-StaticMap-v1.md","research","data-formats","unreviewed",""
"research\source\mods-drive\Architect_Mod\Code_History\CODE-0037-working\architect_toolkit\temp_zip\architect_toolkit\temp_zip_extract\architect_toolkit\docs\research\CameraFOV-CODE-0032-LiveResourceDiscovery.md","research","data-formats","unreviewed",""
"research\source\mods-drive\Architect_Mod\Code_History\CODE-0037-working\architect_toolkit\temp_zip\architect_toolkit\temp_zip_extract\architect_toolkit\docs\research\CODE-0005-RuntimeCapture-Runbook.md","research","data-formats","unreviewed",""
"research\source\mods-drive\Architect_Mod\Code_History\CODE-0037-working\architect_toolkit\temp_zip\architect_toolkit\temp_zip_extract\architect_toolkit\docs\research\CODE-0032-First-Live-Cheat-Sprint.md","research","data-formats","unreviewed",""
"research\source\mods-drive\Architect_Mod\Code_History\CODE-0037-working\architect_toolkit\temp_zip\architect_toolkit\temp_zip_extract\architect_toolkit\docs\research\CODE-0033-Movement-Stamina-Correlation.md","research","data-formats","unreviewed",""
"research\source\mods-drive\Architect_Mod\Code_History\CODE-0037-working\architect_toolkit\temp_zip\architect_toolkit\temp_zip_extract\architect_toolkit\docs\research\EntityInspector-CODE-0027.md","research","data-formats","unreviewed",""
"research\source\mods-drive\Architect_Mod\Code_History\CODE-0037-working\architect_toolkit\temp_zip\architect_toolkit\temp_zip_extract\architect_toolkit\docs\research\EntityInspector-CODE-0028-CursorDataFlow.md","research","data-formats","unreviewed",""
"research\source\mods-drive\Architect_Mod\Code_History\CODE-0037-working\architect_toolkit\temp_zip\architect_toolkit\temp_zip_extract\architect_toolkit\docs\research\EntityInspector-CODE-0029-ECSSystemRecovery.md","research","data-formats","unreviewed",""
"research\source\mods-drive\Architect_Mod\Code_History\CODE-0037-working\architect_toolkit\temp_zip\architect_toolkit\temp_zip_extract\architect_toolkit\docs\research\Helper8D5CA0-SiteContract-StaticMap-v1.md","research","data-formats","unreviewed",""
"research\source\mods-drive\Architect_Mod\Code_History\CODE-0037-working\architect_toolkit\temp_zip\architect_toolkit\temp_zip_extract\architect_toolkit\docs\research\ParentCallRelayDownstreamCorrelation-Design-v1.md","research","data-formats","unreviewed",""
"research\source\mods-drive\Architect_Mod\Code_History\CODE-0037-working\architect_toolkit\temp_zip\architect_toolkit\temp_zip_extract\architect_toolkit\docs\research\ParentFrameLifetimeCorrelation-Qualification-v1.md","research","data-formats","unreviewed",""
"research\source\mods-drive\Architect_Mod\Code_History\CODE-0037-working\architect_toolkit\temp_zip\architect_toolkit\temp_zip_extract\architect_toolkit\docs\research\ParentRelaySafetyClosure-Qualification-v1.md","research","data-formats","unreviewed",""
"research\source\mods-drive\Architect_Mod\Code_History\CODE-0037-working\architect_toolkit\temp_zip\architect_toolkit\temp_zip_extract\architect_toolkit\docs\research\SelectionPreviewAuthorityConvergence-StaticMap-v1.md","research","data-formats","unreviewed",""
"research\source\mods-drive\Architect_Mod\Code_History\CODE-0037-working\architect_toolkit\temp_zip\architect_toolkit\temp_zip_extract\architect_toolkit\docs\research\SemanticActionDispatcher-StaticMap-v1.md","research","data-formats","unreviewed",""
"research\source\mods-drive\Architect_Mod\Code_History\CODE-0037-working\architect_toolkit\temp_zip\architect_toolkit\temp_zip_extract\architect_toolkit\docs\research\TargetResolver-StaticMap-v1.md","research","data-formats","unreviewed",""
"research\source\mods-drive\Architect_Mod\Code_History\CODE-0037-working\architect_toolkit\temp_zip\architect_toolkit\temp_zip_extract\architect_toolkit\runtime_resource_lookup_research.md","research","data-formats","unreviewed",""
"research\source\mods-drive\Architect_Mod\Code_History\CODE-0037-working\architect_toolkit\temp_zip\architect_toolkit\temp_zip_extract\architect_toolkit\runtime\native\ARCHITECT_NATIVE_KNOWLEDGE.md","research","data-formats","unreviewed",""
"research\source\mods-drive\Architect_Mod\Code_History\CODE-0037-working\architect_toolkit\temp_zip\architect_toolkit\temp_zip_extract\architect_toolkit\runtime\native\selector_crash_audit_20260912.md","research","data-formats","unreviewed",""
"research\source\mods-drive\Architect_Mod\Code_History\CODE-0044A\candidate\docs\research\EntityInspector-CODE-0028-CursorDataFlow.md","research","data-formats","unreviewed",""
"research\source\mods-drive\Architect_Mod\Research\KFC_Deep_Dive_1076226.md","research","data-formats","unreviewed",""
"research\source\mods-drive\Architect_Mod\Research\KFC_ModHub_Candidate_Catalog_2026-09-24.md","research","data-formats","unreviewed",""
"research\source\mods-drive\Control_Center\docs\KFC_RESEARCH_PROBE_QUICKSTART.md","research","data-formats","unreviewed",""
"research\source\mods-drive\Control_Center\research\EML_METADATA_ENUMERATION_RELEASE_20260927.md","research","data-formats","unreviewed",""
"research\source\mods-drive\Control_Center\research\EML_METADATA_LOOKUP_UPGRADE_20260927.md","research","data-formats","unreviewed",""
"research\source\mods-drive\Control_Center\research\KFC_EXTERNAL_CONTENT_ROUTE_1076226.md","research","data-formats","unreviewed",""
"research\source\mods-drive\Control_Center\research\KFC_RUNTIME_REGISTRATION_LOADER_1076226.md","research","data-formats","unreviewed",""
"research\source\mods-drive\Control_Center\research\PROBE_MANIFEST_SAFETY_20260927.md","research","data-formats","unreviewed",""
"research\source\mods-drive\Control_Center\research\probe_sessions\actor_sequence_event_graph_cycle_20260928\metadata_probe_suite\src\mod.lua","research","data-formats","unreviewed",""
"research\source\mods-drive\Control_Center\research\probe_sessions\actor_sequence_guid_lookup_cycle_20260928\metadata_probe_suite\src\mod.lua","research","data-formats","unreviewed",""
"research\source\mods-drive\Control_Center\research\probe_sessions\actor_sequence_resource_cycle_20260928\metadata_probe_suite\src\mod.lua","research","data-formats","unreviewed",""
"research\source\mods-drive\Control_Center\research\probe_sessions\animation_dependency_type_cycle_20260928\metadata_probe_suite\src\mod.lua","research","data-formats","unreviewed",""
"research\source\mods-drive\Control_Center\research\probe_sessions\animation_graph_dependency_cycle_20260928\metadata_probe_suite\src\mod.lua","research","data-formats","unreviewed",""
"research\source\mods-drive\Control_Center\research\probe_sessions\animation_graph_identity_clone_cycle_20260928\metadata_probe_suite\src\mod.lua","research","data-formats","unreviewed",""
"research\source\mods-drive\Control_Center\research\probe_sessions\animation_graph_identity_clone_cycle_20260928\staged_probe\src\kfc_content_registry.lua","research","data-formats","unreviewed",""
"research\source\mods-drive\Control_Center\research\probe_sessions\animation_graph_idle_variant_cycle_20260928\metadata_probe_suite\src\mod.lua","research","data-formats","unreviewed",""
"research\source\mods-drive\Control_Center\research\probe_sessions\animation_graph_npc_attachment_cycle_20260928_r2\metadata_probe_suite\src\mod.lua","research","data-formats","unreviewed",""
"research\source\mods-drive\Control_Center\research\probe_sessions\animation_graph_npc_attachment_cycle_20260928\metadata_probe_suite\src\mod.lua","research","data-formats","unreviewed",""
"research\source\mods-drive\Control_Center\research\probe_sessions\animation_graph_single_donor_cycle_20260928\metadata_probe_suite\src\mod.lua","research","data-formats","unreviewed",""
"research\source\mods-drive\Control_Center\research\probe_sessions\animation_world_metadata_cycle_20260928_r2\metadata_probe_suite\src\mod.lua","research","data-formats","unreviewed",""
"research\source\mods-drive\Control_Center\research\probe_sessions\animation_world_metadata_cycle_20260928_r2\staged_probe\src\mod.lua","research","data-formats","unreviewed",""
"research\source\mods-drive\Control_Center\research\probe_sessions\animation_world_metadata_cycle_20260928_r3\metadata_probe_suite\src\mod.lua","research","data-formats","unreviewed",""
"research\source\mods-drive\Control_Center\research\probe_sessions\animation_world_metadata_cycle_20260928_r3\staged_probe\src\mod.lua","research","data-formats","unreviewed",""
"research\source\mods-drive\Control_Center\research\probe_sessions\animation_world_metadata_cycle_20260928\metadata_probe_suite\src\mod.lua","research","data-formats","unreviewed",""
"research\source\mods-drive\Control_Center\research\probe_sessions\animation_world_metadata_cycle_20260928\staged_probe\src\mod.lua","research","data-formats","unreviewed",""
"research\source\mods-drive\Control_Center\research\probe_sessions\blender_render_model_round_trip_cycle_20260928_104606\metadata_probe_suite\src\mod.lua","research","data-formats","unreviewed",""
"research\source\mods-drive\Control_Center\research\probe_sessions\blender_render_model_round_trip_cycle_20260928_104620\metadata_probe_suite\src\mod.lua","research","data-formats","unreviewed",""
"research\source\mods-drive\Control_Center\research\probe_sessions\blender_render_model_round_trip_cycle_20260928_104802\metadata_probe_suite\src\mod.lua","research","data-formats","unreviewed",""
"research\source\mods-drive\Control_Center\research\probe_sessions\catalog_icon_fallback_cycle_20260928_r1\metadata_probe_suite\src\mod.lua","research","data-formats","unreviewed",""
"research\source\mods-drive\Control_Center\research\probe_sessions\catalog_preview_image_only_cycle_20260928_r2\metadata_probe_suite\src\mod.lua","research","data-formats","unreviewed",""
"research\source\mods-drive\Control_Center\research\probe_sessions\catalog_preview_image_only_cycle_20260928_r2\staged_probe\src\kfc_content_registry.lua","research","data-formats","unreviewed",""
"research\source\mods-drive\Control_Center\research\probe_sessions\catalog_preview_image_only_cycle_20260928_r3\metadata_probe_suite\src\mod.lua","research","data-formats","unreviewed",""
"research\source\mods-drive\Control_Center\research\probe_sessions\catalog_preview_image_only_cycle_20260928_r3\staged_probe\src\kfc_content_registry.lua","research","data-formats","unreviewed",""
"research\source\mods-drive\Control_Center\research\probe_sessions\catalog_preview_image_only_cycle_20260928_r4\metadata_probe_suite\src\mod.lua","research","data-formats","unreviewed",""
"research\source\mods-drive\Control_Center\research\probe_sessions\catalog_preview_image_only_cycle_20260928_r5\metadata_probe_suite\src\mod.lua","research","data-formats","unreviewed",""
"research\source\mods-drive\Control_Center\research\probe_sessions\catalog_preview_image_only_cycle_20260928_r6\metadata_probe_suite\src\mod.lua","research","data-formats","unreviewed",""
"research\source\mods-drive\Control_Center\research\probe_sessions\enemy_action_sequence_resource_cycle_20260928\metadata_probe_suite\src\mod.lua","research","data-formats","unreviewed",""
"research\source\mods-drive\Control_Center\research\probe_sessions\enemy_arsenal_attack_scan_cycle_20260928\metadata_probe_suite\src\mod.lua","research","data-formats","unreviewed",""
"research\source\mods-drive\Control_Center\research\probe_sessions\enemy_arsenal_dependency_cycle_20260928\metadata_probe_suite\src\mod.lua","research","data-formats","unreviewed",""
"research\source\mods-drive\Control_Center\research\probe_sessions\enemy_arsenal_enumeration_cycle_20260928\metadata_probe_suite\src\mod.lua","research","data-formats","unreviewed",""
"research\source\mods-drive\Control_Center\research\probe_sessions\enemy_arsenal_graph_entry_cycle_20260928\metadata_probe_suite\src\mod.lua","research","data-formats","unreviewed",""
"research\source\mods-drive\Control_Center\research\probe_sessions\enemy_arsenal_payload_read_cycle_20260928_r2\metadata_probe_suite\src\mod.lua","research","data-formats","unreviewed",""
"research\source\mods-drive\Control_Center\research\probe_sessions\enemy_arsenal_payload_read_cycle_20260928\metadata_probe_suite\src\mod.lua","research","data-formats","unreviewed",""
"research\source\mods-drive\Control_Center\research\probe_sessions\enemy_arsenal_sequence_cycle_20260928\metadata_probe_suite\src\mod.lua","research","data-formats","unreviewed",""
"research\source\mods-drive\Control_Center\research\probe_sessions\enemy_arsenal_sequence_pairs_cycle_20260928\metadata_probe_suite\src\mod.lua","research","data-formats","unreviewed",""
"research\source\mods-drive\Control_Center\research\probe_sessions\enemy_behavior_action_cycle_20260928\metadata_probe_suite\src\mod.lua","research","data-formats","unreviewed",""
"research\source\mods-drive\Control_Center\research\probe_sessions\enemy_behavior_helper_cycle_20260928\metadata_probe_suite\src\mod.lua","research","data-formats","unreviewed",""
"research\source\mods-drive\Control_Center\research\probe_sessions\enemy_behavior_helper_cycle_20260928\staged_probe\src\kfc_content_registry.lua","research","data-formats","unreviewed",""
"research\source\mods-drive\Control_Center\research\probe_sessions\enemy_behavior_pairs_runtime_cycle_20260928\metadata_probe_suite\src\mod.lua","research","data-formats","unreviewed",""
"research\source\mods-drive\Control_Center\research\probe_sessions\enemy_behavior_variant_cycle_20260928\metadata_probe_suite\src\mod.lua","research","data-formats","unreviewed",""
"research\source\mods-drive\Control_Center\research\probe_sessions\gameplay_schema_cycle_20260928\metadata_probe_suite\src\mod.lua","research","data-formats","unreviewed",""
"research\source\mods-drive\Control_Center\research\probe_sessions\localization_cycle_20260928_r1\metadata_probe_suite\src\mod.lua","research","data-formats","unreviewed",""
"research\source\mods-drive\Control_Center\research\probe_sessions\localization_cycle_20260928_r1\staged_probe\src\kfc_localization_registry.lua","research","data-formats","unreviewed",""
"research\source\mods-drive\Control_Center\research\probe_sessions\material_reference_route_20260929\src\mod.lua","research","data-formats","unreviewed",""
"research\source\mods-drive\Control_Center\research\probe_sessions\quarantine_catalog_preview_image_only_cycle_20260928_r1_incomplete\staged_probe\src\kfc_content_registry.lua","research","data-formats","unreviewed",""
"research\source\mods-drive\Control_Center\research\probe_sessions\scene_resource_family_metadata_cycle_20260928\metadata_probe_suite\src\mod.lua","research","data-formats","unreviewed",""
"research\source\mods-drive\Control_Center\research\probe_sessions\scene_resource_family_metadata_cycle_20260928\staged_probe\src\mod.lua","research","data-formats","unreviewed",""
"research\source\mods-drive\Control_Center\research\probe_sessions\scene_voxel_pair_cycle_20260928\metadata_probe_suite\src\mod.lua","research","data-formats","unreviewed",""
"research\source\mods-drive\Control_Center\research\probe_sessions\visual_material_substitution_cycle_20260928_r1\RESEARCH_CYCLE.json\metadata_probe_suite\src\mod.lua","research","data-formats","unreviewed",""
"research\source\mods-drive\Control_Center\research\probe_sessions\visual_material_substitution_cycle_20260928_r2\RESEARCH_CYCLE.json\metadata_probe_suite\src\mod.lua","research","data-formats","unreviewed",""
"research\source\mods-drive\Control_Center\research\probe_sessions\visual_material_substitution_cycle_20260928_r3\RESEARCH_CYCLE.json\metadata_probe_suite\src\mod.lua","research","data-formats","unreviewed",""
"research\source\mods-drive\Control_Center\research\probe_sessions\visual_material_substitution_cycle_20260928_r4\RESEARCH_CYCLE.json\metadata_probe_suite\src\mod.lua","research","data-formats","unreviewed",""
"research\source\mods-drive\Control_Center\research\probe_sessions\visual_substitution_cycle_20260928_r2\metadata_probe_suite\src\mod.lua","research","data-formats","unreviewed",""
"research\source\mods-drive\Control_Center\research\probe_sessions\visual_substitution_cycle_20260928_r3\metadata_probe_suite\src\mod.lua","research","data-formats","unreviewed",""
"research\source\mods-drive\Control_Center\research\probe_sessions\visual_substitution_cycle_20260928_r4\metadata_probe_suite\src\mod.lua","research","data-formats","unreviewed",""
"research\source\mods-drive\Control_Center\research\probe_sessions\visual_substitution_cycle_20260928_r5\metadata_probe_suite\src\mod.lua","research","data-formats","unreviewed",""
"research\source\mods-drive\Control_Center\research\probe_sessions\visual_substitution_cycle_20260928_r6\metadata_probe_suite\src\mod.lua","research","data-formats","unreviewed",""
"research\source\mods-drive\Control_Center\research\probe_sessions\voxel_material_full_metadata_cycle_20260928\metadata_probe_suite\src\mod.lua","research","data-formats","unreviewed",""
"research\source\mods-drive\Control_Center\research\probe_sessions\voxel_material_full_metadata_cycle_20260928\staged_probe\src\mod.lua","research","data-formats","unreviewed",""
"research\source\mods-drive\Control_Center\research\probe_sessions\voxel_material_guid_type_cycle_20260928\metadata_probe_suite\src\mod.lua","research","data-formats","unreviewed",""
"research\source\mods-drive\Control_Center\research\probe_sessions\voxel_world_single_donor_cycle_20260928\metadata_probe_suite\src\mod.lua","research","data-formats","unreviewed",""
"research\source\mods-drive\Control_Center\research\probe_sessions\water_chunk_metadata_cycle_20260928\staged_probe\src\mod.lua","research","data-formats","unreviewed",""
"research\source\mods-drive\Control_Center\research\probe_sessions\water_world_single_donor_cycle_20260928\metadata_probe_suite\src\mod.lua","research","data-formats","unreviewed",""
"research\source\mods-drive\Control_Center\research\probes\actor_sequence_identity_clone_1076226\src\kfc_content_registry.lua","research","data-formats","unreviewed",""
"research\source\mods-drive\Control_Center\research\probes\animation_graph_identity_clone_1076226\src\kfc_content_registry.lua","research","data-formats","unreviewed",""
"research\source\mods-drive\Control_Center\research\probes\animation_world_metadata_probe_1076226\src\mod.lua","research","data-formats","unreviewed",""
"research\source\mods-drive\Control_Center\research\probes\catalog_preview_cleared_fallbacks_20260929\src\kfc_content_registry.lua","research","data-formats","unreviewed",""
"research\source\mods-drive\Control_Center\research\probes\catalog_preview_zero_guid_fallbacks_20260929\src\kfc_content_registry.lua","research","data-formats","unreviewed",""
"research\source\mods-drive\Control_Center\research\probes\combined_localized_bed_1076226\src\kfc_localization_registry.lua","research","data-formats","unreviewed",""
"research\source\mods-drive\Control_Center\research\probes\combined_localized_bed_v2_1076226\src\kfc_localization_registry.lua","research","data-formats","unreviewed",""
"research\source\mods-drive\Control_Center\research\probes\donor_icon_bed_v1_1076226\src\kfc_localization_registry.lua","research","data-formats","unreviewed",""
"research\source\mods-drive\Control_Center\research\probes\fb_ui_bundle_metadata_by_type_20260928\src\mod.lua","research","data-formats","unreviewed",""
"research\source\mods-drive\Control_Center\research\probes\journal_registry_identity_clone_1076226\src\kfc_content_registry.lua","research","data-formats","unreviewed",""
"research\source\mods-drive\Control_Center\research\probes\kfc_read_probe_1076226\src\mod.lua","research","data-formats","unreviewed",""
"research\source\mods-drive\Control_Center\research\probes\kfc_write_probe_batch1\src\mod.lua","research","data-formats","unreviewed",""
"research\source\mods-drive\Control_Center\research\probes\kfc_write_probe_batch2\src\mod.lua","research","data-formats","unreviewed",""
"research\source\mods-drive\Control_Center\research\probes\localization_collection_only_20260928\src\kfc_localization_registry.lua","research","data-formats","unreviewed",""
"research\source\mods-drive\Control_Center\research\probes\localization_runtime_1076226\src\kfc_localization_registry.lua","research","data-formats","unreviewed",""
"research\source\mods-drive\Control_Center\research\probes\localization_tag_only_1076226_v2\src\kfc_localization_registry.lua","research","data-formats","unreviewed",""
"research\source\mods-drive\Control_Center\research\probes\localized_bed_1076226\src\kfc_localization_registry.lua","research","data-formats","unreviewed",""
"research\source\mods-drive\Control_Center\research\probes\localized_bed_english_only_20260928_r2\src\kfc_localization_registry.lua","research","data-formats","unreviewed",""
"research\source\mods-drive\Control_Center\research\probes\localized_bed_english_only_20260928\src\kfc_localization_registry.lua","research","data-formats","unreviewed",""
"research\source\mods-drive\Control_Center\research\probes\localized_bed_label_1076226\src\kfc_localization_registry.lua","research","data-formats","unreviewed",""
"research\source\mods-drive\Control_Center\research\probes\localized_bed_label_v2_1076226\src\kfc_localization_registry.lua","research","data-formats","unreviewed",""
"research\source\mods-drive\Control_Center\research\probes\recipe_customization_bounded_20260928\src\kfc_content_registry.lua","research","data-formats","unreviewed",""
"research\source\mods-drive\Control_Center\research\probes\recipe_customization_bounded_r2_20260928\src\kfc_content_registry.lua","research","data-formats","unreviewed",""
"research\source\mods-drive\Control_Center\research\probes\recipe_customization_knowledge_20260928\src\kfc_content_registry.lua","research","data-formats","unreviewed",""
"research\source\mods-drive\Control_Center\research\probes\recipe_customization_knowledge_r2_20260928\src\kfc_content_registry.lua","research","data-formats","unreviewed",""
"research\source\mods-drive\Control_Center\research\probes\recipe_customization_workshop_20260928\src\kfc_content_registry.lua","research","data-formats","unreviewed",""
"research\source\mods-drive\Control_Center\research\probes\recipe_registry_metadata_by_type_20260928\src\mod.lua","research","data-formats","unreviewed",""
"research\source\mods-drive\Control_Center\research\probes\safe_metadata_suite_20260928\src\mod.lua","research","data-formats","unreviewed",""
"research\source\mods-drive\Control_Center\research\probes\scene_resource_family_metadata_probe_36234b22_1076226\src\mod.lua","research","data-formats","unreviewed",""
"research\source\mods-drive\Control_Center\research\probes\template_metadata_probe_1076226\src\mod.lua","research","data-formats","unreviewed",""
"research\source\mods-drive\Control_Center\research\probes\template_resource_metadata_1076226\src\mod.lua","research","data-formats","unreviewed",""
"research\source\mods-drive\Control_Center\research\probes\template_resource_metadata_api_surface_1076226\src\mod.lua","research","data-formats","unreviewed",""
"research\source\mods-drive\Control_Center\research\probes\template_resource_metadata_interaction_boundary_20260929\src\mod.lua","research","data-formats","unreviewed",""
"research\source\mods-drive\Control_Center\research\probes\template_resource_metadata_single_1076226\src\mod.lua","research","data-formats","unreviewed",""
"research\source\mods-drive\Control_Center\research\probes\voxel_material_full_metadata_36234b22_1076226\src\mod.lua","research","data-formats","unreviewed",""
"research\source\mods-drive\Control_Center\research\probes\water_chunk_metadata_probe_36234b22_1076226\src\mod.lua","research","data-formats","unreviewed",""
"research\source\mods-drive\Control_Center\research\RESOURCE_METADATA_RUNTIME_API_BOUNDARY_20260928.md","research","data-formats","unreviewed",""
"research\source\mods-drive\Control_Center\research\runtime\kfc_content_mod_template.lua","research","data-formats","unreviewed",""
"research\source\mods-drive\Control_Center\research\runtime\KFC_CONTENT_REGISTRY_HELPER_20260926.md","research","data-formats","unreviewed",""
"research\source\mods-drive\Control_Center\research\runtime\kfc_content_registry.lua","research","data-formats","unreviewed",""
"research\source\mods-drive\Control_Center\research\runtime\kfc_localization_registry.lua","research","data-formats","unreviewed",""
"research\source\mods-drive\Control_Center\research\staging\bed_clone_kfc_subset_1076226\DEPENDENCY_AUDIT.md","research","data-formats","unreviewed",""
"research\source\mods-drive\Control_Center\research\staging\catalog_preview_cleared_fallbacks_20260929_r2\src\kfc_content_registry.lua","research","data-formats","unreviewed",""
"research\source\mods-drive\Control_Center\research\staging\catalog_preview_cooking_scale_20260929\src\kfc_content_registry.lua","research","data-formats","unreviewed",""
"research\source\mods-drive\Control_Center\research\staging\catalog_preview_exposure_20260929\src\kfc_content_registry.lua","research","data-formats","unreviewed",""
"research\source\mods-drive\Control_Center\research\staging\catalog_preview_image_only_20260929_r2\src\kfc_content_registry.lua","research","data-formats","unreviewed",""
"research\source\mods-drive\Control_Center\research\staging\catalog_preview_image_only_20260929\src\kfc_content_registry.lua","research","data-formats","unreviewed",""
"research\source\mods-drive\Control_Center\research\staging\catalog_preview_model_scene_only_20260929\src\kfc_content_registry.lua","research","data-formats","unreviewed",""
"research\source\mods-drive\Control_Center\research\staging\catalog_preview_render_controls_20260929\src\kfc_content_registry.lua","research","data-formats","unreviewed",""
"research\source\mods-drive\Control_Center\research\staging\enemy_arsenal_metadata_probe_1076226\src\mod.lua","research","data-formats","unreviewed",""
"research\source\mods-drive\Control_Center\research\staging\enemy_behavior_helper_probe_1076226\src\kfc_content_registry.lua","research","data-formats","unreviewed",""
"research\source\mods-drive\Control_Center\research\staging\journal_registry_metadata_probe_1076226\src\mod.lua","research","data-formats","unreviewed",""
"research\source\mods-drive\Control_Center\research\staging\localization_probe_recovery_20260927\src\kfc_localization_registry.lua","research","data-formats","unreviewed",""
"research\source\mods-drive\Control_Center\research\staging\localization_probe_recovery_retry_20260927\src\kfc_localization_registry.lua","research","data-formats","unreviewed",""
"research\source\mods-drive\Control_Center\research\staging\typed_color_combination_probe_20260930_r2\src\kfc_content_registry.lua","research","data-formats","unreviewed",""
"research\source\mods-drive\Control_Center\research\tools\kfc_index_inspector.py","research","data-formats","unreviewed",""
"research\source\mods-drive\Control_Center\research\tools\verify_kfc_fixture.py","research","data-formats","unreviewed",""
"research\source\mods-drive\Control_Center\tools\build_kfc_research_probe.py","research","data-formats","unreviewed",""
"research\source\mods-drive\Control_Center\tools\install_kfc_research_probe.py","research","data-formats","unreviewed",""
"research\source\mods-drive\Control_Center\tools\parse_kfc_research_log.py","research","data-formats","unreviewed",""
"research\source\mods-drive\Enshrouded_Reference_Exact_Audit.md","research","data-formats","unreviewed",""
"research\source\research-drive\Enshrouded Mods-20260918T044156Z-1-001\Enshrouded Mods\Architect_Mod\Code_History\CODE-LEGACY-0001\MANIFEST.txt","research","data-formats","unreviewed",""
"research\source\research-drive\Enshrouded Mods-20260918T044156Z-1-001\Enshrouded Mods\Architect_Mod\Code_History\CODE-LEGACY-0002\MANIFEST.txt","research","data-formats","unreviewed",""
"research\source\research-drive\Enshrouded Mods-20260918T044156Z-1-001\Enshrouded Mods\Architect_Mod\Code_History\CODE-LEGACY-0003\MANIFEST.txt","research","data-formats","unreviewed",""
"research\source\research-drive\Enshrouded Mods-20260918T044156Z-1-001\Enshrouded Mods\Architect_Mod\Code_History\CODE-LEGACY-0004\MANIFEST.txt","research","data-formats","unreviewed",""
"research\source\research-drive\Enshrouded Mods-20260918T044156Z-1-001\Enshrouded Mods\Architect_Mod\Code_History\CODE-LEGACY-0005\MANIFEST.txt","research","data-formats","unreviewed",""
"research\source\research-drive\Enshrouded Mods-20260918T044156Z-1-001\Enshrouded Mods\Architect_Mod\Code_History\CODE-LEGACY-0006\MANIFEST.txt","research","data-formats","unreviewed",""
"research\source\research-drive\Enshrouded Mods-20260918T044156Z-1-001\Enshrouded Mods\Architect_Mod\Code_History\CODE-LEGACY-0007\MANIFEST.txt","research","data-formats","unreviewed",""
"research\source\research-drive\Enshrouded Mods-20260918T044156Z-1-001\Enshrouded Mods\Architect_Mod\Current\SOURCE_MANIFEST.md","research","data-formats","unreviewed",""
"research\source\research-drive\Enshrouded Mods-20260918T044156Z-1-001\Enshrouded Mods\Architect_Mod\Experiments\Lua_Config_Lab\architect_lua_config_lab\core\kfc_roots.py","research","data-formats","unreviewed",""
"research\source\research-drive\Enshrouded Mods-20260918T044156Z-1-001\Enshrouded Mods\Architect_Mod\Experiments\Lua_Config_Lab\tests\test_kfc_roots.py","research","data-formats","unreviewed",""
"research\source\research-drive\Enshrouded Mods-20260918T044156Z-1-001\Enshrouded Mods\Export\MANIFEST_INC0013.md","research","data-formats","unreviewed",""
"research\source\research-drive\Enshrouded Mods-20260918T044156Z-1-001\Enshrouded Mods\Export\MANIFEST_INC0014.md","research","data-formats","unreviewed",""
"research\source\research-drive\Enshrouded Mods-20260918T044156Z-1-001\Enshrouded Mods\Export\MANIFEST_INC0015.md","research","data-formats","unreviewed",""
"research\source\research-drive\Enshrouded Mods-20260918T044156Z-1-001\Enshrouded Mods\Export\MANIFEST_INC0016.md","research","data-formats","unreviewed",""
"research\source\research-drive\Enshrouded Mods-20260918T044156Z-1-001\Enshrouded Mods\Export\Test_Builds\MANIFEST_INC0016.md","research","data-formats","unreviewed",""
"research\source\research-drive\Enshrouded Mods-20260918T044156Z-1-001\Enshrouded Mods\Incoming\2026-09-15\INC-0001\INTAKE_MANIFEST.md","research","data-formats","unreviewed",""
"research\source\research-drive\Enshrouded Mods-20260918T044156Z-1-001\Enshrouded Mods\Incoming\2026-09-16\INC-0002\INTAKE_METADATA.txt","research","data-formats","unreviewed",""
"research\source\research-drive\external\kfc-parser-source\crates\mod-loader-lua\definitions\assets\content.lua","research","data-formats","unreviewed",""
"research\source\research-drive\external\kfc-parser-source\crates\mod-loader-lua\definitions\assets\manager.lua","research","data-formats","unreviewed",""
"research\source\research-drive\external\kfc-parser-source\crates\mod-loader-lua\definitions\assets\resource.lua","research","data-formats","unreviewed",""
"research\source\research-drive\external\kfc-parser-source\crates\mod-loader-lua\definitions\blob\image.lua","research","data-formats","unreviewed",""
"research\source\research-drive\external\kfc-parser-source\crates\mod-loader-lua\definitions\buffer.lua","research","data-formats","unreviewed",""
"research\source\research-drive\external\kfc-parser-source\crates\mod-loader-lua\definitions\game.lua","research","data-formats","unreviewed",""
"research\source\research-drive\external\kfc-parser-source\crates\mod-loader-lua\definitions\global.lua","research","data-formats","unreviewed",""
"research\source\research-drive\external\kfc-parser-source\crates\mod-loader-lua\definitions\guid.lua","research","data-formats","unreviewed",""
"research\source\research-drive\external\kfc-parser-source\crates\mod-loader-lua\definitions\hash.lua","research","data-formats","unreviewed",""
"research\source\research-drive\external\kfc-parser-source\crates\mod-loader-lua\definitions\integer.lua","research","data-formats","unreviewed",""
"research\source\research-drive\external\kfc-parser-source\crates\mod-loader-lua\definitions\io.lua","research","data-formats","unreviewed",""
"research\source\research-drive\external\kfc-parser-source\crates\mod-loader-lua\definitions\loader.lua","research","data-formats","unreviewed",""
"research\source\research-drive\external\kfc-parser-source\crates\mod-loader-lua\definitions\runtime.lua","research","data-formats","unreviewed",""
"research\source\research-drive\external\kfc-parser-source\crates\mod-loader-lua\definitions\types.lua","research","data-formats","unreviewed",""
"research\source\research-drive\external\kfc-parser-source\crates\mod-manager-cli\files\default_mod.lua","research","data-formats","unreviewed",""
"research\source\research-drive\external\kfc-parser-source\docs\src\cli-legacy\index.md","research","data-formats","unreviewed",""
"research\source\research-drive\external\kfc-parser-source\docs\src\eml\api\assets\content.md","research","data-formats","unreviewed",""
"research\source\research-drive\external\kfc-parser-source\docs\src\eml\api\assets\index.md","research","data-formats","unreviewed",""
"research\source\research-drive\external\kfc-parser-source\docs\src\eml\api\assets\resource.md","research","data-formats","unreviewed",""
"research\source\research-drive\external\kfc-parser-source\docs\src\eml\api\audio.md","research","data-formats","unreviewed",""
"research\source\research-drive\external\kfc-parser-source\docs\src\eml\api\buffer.md","research","data-formats","unreviewed",""
"research\source\research-drive\external\kfc-parser-source\docs\src\eml\api\content.md","research","data-formats","unreviewed",""
"research\source\research-drive\external\kfc-parser-source\docs\src\eml\api\image.md","research","data-formats","unreviewed",""
"research\source\research-drive\external\kfc-parser-source\docs\src\eml\api\index.md","research","data-formats","unreviewed",""
"research\source\research-drive\external\kfc-parser-source\docs\src\eml\api\io.md","research","data-formats","unreviewed",""
"research\source\research-drive\external\kfc-parser-source\docs\src\eml\api\loader.md","research","data-formats","unreviewed",""
"research\source\research-drive\external\kfc-parser-source\docs\src\eml\api\resource.md","research","data-formats","unreviewed",""
"research\source\research-drive\external\kfc-parser-source\docs\src\eml\api\types.md","research","data-formats","unreviewed",""
"research\source\research-drive\external\kfc-parser-source\docs\src\eml\api\utilities.md","research","data-formats","unreviewed",""
"research\source\research-drive\external\kfc-parser-source\docs\src\eml\develop\getting_started.md","research","data-formats","unreviewed",""
"research\source\research-drive\external\kfc-parser-source\docs\src\eml\develop\index.md","research","data-formats","unreviewed",""
"research\source\research-drive\external\kfc-parser-source\docs\src\eml\develop\overview.md","research","data-formats","unreviewed",""
"research\source\research-drive\external\kfc-parser-source\docs\src\eml\develop\setup.md","research","data-formats","unreviewed",""
"research\source\research-drive\external\kfc-parser-source\docs\src\eml\index.md","research","data-formats","unreviewed",""
"research\source\research-drive\external\kfc-parser-source\docs\src\eml\usage.md","research","data-formats","unreviewed",""
"research\source\research-drive\external\kfc-parser-source\docs\src\game\content\image.md","research","data-formats","unreviewed",""
"research\source\research-drive\external\kfc-parser-source\docs\src\game\content\index.md","research","data-formats","unreviewed",""
"research\source\research-drive\external\kfc-parser-source\docs\src\game\kfc\file.md","research","data-formats","unreviewed",""
"research\source\research-drive\external\kfc-parser-source\docs\src\game\kfc\index.md","research","data-formats","unreviewed",""
"research\source\research-drive\external\kfc-parser-source\docs\src\game\kfc\resource.md","research","data-formats","unreviewed",""
"research\source\research-drive\external\kfc-parser-source\docs\src\game\kfc\types.md","research","data-formats","unreviewed",""
"research\source\research-drive\external\kfc-parser-source\docs\src\game\resource\index.md","research","data-formats","unreviewed",""
"research\source\research-drive\external\kfc-parser-source\docs\src\game\resource\scene.md","research","data-formats","unreviewed",""
"research\source\research-drive\external\kfc-parser-source\docs\src\SUMMARY.md","research","data-formats","unreviewed",""
"research\source\research-drive\external\kfc-parser-source\examples\basic\unlimited_stamina.lua","research","data-formats","unreviewed",""
"research\source\research-drive\external\kfc-parser-source\examples\translations\get_translations.lua","research","data-formats","unreviewed",""
"tools\source\mods-drive\Architect_Mod\Code_History\CODE-0037-working\architect_toolkit\docs\tools\ArchitectDataIndex.md","tool","data-formats","unreviewed",""
"tools\source\mods-drive\Architect_Mod\Code_History\CODE-0037-working\architect_toolkit\temp_verify\architect_toolkit\temp_inspect\architect_toolkit\temp_zip_extract\architect_toolkit\docs\architecture\Architect-Engineering-State-1076226.md","tool","data-formats","unreviewed",""
"tools\source\mods-drive\Architect_Mod\Code_History\CODE-0037-working\architect_toolkit\temp_verify\architect_toolkit\temp_inspect\architect_toolkit\temp_zip_extract\architect_toolkit\docs\architecture\Architect-Product-Vision-v1.md","tool","data-formats","unreviewed",""
"tools\source\mods-drive\Architect_Mod\Code_History\CODE-0037-working\architect_toolkit\temp_verify\architect_toolkit\temp_inspect\architect_toolkit\temp_zip_extract\architect_toolkit\docs\architecture\Architect-Project-Model-v1.md","tool","data-formats","unreviewed",""
"tools\source\mods-drive\Architect_Mod\Code_History\CODE-0037-working\architect_toolkit\temp_verify\architect_toolkit\temp_inspect\architect_toolkit\temp_zip_extract\architect_toolkit\docs\architecture\Current-UI-Migration-Map-v1.md","tool","data-formats","unreviewed",""
"tools\source\mods-drive\Architect_Mod\Code_History\CODE-0037-working\architect_toolkit\temp_verify\architect_toolkit\temp_inspect\architect_toolkit\temp_zip_extract\architect_toolkit\docs\architecture\Feature-Dependency-Roadmap-v1.md","tool","data-formats","unreviewed",""
"tools\source\mods-drive\Architect_Mod\Code_History\CODE-0037-working\architect_toolkit\temp_verify\architect_toolkit\temp_inspect\architect_toolkit\temp_zip_extract\architect_toolkit\docs\architecture\Target-Resolver-Contract-v1.md","tool","data-formats","unreviewed",""
"tools\source\mods-drive\Architect_Mod\Code_History\CODE-0037-working\architect_toolkit\temp_verify\architect_toolkit\temp_inspect\architect_toolkit\temp_zip_extract\architect_toolkit\docs\architecture\Vanilla-Capability-Map-v1.md","tool","data-formats","unreviewed",""
"tools\source\mods-drive\Architect_Mod\Code_History\CODE-0037-working\architect_toolkit\temp_verify\architect_toolkit\temp_inspect\architect_toolkit\temp_zip_extract\architect_toolkit\docs\F8_BACKEND_PROTOCOL.md","tool","data-formats","unreviewed",""
"tools\source\mods-drive\Architect_Mod\Code_History\CODE-0037-working\architect_toolkit\temp_verify\architect_toolkit\temp_inspect\architect_toolkit\temp_zip_extract\architect_toolkit\docs\tools\ArchitectDataIndex.md","tool","data-formats","unreviewed",""
"tools\source\mods-drive\Architect_Mod\Code_History\CODE-0037-working\architect_toolkit\temp_verify\architect_toolkit\temp_inspect\architect_toolkit\temp_zip_extract\architect_toolkit\docs\UNDO_REDO_ARCHITECTURE.md","tool","data-formats","unreviewed",""
"tools\source\mods-drive\Architect_Mod\Code_History\CODE-0037-working\architect_toolkit\temp_verify\architect_toolkit\temp_inspect\architect_toolkit\temp_zip_extract\architect_toolkit\runtime\native\selector_call_relay_design.md","tool","data-formats","unreviewed",""
"tools\source\mods-drive\Architect_Mod\Code_History\CODE-0037-working\architect_toolkit\temp_verify\architect_toolkit\temp_inspect\architect_toolkit\temp_zip_extract\architect_toolkit\runtime\native\SHA256.txt","tool","data-formats","unreviewed",""
"tools\source\mods-drive\Architect_Mod\Code_History\CODE-0037-working\architect_toolkit\temp_verify\architect_toolkit\temp_inspect\architect_toolkit\temp_zip_extract\architect_toolkit\runtime\staging\ArchitectProductPathPreview.lua","tool","data-formats","unreviewed",""
"tools\source\mods-drive\Architect_Mod\Code_History\CODE-0037-working\architect_toolkit\temp_verify\architect_toolkit\temp_inspect\architect_toolkit\temp_zip_extract\architect_toolkit\src\mod.lua","tool","data-formats","unreviewed",""
"tools\source\mods-drive\Architect_Mod\Code_History\CODE-0037-working\architect_toolkit\temp_verify\architect_toolkit\temp_inspect\architect_toolkit\temp_zip_extract\architect_toolkit\tools\ArchitectCore\__init__.py","tool","data-formats","unreviewed",""
"tools\source\mods-drive\Architect_Mod\Code_History\CODE-0037-working\architect_toolkit\temp_verify\architect_toolkit\temp_inspect\architect_toolkit\temp_zip_extract\architect_toolkit\tools\ArchitectCore\contracts.py","tool","data-formats","unreviewed",""
"tools\source\mods-drive\Architect_Mod\Code_History\CODE-0037-working\architect_toolkit\temp_verify\architect_toolkit\temp_inspect\architect_toolkit\temp_zip_extract\architect_toolkit\tools\ArchitectCore\query.py","tool","data-formats","unreviewed",""
"tools\source\mods-drive\Architect_Mod\Code_History\CODE-0037-working\architect_toolkit\temp_verify\architect_toolkit\temp_inspect\architect_toolkit\temp_zip_extract\architect_toolkit\tools\ArchitectCore\recommend.py","tool","data-formats","unreviewed",""
"tools\source\mods-drive\Architect_Mod\Code_History\CODE-0037-working\architect_toolkit\temp_verify\architect_toolkit\temp_inspect\architect_toolkit\temp_zip_extract\architect_toolkit\tools\ArchitectCore\target_reflection.py","tool","data-formats","unreviewed",""
"tools\source\mods-drive\Architect_Mod\Code_History\CODE-0037-working\architect_toolkit\temp_verify\architect_toolkit\temp_inspect\architect_toolkit\temp_zip_extract\architect_toolkit\tools\ArchitectCore\target.py","tool","data-formats","unreviewed",""
"tools\source\mods-drive\Architect_Mod\Code_History\CODE-0037-working\architect_toolkit\temp_verify\architect_toolkit\temp_inspect\architect_toolkit\temp_zip_extract\architect_toolkit\tools\ArchitectDataIndex\build_catalog.py","tool","data-formats","unreviewed",""
"tools\source\mods-drive\Architect_Mod\Code_History\CODE-0037-working\architect_toolkit\temp_verify\architect_toolkit\temp_inspect\architect_toolkit\temp_zip_extract\architect_toolkit\tools\ArchitectDataIndex\build_validation.py","tool","data-formats","unreviewed",""
"tools\source\mods-drive\Architect_Mod\Code_History\CODE-0037-working\architect_toolkit\temp_verify\architect_toolkit\temp_inspect\architect_toolkit\temp_zip_extract\architect_toolkit\tools\ArchitectDataIndex\builder.py","tool","data-formats","unreviewed",""
"tools\source\mods-drive\Architect_Mod\Code_History\CODE-0037-working\architect_toolkit\temp_verify\architect_toolkit\temp_inspect\architect_toolkit\temp_zip_extract\architect_toolkit\tools\ArchitectDataIndex\query_index.py","tool","data-formats","unreviewed",""
"tools\source\mods-drive\Architect_Mod\Code_History\CODE-0037-working\architect_toolkit\temp_verify\architect_toolkit\temp_inspect\architect_toolkit\temp_zip_extract\architect_toolkit\tools\ArchitectProductPath\__init__.py","tool","data-formats","unreviewed",""
"tools\source\mods-drive\Architect_Mod\Code_History\CODE-0037-working\architect_toolkit\temp_verify\architect_toolkit\temp_inspect\architect_toolkit\temp_zip_extract\architect_toolkit\tools\ArchitectProductPath\product_path_staging.py","tool","data-formats","unreviewed",""
"tools\source\mods-drive\Architect_Mod\Code_History\CODE-0037-working\architect_toolkit\temp_verify\architect_toolkit\temp_inspect\architect_toolkit\temp_zip_extract\architect_toolkit\tools\ArchitectVoxel\__init__.py","tool","data-formats","unreviewed",""
"tools\source\mods-drive\Architect_Mod\Code_History\CODE-0037-working\architect_toolkit\temp_verify\architect_toolkit\temp_inspect\architect_toolkit\temp_zip_extract\architect_toolkit\tools\ArchitectVoxel\architect_voxel.py","tool","data-formats","unreviewed",""
"tools\source\mods-drive\Architect_Mod\Code_History\CODE-0037-working\architect_toolkit\temp_verify\architect_toolkit\temp_inspect\architect_toolkit\temp_zip_extract\architect_toolkit\tools\ArchitectVoxel\chunk_planner.py","tool","data-formats","unreviewed",""
"tools\source\mods-drive\Architect_Mod\Code_History\CODE-0037-working\architect_toolkit\temp_verify\architect_toolkit\temp_inspect\architect_toolkit\temp_zip_extract\architect_toolkit\tools\ArchitectVoxel\f8_protocol.py","tool","data-formats","unreviewed",""
"tools\source\mods-drive\Architect_Mod\Code_History\CODE-0037-working\architect_toolkit\temp_verify\architect_toolkit\temp_inspect\architect_toolkit\temp_zip_extract\architect_toolkit\tools\ArchitectVoxel\generate_reports.py","tool","data-formats","unreviewed",""
"tools\source\mods-drive\Architect_Mod\Code_History\CODE-0037-working\architect_toolkit\temp_verify\architect_toolkit\temp_inspect\architect_toolkit\temp_zip_extract\architect_toolkit\tools\CameraFov\discover_camera_fov.py","tool","data-formats","unreviewed",""
"tools\source\mods-drive\Architect_Mod\Code_History\CODE-0037-working\architect_toolkit\temp_verify\architect_toolkit\temp_inspect\architect_toolkit\temp_zip_extract\architect_toolkit\tools\CheatSprint\analyze_candidates.py","tool","data-formats","unreviewed",""
"tools\source\mods-drive\Architect_Mod\Code_History\CODE-0037-working\architect_toolkit\temp_verify\architect_toolkit\temp_inspect\architect_toolkit\temp_zip_extract\architect_toolkit\tools\EntityInspector\analyze_entity_targeting.py","tool","data-formats","unreviewed",""
"tools\source\mods-drive\Architect_Mod\Code_History\CODE-0037-working\architect_toolkit\temp_verify\architect_toolkit\temp_inspect\architect_toolkit\temp_zip_extract\architect_toolkit\tools\EntityInspector\recover_cursor_dataflow.py","tool","data-formats","unreviewed",""
"tools\source\mods-drive\Architect_Mod\Code_History\CODE-0037-working\architect_toolkit\temp_verify\architect_toolkit\temp_inspect\architect_toolkit\temp_zip_extract\architect_toolkit\tools\EntityInspector\recover_ecs_registry_consumers.py","tool","data-formats","unreviewed",""
"tools\source\mods-drive\Architect_Mod\Code_History\CODE-0037-working\architect_toolkit\temp_verify\architect_toolkit\temp_inspect\architect_toolkit\temp_zip_extract\architect_toolkit\tools\HammerSelectionMemoryScan\WINDBG_WATCHPOINT.md","tool","data-formats","unreviewed",""
"tools\source\mods-drive\Architect_Mod\Code_History\CODE-0037-working\architect_toolkit\temp_verify\architect_toolkit\temp_inspect\architect_toolkit\temp_zip_extract\architect_toolkit\tools\run_offline_regression.py","tool","data-formats","unreviewed",""
"tools\source\mods-drive\Architect_Mod\Code_History\CODE-0037-working\architect_toolkit\temp_verify\architect_toolkit\temp_inspect\architect_toolkit\tools\ArchitectDataIndex\build_catalog.py","tool","data-formats","unreviewed",""
"tools\source\mods-drive\Architect_Mod\Code_History\CODE-0037-working\architect_toolkit\temp_verify\architect_toolkit\temp_inspect\architect_toolkit\tools\ArchitectDataIndex\build_validation.py","tool","data-formats","unreviewed",""
"tools\source\mods-drive\Architect_Mod\Code_History\CODE-0037-working\architect_toolkit\temp_verify\architect_toolkit\temp_inspect\architect_toolkit\tools\ArchitectDataIndex\builder.py","tool","data-formats","unreviewed",""
"tools\source\mods-drive\Architect_Mod\Code_History\CODE-0037-working\architect_toolkit\temp_verify\architect_toolkit\temp_inspect\architect_toolkit\tools\ArchitectDataIndex\query_index.py","tool","data-formats","unreviewed",""
"tools\source\mods-drive\Architect_Mod\Code_History\CODE-0037-working\architect_toolkit\temp_verify\architect_toolkit\temp_inspect\architect_toolkit\tools\EntityInspector\recover_cursor_dataflow.py","tool","data-formats","unreviewed",""
"tools\source\mods-drive\Architect_Mod\Code_History\CODE-0037-working\architect_toolkit\temp_zip_extract\architect_toolkit\CARRIER_MUTATION_SAFETY.md","tool","data-formats","unreviewed",""
"tools\source\mods-drive\Architect_Mod\Code_History\CODE-0037-working\architect_toolkit\temp_zip_extract\architect_toolkit\docs\architecture\Architect-Engineering-State-1076226.md","tool","data-formats","unreviewed",""
"tools\source\mods-drive\Architect_Mod\Code_History\CODE-0037-working\architect_toolkit\temp_zip_extract\architect_toolkit\docs\architecture\Architect-Product-Vision-v1.md","tool","data-formats","unreviewed",""
"tools\source\mods-drive\Architect_Mod\Code_History\CODE-0037-working\architect_toolkit\temp_zip_extract\architect_toolkit\docs\architecture\Architect-Project-Model-v1.md","tool","data-formats","unreviewed",""
"tools\source\mods-drive\Architect_Mod\Code_History\CODE-0037-working\architect_toolkit\temp_zip_extract\architect_toolkit\docs\architecture\Current-UI-Migration-Map-v1.md","tool","data-formats","unreviewed",""
"tools\source\mods-drive\Architect_Mod\Code_History\CODE-0037-working\architect_toolkit\temp_zip_extract\architect_toolkit\docs\architecture\Feature-Dependency-Roadmap-v1.md","tool","data-formats","unreviewed",""
"tools\source\mods-drive\Architect_Mod\Code_History\CODE-0037-working\architect_toolkit\temp_zip_extract\architect_toolkit\docs\architecture\Target-Resolver-Contract-v1.md","tool","data-formats","unreviewed",""
"tools\source\mods-drive\Architect_Mod\Code_History\CODE-0037-working\architect_toolkit\temp_zip_extract\architect_toolkit\docs\architecture\Vanilla-Capability-Map-v1.md","tool","data-formats","unreviewed",""
"tools\source\mods-drive\Architect_Mod\Code_History\CODE-0037-working\architect_toolkit\temp_zip_extract\architect_toolkit\docs\F8_BACKEND_PROTOCOL.md","tool","data-formats","unreviewed",""
"tools\source\mods-drive\Architect_Mod\Code_History\CODE-0037-working\architect_toolkit\temp_zip_extract\architect_toolkit\docs\tools\ArchitectDataIndex.md","tool","data-formats","unreviewed",""
"tools\source\mods-drive\Architect_Mod\Code_History\CODE-0037-working\architect_toolkit\temp_zip_extract\architect_toolkit\docs\UNDO_REDO_ARCHITECTURE.md","tool","data-formats","unreviewed",""
"tools\source\mods-drive\Architect_Mod\Code_History\CODE-0037-working\architect_toolkit\temp_zip_extract\architect_toolkit\runtime\native\selector_call_relay_design.md","tool","data-formats","unreviewed",""
"tools\source\mods-drive\Architect_Mod\Code_History\CODE-0037-working\architect_toolkit\temp_zip_extract\architect_toolkit\runtime\native\SHA256.txt","tool","data-formats","unreviewed",""
"tools\source\mods-drive\Architect_Mod\Code_History\CODE-0037-working\architect_toolkit\temp_zip_extract\architect_toolkit\runtime\staging\ArchitectProductPathPreview.lua","tool","data-formats","unreviewed",""
"tools\source\mods-drive\Architect_Mod\Code_History\CODE-0037-working\architect_toolkit\temp_zip_extract\architect_toolkit\src\mod.lua","tool","data-formats","unreviewed",""
"tools\source\mods-drive\Architect_Mod\Code_History\CODE-0037-working\architect_toolkit\temp_zip_extract\architect_toolkit\tools\ArchitectCore\__init__.py","tool","data-formats","unreviewed",""
"tools\source\mods-drive\Architect_Mod\Code_History\CODE-0037-working\architect_toolkit\temp_zip_extract\architect_toolkit\tools\ArchitectCore\contracts.py","tool","data-formats","unreviewed",""
"tools\source\mods-drive\Architect_Mod\Code_History\CODE-0037-working\architect_toolkit\temp_zip_extract\architect_toolkit\tools\ArchitectCore\query.py","tool","data-formats","unreviewed",""
"tools\source\mods-drive\Architect_Mod\Code_History\CODE-0037-working\architect_toolkit\temp_zip_extract\architect_toolkit\tools\ArchitectCore\recommend.py","tool","data-formats","unreviewed",""
"tools\source\mods-drive\Architect_Mod\Code_History\CODE-0037-working\architect_toolkit\temp_zip_extract\architect_toolkit\tools\ArchitectCore\target_reflection.py","tool","data-formats","unreviewed",""
"tools\source\mods-drive\Architect_Mod\Code_History\CODE-0037-working\architect_toolkit\temp_zip_extract\architect_toolkit\tools\ArchitectCore\target.py","tool","data-formats","unreviewed",""
"tools\source\mods-drive\Architect_Mod\Code_History\CODE-0037-working\architect_toolkit\temp_zip_extract\architect_toolkit\tools\ArchitectDataIndex\build_catalog.py","tool","data-formats","unreviewed",""
"tools\source\mods-drive\Architect_Mod\Code_History\CODE-0037-working\architect_toolkit\temp_zip_extract\architect_toolkit\tools\ArchitectDataIndex\build_validation.py","tool","data-formats","unreviewed",""
"tools\source\mods-drive\Architect_Mod\Code_History\CODE-0037-working\architect_toolkit\temp_zip_extract\architect_toolkit\tools\ArchitectDataIndex\builder.py","tool","data-formats","unreviewed",""
"tools\source\mods-drive\Architect_Mod\Code_History\CODE-0037-working\architect_toolkit\temp_zip_extract\architect_toolkit\tools\ArchitectDataIndex\query_index.py","tool","data-formats","unreviewed",""
"tools\source\mods-drive\Architect_Mod\Code_History\CODE-0037-working\architect_toolkit\temp_zip_extract\architect_toolkit\tools\ArchitectProductPath\__init__.py","tool","data-formats","unreviewed",""
"tools\source\mods-drive\Architect_Mod\Code_History\CODE-0037-working\architect_toolkit\temp_zip_extract\architect_toolkit\tools\ArchitectProductPath\product_path_staging.py","tool","data-formats","unreviewed",""
"tools\source\mods-drive\Architect_Mod\Code_History\CODE-0037-working\architect_toolkit\temp_zip_extract\architect_toolkit\tools\ArchitectVoxel\__init__.py","tool","data-formats","unreviewed",""
"tools\source\mods-drive\Architect_Mod\Code_History\CODE-0037-working\architect_toolkit\temp_zip_extract\architect_toolkit\tools\ArchitectVoxel\architect_voxel.py","tool","data-formats","unreviewed",""
"tools\source\mods-drive\Architect_Mod\Code_History\CODE-0037-working\architect_toolkit\temp_zip_extract\architect_toolkit\tools\ArchitectVoxel\chunk_planner.py","tool","data-formats","unreviewed",""
"tools\source\mods-drive\Architect_Mod\Code_History\CODE-0037-working\architect_toolkit\temp_zip_extract\architect_toolkit\tools\ArchitectVoxel\f8_protocol.py","tool","data-formats","unreviewed",""
"tools\source\mods-drive\Architect_Mod\Code_History\CODE-0037-working\architect_toolkit\temp_zip_extract\architect_toolkit\tools\ArchitectVoxel\generate_reports.py","tool","data-formats","unreviewed",""
"tools\source\mods-drive\Architect_Mod\Code_History\CODE-0037-working\architect_toolkit\temp_zip_extract\architect_toolkit\tools\CameraFov\discover_camera_fov.py","tool","data-formats","unreviewed",""
"tools\source\mods-drive\Architect_Mod\Code_History\CODE-0037-working\architect_toolkit\temp_zip_extract\architect_toolkit\tools\CheatSprint\analyze_candidates.py","tool","data-formats","unreviewed",""
"tools\source\mods-drive\Architect_Mod\Code_History\CODE-0037-working\architect_toolkit\temp_zip_extract\architect_toolkit\tools\EntityInspector\analyze_entity_targeting.py","tool","data-formats","unreviewed",""
"tools\source\mods-drive\Architect_Mod\Code_History\CODE-0037-working\architect_toolkit\temp_zip_extract\architect_toolkit\tools\EntityInspector\recover_cursor_dataflow.py","tool","data-formats","unreviewed",""
"tools\source\mods-drive\Architect_Mod\Code_History\CODE-0037-working\architect_toolkit\temp_zip_extract\architect_toolkit\tools\EntityInspector\recover_ecs_registry_consumers.py","tool","data-formats","unreviewed",""
"tools\source\mods-drive\Architect_Mod\Code_History\CODE-0037-working\architect_toolkit\temp_zip_extract\architect_toolkit\tools\HammerSelectionMemoryScan\WINDBG_WATCHPOINT.md","tool","data-formats","unreviewed",""
"tools\source\mods-drive\Architect_Mod\Code_History\CODE-0037-working\architect_toolkit\temp_zip_extract\architect_toolkit\tools\run_offline_regression.py","tool","data-formats","unreviewed",""
"tools\source\mods-drive\Architect_Mod\Code_History\CODE-0037-working\architect_toolkit\temp_zip\architect_toolkit\docs\tools\ArchitectDataIndex.md","tool","data-formats","unreviewed",""
"tools\source\mods-drive\Architect_Mod\Code_History\CODE-0037-working\architect_toolkit\temp_zip\architect_toolkit\temp_zip_extract\architect_toolkit\CARRIER_MUTATION_SAFETY.md","tool","data-formats","unreviewed",""
"tools\source\mods-drive\Architect_Mod\Code_History\CODE-0037-working\architect_toolkit\temp_zip\architect_toolkit\temp_zip_extract\architect_toolkit\docs\architecture\Architect-Engineering-State-1076226.md","tool","data-formats","unreviewed",""
"tools\source\mods-drive\Architect_Mod\Code_History\CODE-0037-working\architect_toolkit\temp_zip\architect_toolkit\temp_zip_extract\architect_toolkit\docs\architecture\Architect-Product-Vision-v1.md","tool","data-formats","unreviewed",""
"tools\source\mods-drive\Architect_Mod\Code_History\CODE-0037-working\architect_toolkit\temp_zip\architect_toolkit\temp_zip_extract\architect_toolkit\docs\architecture\Architect-Project-Model-v1.md","tool","data-formats","unreviewed",""
"tools\source\mods-drive\Architect_Mod\Code_History\CODE-0037-working\architect_toolkit\temp_zip\architect_toolkit\temp_zip_extract\architect_toolkit\docs\architecture\Current-UI-Migration-Map-v1.md","tool","data-formats","unreviewed",""
"tools\source\mods-drive\Architect_Mod\Code_History\CODE-0037-working\architect_toolkit\temp_zip\architect_toolkit\temp_zip_extract\architect_toolkit\docs\architecture\Feature-Dependency-Roadmap-v1.md","tool","data-formats","unreviewed",""
"tools\source\mods-drive\Architect_Mod\Code_History\CODE-0037-working\architect_toolkit\temp_zip\architect_toolkit\temp_zip_extract\architect_toolkit\docs\architecture\Target-Resolver-Contract-v1.md","tool","data-formats","unreviewed",""
"tools\source\mods-drive\Architect_Mod\Code_History\CODE-0037-working\architect_toolkit\temp_zip\architect_toolkit\temp_zip_extract\architect_toolkit\docs\architecture\Vanilla-Capability-Map-v1.md","tool","data-formats","unreviewed",""
"tools\source\mods-drive\Architect_Mod\Code_History\CODE-0037-working\architect_toolkit\temp_zip\architect_toolkit\temp_zip_extract\architect_toolkit\docs\F8_BACKEND_PROTOCOL.md","tool","data-formats","unreviewed",""
"tools\source\mods-drive\Architect_Mod\Code_History\CODE-0037-working\architect_toolkit\temp_zip\architect_toolkit\temp_zip_extract\architect_toolkit\docs\tools\ArchitectDataIndex.md","tool","data-formats","unreviewed",""
"tools\source\mods-drive\Architect_Mod\Code_History\CODE-0037-working\architect_toolkit\temp_zip\architect_toolkit\temp_zip_extract\architect_toolkit\docs\UNDO_REDO_ARCHITECTURE.md","tool","data-formats","unreviewed",""
"tools\source\mods-drive\Architect_Mod\Code_History\CODE-0037-working\architect_toolkit\temp_zip\architect_toolkit\temp_zip_extract\architect_toolkit\runtime\native\selector_call_relay_design.md","tool","data-formats","unreviewed",""
"tools\source\mods-drive\Architect_Mod\Code_History\CODE-0037-working\architect_toolkit\temp_zip\architect_toolkit\temp_zip_extract\architect_toolkit\runtime\native\SHA256.txt","tool","data-formats","unreviewed",""
"tools\source\mods-drive\Architect_Mod\Code_History\CODE-0037-working\architect_toolkit\temp_zip\architect_toolkit\temp_zip_extract\architect_toolkit\runtime\staging\ArchitectProductPathPreview.lua","tool","data-formats","unreviewed",""
"tools\source\mods-drive\Architect_Mod\Code_History\CODE-0037-working\architect_toolkit\temp_zip\architect_toolkit\temp_zip_extract\architect_toolkit\src\mod.lua","tool","data-formats","unreviewed",""
"tools\source\mods-drive\Architect_Mod\Code_History\CODE-0037-working\architect_toolkit\temp_zip\architect_toolkit\temp_zip_extract\architect_toolkit\tools\ArchitectCore\__init__.py","tool","data-formats","unreviewed",""
"tools\source\mods-drive\Architect_Mod\Code_History\CODE-0037-working\architect_toolkit\temp_zip\architect_toolkit\temp_zip_extract\architect_toolkit\tools\ArchitectCore\contracts.py","tool","data-formats","unreviewed",""
"tools\source\mods-drive\Architect_Mod\Code_History\CODE-0037-working\architect_toolkit\temp_zip\architect_toolkit\temp_zip_extract\architect_toolkit\tools\ArchitectCore\query.py","tool","data-formats","unreviewed",""
"tools\source\mods-drive\Architect_Mod\Code_History\CODE-0037-working\architect_toolkit\temp_zip\architect_toolkit\temp_zip_extract\architect_toolkit\tools\ArchitectCore\recommend.py","tool","data-formats","unreviewed",""
"tools\source\mods-drive\Architect_Mod\Code_History\CODE-0037-working\architect_toolkit\temp_zip\architect_toolkit\temp_zip_extract\architect_toolkit\tools\ArchitectCore\target_reflection.py","tool","data-formats","unreviewed",""
"tools\source\mods-drive\Architect_Mod\Code_History\CODE-0037-working\architect_toolkit\temp_zip\architect_toolkit\temp_zip_extract\architect_toolkit\tools\ArchitectCore\target.py","tool","data-formats","unreviewed",""
"tools\source\mods-drive\Architect_Mod\Code_History\CODE-0037-working\architect_toolkit\temp_zip\architect_toolkit\temp_zip_extract\architect_toolkit\tools\ArchitectDataIndex\build_catalog.py","tool","data-formats","unreviewed",""
"tools\source\mods-drive\Architect_Mod\Code_History\CODE-0037-working\architect_toolkit\temp_zip\architect_toolkit\temp_zip_extract\architect_toolkit\tools\ArchitectDataIndex\build_validation.py","tool","data-formats","unreviewed",""
"tools\source\mods-drive\Architect_Mod\Code_History\CODE-0037-working\architect_toolkit\temp_zip\architect_toolkit\temp_zip_extract\architect_toolkit\tools\ArchitectDataIndex\builder.py","tool","data-formats","unreviewed",""
"tools\source\mods-drive\Architect_Mod\Code_History\CODE-0037-working\architect_toolkit\temp_zip\architect_toolkit\temp_zip_extract\architect_toolkit\tools\ArchitectDataIndex\query_index.py","tool","data-formats","unreviewed",""
"tools\source\mods-drive\Architect_Mod\Code_History\CODE-0037-working\architect_toolkit\temp_zip\architect_toolkit\temp_zip_extract\architect_toolkit\tools\ArchitectProductPath\__init__.py","tool","data-formats","unreviewed",""
"tools\source\mods-drive\Architect_Mod\Code_History\CODE-0037-working\architect_toolkit\temp_zip\architect_toolkit\temp_zip_extract\architect_toolkit\tools\ArchitectProductPath\product_path_staging.py","tool","data-formats","unreviewed",""
"tools\source\mods-drive\Architect_Mod\Code_History\CODE-0037-working\architect_toolkit\temp_zip\architect_toolkit\temp_zip_extract\architect_toolkit\tools\ArchitectVoxel\__init__.py","tool","data-formats","unreviewed",""
"tools\source\mods-drive\Architect_Mod\Code_History\CODE-0037-working\architect_toolkit\temp_zip\architect_toolkit\temp_zip_extract\architect_toolkit\tools\ArchitectVoxel\architect_voxel.py","tool","data-formats","unreviewed",""
"tools\source\mods-drive\Architect_Mod\Code_History\CODE-0037-working\architect_toolkit\temp_zip\architect_toolkit\temp_zip_extract\architect_toolkit\tools\ArchitectVoxel\chunk_planner.py","tool","data-formats","unreviewed",""
"tools\source\mods-drive\Architect_Mod\Code_History\CODE-0037-working\architect_toolkit\temp_zip\architect_toolkit\temp_zip_extract\architect_toolkit\tools\ArchitectVoxel\f8_protocol.py","tool","data-formats","unreviewed",""
"tools\source\mods-drive\Architect_Mod\Code_History\CODE-0037-working\architect_toolkit\temp_zip\architect_toolkit\temp_zip_extract\architect_toolkit\tools\ArchitectVoxel\generate_reports.py","tool","data-formats","unreviewed",""
"tools\source\mods-drive\Architect_Mod\Code_History\CODE-0037-working\architect_toolkit\temp_zip\architect_toolkit\temp_zip_extract\architect_toolkit\tools\CameraFov\discover_camera_fov.py","tool","data-formats","unreviewed",""
"tools\source\mods-drive\Architect_Mod\Code_History\CODE-0037-working\architect_toolkit\temp_zip\architect_toolkit\temp_zip_extract\architect_toolkit\tools\CheatSprint\analyze_candidates.py","tool","data-formats","unreviewed",""
"tools\source\mods-drive\Architect_Mod\Code_History\CODE-0037-working\architect_toolkit\temp_zip\architect_toolkit\temp_zip_extract\architect_toolkit\tools\EntityInspector\analyze_entity_targeting.py","tool","data-formats","unreviewed",""
"tools\source\mods-drive\Architect_Mod\Code_History\CODE-0037-working\architect_toolkit\temp_zip\architect_toolkit\temp_zip_extract\architect_toolkit\tools\EntityInspector\recover_cursor_dataflow.py","tool","data-formats","unreviewed",""
"tools\source\mods-drive\Architect_Mod\Code_History\CODE-0037-working\architect_toolkit\temp_zip\architect_toolkit\temp_zip_extract\architect_toolkit\tools\EntityInspector\recover_ecs_registry_consumers.py","tool","data-formats","unreviewed",""
"tools\source\mods-drive\Architect_Mod\Code_History\CODE-0037-working\architect_toolkit\temp_zip\architect_toolkit\temp_zip_extract\architect_toolkit\tools\HammerSelectionMemoryScan\WINDBG_WATCHPOINT.md","tool","data-formats","unreviewed",""
"tools\source\mods-drive\Architect_Mod\Code_History\CODE-0037-working\architect_toolkit\temp_zip\architect_toolkit\temp_zip_extract\architect_toolkit\tools\run_offline_regression.py","tool","data-formats","unreviewed",""
"tools\source\mods-drive\Architect_Mod\Code_History\CODE-0037-working\architect_toolkit\temp_zip\architect_toolkit\tools\ArchitectDataIndex\build_catalog.py","tool","data-formats","unreviewed",""
"tools\source\mods-drive\Architect_Mod\Code_History\CODE-0037-working\architect_toolkit\temp_zip\architect_toolkit\tools\ArchitectDataIndex\build_validation.py","tool","data-formats","unreviewed",""
"tools\source\mods-drive\Architect_Mod\Code_History\CODE-0037-working\architect_toolkit\temp_zip\architect_toolkit\tools\ArchitectDataIndex\builder.py","tool","data-formats","unreviewed",""
"tools\source\mods-drive\Architect_Mod\Code_History\CODE-0037-working\architect_toolkit\temp_zip\architect_toolkit\tools\ArchitectDataIndex\query_index.py","tool","data-formats","unreviewed",""
"tools\source\mods-drive\Architect_Mod\Code_History\CODE-0037-working\architect_toolkit\temp_zip\architect_toolkit\tools\EntityInspector\recover_cursor_dataflow.py","tool","data-formats","unreviewed",""
"tools\source\mods-drive\Architect_Mod\Code_History\CODE-0037-working\architect_toolkit\tools\ArchitectDataIndex\build_catalog.py","tool","data-formats","unreviewed",""
"tools\source\mods-drive\Architect_Mod\Code_History\CODE-0037-working\architect_toolkit\tools\ArchitectDataIndex\build_validation.py","tool","data-formats","unreviewed",""
"tools\source\mods-drive\Architect_Mod\Code_History\CODE-0037-working\architect_toolkit\tools\ArchitectDataIndex\builder.py","tool","data-formats","unreviewed",""
"tools\source\mods-drive\Architect_Mod\Code_History\CODE-0037-working\architect_toolkit\tools\ArchitectDataIndex\query_index.py","tool","data-formats","unreviewed",""
"tools\source\mods-drive\Architect_Mod\Code_History\CODE-0037-working\architect_toolkit\tools\EntityInspector\recover_cursor_dataflow.py","tool","data-formats","unreviewed",""
"tools\source\mods-drive\Architect_Mod\Code_History\CODE-0044A\candidate\docs\tools\ArchitectDataIndex.md","tool","data-formats","unreviewed",""
"tools\source\mods-drive\Architect_Mod\Code_History\CODE-0044A\candidate\tools\ArchitectDataIndex\build_catalog.py","tool","data-formats","unreviewed",""
"tools\source\mods-drive\Architect_Mod\Code_History\CODE-0044A\candidate\tools\ArchitectDataIndex\build_validation.py","tool","data-formats","unreviewed",""
"tools\source\mods-drive\Architect_Mod\Code_History\CODE-0044A\candidate\tools\ArchitectDataIndex\builder.py","tool","data-formats","unreviewed",""
"tools\source\mods-drive\Architect_Mod\Code_History\CODE-0044A\candidate\tools\ArchitectDataIndex\query_index.py","tool","data-formats","unreviewed",""
"tools\source\mods-drive\Architect_Mod\Code_History\CODE-0044A\candidate\tools\EntityInspector\recover_cursor_dataflow.py","tool","data-formats","unreviewed",""
"tools\source\mods-drive\Architect_Mod\Code_History\CODE-0044A\candidate\verify_extract.py","tool","data-formats","unreviewed",""
"tools\source\mods-drive\Control_Center\tools\verify_animation_world_metadata_evidence.py","tool","data-formats","unreviewed",""
"tools\source\mods-drive\Control_Center\tools\verify_eml_metadata_api.py","tool","data-formats","unreviewed",""
"tools\source\mods-drive\Control_Center\tools\verify_metadata_policy.py","tool","data-formats","unreviewed",""
"tools\source\mods-drive\Control_Center\tools\verify_visual_reference_evidence.py","tool","data-formats","unreviewed",""
"tools\source\mods-drive\Control_Center\tools\verify_water_chunk_metadata_evidence.py","tool","data-formats","unreviewed",""
"tools\source\mods-drive\Incoming\2026-09-19\INC-0061\extracted\Ember\Ember_ReadMe.md","tool","data-formats","unreviewed",""
"tools\source\mods-drive\Incoming\2026-09-19\INC-0061\extracted\Ember\src\Config\Block_Replacer_Config.lua","tool","data-formats","unreviewed",""
"tools\source\mods-drive\Incoming\2026-09-19\INC-0061\extracted\Ember\src\Config\Crafting_Tweaks_Config.lua","tool","data-formats","unreviewed",""
"tools\source\mods-drive\Incoming\2026-09-19\INC-0061\extracted\Ember\src\Config\Debug_Level.lua","tool","data-formats","unreviewed",""
"tools\source\mods-drive\Incoming\2026-09-19\INC-0061\extracted\Ember\src\Config\Ember_Config.lua","tool","data-formats","unreviewed",""
"tools\source\mods-drive\Incoming\2026-09-19\INC-0061\extracted\Ember\src\Config\Fishing_Tweaks_Config.lua","tool","data-formats","unreviewed",""
"tools\source\mods-drive\Incoming\2026-09-19\INC-0061\extracted\Ember\src\Config\Fog_Tweaks_Config.lua","tool","data-formats","unreviewed",""
"tools\source\mods-drive\Incoming\2026-09-19\INC-0061\extracted\Ember\src\Config\Gem_Tweaks_Config.lua","tool","data-formats","unreviewed",""
"tools\source\mods-drive\Incoming\2026-09-19\INC-0061\extracted\Ember\src\Config\Glider_Stats_Config.lua","tool","data-formats","unreviewed",""
"tools\source\mods-drive\Incoming\2026-09-19\INC-0061\extracted\Ember\src\Config\Loot_Tweaks_Config.lua","tool","data-formats","unreviewed",""
"tools\source\mods-drive\Incoming\2026-09-19\INC-0061\extracted\Ember\src\Config\Map_Tweaks_Config.lua","tool","data-formats","unreviewed",""
"tools\source\mods-drive\Incoming\2026-09-19\INC-0061\extracted\Ember\src\Config\SkillTweaks_Updraft_Config.lua","tool","data-formats","unreviewed",""
"tools\source\mods-drive\Incoming\2026-09-19\INC-0061\extracted\Ember\src\Config\Terraforming_Tweaks_Config.lua","tool","data-formats","unreviewed",""
"tools\source\mods-drive\Incoming\2026-09-19\INC-0061\extracted\Ember\src\Config\Terrain_Replacer_Config.lua","tool","data-formats","unreviewed",""
"tools\source\mods-drive\Incoming\2026-09-19\INC-0061\extracted\Ember\src\Features\Block_Replacer.lua","tool","data-formats","unreviewed",""
"tools\source\mods-drive\Incoming\2026-09-19\INC-0061\extracted\Ember\src\Features\Buff_Tweaks.lua","tool","data-formats","unreviewed",""
"tools\source\mods-drive\Incoming\2026-09-19\INC-0061\extracted\Ember\src\Features\Crafting_Tweaks.lua","tool","data-formats","unreviewed",""
"tools\source\mods-drive\Incoming\2026-09-19\INC-0061\extracted\Ember\src\Features\Extended_Magic_Storage.lua","tool","data-formats","unreviewed",""
"tools\source\mods-drive\Incoming\2026-09-19\INC-0061\extracted\Ember\src\Features\Fishing_Tweaks.lua","tool","data-formats","unreviewed",""
"tools\source\mods-drive\Incoming\2026-09-19\INC-0061\extracted\Ember\src\Features\Flame_Altar_Tweaks.lua","tool","data-formats","unreviewed",""
"tools\source\mods-drive\Incoming\2026-09-19\INC-0061\extracted\Ember\src\Features\Fog_Tweaks.lua","tool","data-formats","unreviewed",""
"tools\source\mods-drive\Incoming\2026-09-19\INC-0061\extracted\Ember\src\Features\Gem_Tweaks.lua","tool","data-formats","unreviewed",""
"tools\source\mods-drive\Incoming\2026-09-19\INC-0061\extracted\Ember\src\Features\Glider_Tweaks.lua","tool","data-formats","unreviewed",""
"tools\source\mods-drive\Incoming\2026-09-19\INC-0061\extracted\Ember\src\Features\Loot_Tweaks.lua","tool","data-formats","unreviewed",""
"tools\source\mods-drive\Incoming\2026-09-19\INC-0061\extracted\Ember\src\Features\Map_Tweaks.lua","tool","data-formats","unreviewed",""
"tools\source\mods-drive\Incoming\2026-09-19\INC-0061\extracted\Ember\src\Features\No_Barriers.lua","tool","data-formats","unreviewed",""
"tools\source\mods-drive\Incoming\2026-09-19\INC-0061\extracted\Ember\src\Features\No_Intro.lua","tool","data-formats","unreviewed",""
"tools\source\mods-drive\Incoming\2026-09-19\INC-0061\extracted\Ember\src\Features\Progression_Tweaks.lua","tool","data-formats","unreviewed",""
"tools\source\mods-drive\Incoming\2026-09-19\INC-0061\extracted\Ember\src\Features\Shroud_Tweaks.lua","tool","data-formats","unreviewed",""
"tools\source\mods-drive\Incoming\2026-09-19\INC-0061\extracted\Ember\src\Features\SkillTweaks_Updraft.lua","tool","data-formats","unreviewed",""
"tools\source\mods-drive\Incoming\2026-09-19\INC-0061\extracted\Ember\src\Features\Slope_Tweaks.lua","tool","data-formats","unreviewed",""
"tools\source\mods-drive\Incoming\2026-09-19\INC-0061\extracted\Ember\src\Features\Spell_Tweaks.lua","tool","data-formats","unreviewed",""
"tools\source\mods-drive\Incoming\2026-09-19\INC-0061\extracted\Ember\src\Features\Stack_Size_Tweaks.lua","tool","data-formats","unreviewed",""
"tools\source\mods-drive\Incoming\2026-09-19\INC-0061\extracted\Ember\src\Features\Terraforming_Tweaks.lua","tool","data-formats","unreviewed",""
"tools\source\mods-drive\Incoming\2026-09-19\INC-0061\extracted\Ember\src\Features\Terrain_Replacer.lua","tool","data-formats","unreviewed",""
"tools\source\mods-drive\Incoming\2026-09-19\INC-0061\extracted\Ember\src\Logging.lua","tool","data-formats","unreviewed",""
"tools\source\mods-drive\Incoming\2026-09-19\INC-0061\extracted\Ember\src\mod.lua","tool","data-formats","unreviewed",""
"tools\source\mods-drive\Incoming\2026-09-19\INC-0061\extracted\Ember\src\User_Config_Overrides_Template.lua","tool","data-formats","unreviewed",""
"tools\source\mods-drive\Incoming\2026-09-19\INC-0061\extracted\Ember\src\User_Config_Overrides.lua","tool","data-formats","unreviewed",""
"tools\source\mods-drive\Incoming\2026-09-19\INC-0061\extracted\Ember\src\Utilities.lua","tool","data-formats","unreviewed",""
"case-studies\source\mods-drive\Architect_Mod\Code_History\CODE-0042D\CODEX_PROMPT_CODE0042E_EVENT_INVENTORY_BINDINGS.txt","case-study","entities-and-inventory","unreviewed",""
"case-studies\source\mods-drive\Architect_Mod\Code_History\CODE-0042G1F2\CODEX_PROMPT_CODE0042G2A_ITEMS.txt","case-study","entities-and-inventory","unreviewed",""
"case-studies\source\mods-drive\Architect_Mod\Code_History\CODE-0042G5D\CODEX_GOAL_CODE0042G5D_ITEMS_PROGRESSION_RESPONSIVE_CLOSEOUT.txt","case-study","entities-and-inventory","unreviewed",""
"case-studies\source\mods-drive\Control_Center\core\item_catalog.py","case-study","entities-and-inventory","unreviewed",""
"case-studies\source\mods-drive\Control_Center\core\ownership.py","case-study","entities-and-inventory","unreviewed",""
"case-studies\source\mods-drive\Control_Center\docs\INTEGRITY_OWNERSHIP_MIGRATION_20260927.md","case-study","entities-and-inventory","unreviewed",""
"case-studies\source\mods-drive\Control_Center\docs\LIVE_MOD_INVENTORY_20260927.md","case-study","entities-and-inventory","unreviewed",""
"case-studies\source\mods-drive\Control_Center\modules\inventory_and_items\patch.lua","case-study","entities-and-inventory","unreviewed",""
"case-studies\source\mods-drive\EmberVault-Control-Center\docs\MIGRATION_INVENTORY.md","case-study","entities-and-inventory","unreviewed",""
"experiments\source\mods-drive\Architect_Mod\Code_History\CODE-0037-working\architect_toolkit\temp_verify\architect_toolkit\temp_inspect\architect_toolkit\temp_zip_extract\architect_toolkit\tools\GameSettingsMapper\tests\test_descriptor_callbacks.py","experiment","entities-and-inventory","unreviewed",""
"experiments\source\mods-drive\Architect_Mod\Code_History\CODE-0037-working\architect_toolkit\temp_verify\architect_toolkit\temp_inspect\architect_toolkit\temp_zip_extract\architect_toolkit\tools\ItemObserver\compare_stack_captures.py","experiment","entities-and-inventory","unreviewed",""
"experiments\source\mods-drive\Architect_Mod\Code_History\CODE-0037-working\architect_toolkit\temp_verify\architect_toolkit\temp_inspect\architect_toolkit\temp_zip_extract\architect_toolkit\tools\PlayerObserver\tests\test_f7_player_discovery.py","experiment","entities-and-inventory","unreviewed",""
"experiments\source\mods-drive\Architect_Mod\Code_History\CODE-0037-working\architect_toolkit\temp_verify\architect_toolkit\temp_inspect\architect_toolkit\temp_zip_extract\architect_toolkit\tools\PlayerObserver\tests\test_player_discovery_native.py","experiment","entities-and-inventory","unreviewed",""
"experiments\source\mods-drive\Architect_Mod\Code_History\CODE-0037-working\architect_toolkit\temp_verify\architect_toolkit\temp_inspect\architect_toolkit\temp_zip_extract\architect_toolkit\tools\PlayerObserver\tests\test_player_observer.py","experiment","entities-and-inventory","unreviewed",""
"experiments\source\mods-drive\Architect_Mod\Code_History\CODE-0037-working\architect_toolkit\temp_verify\architect_toolkit\temp_inspect\architect_toolkit\temp_zip_extract\architect_toolkit\tools\SemanticActionObserver\test_helper_8d5ca0_site_contract_static.py","experiment","entities-and-inventory","unreviewed",""
"experiments\source\mods-drive\Architect_Mod\Code_History\CODE-0037-working\architect_toolkit\temp_verify\architect_toolkit\temp_inspect\architect_toolkit\temp_zip_extract\architect_toolkit\tools\SemanticActionObserver\test_observer_relocation_plan.py","experiment","entities-and-inventory","unreviewed",""
"experiments\source\mods-drive\Architect_Mod\Code_History\CODE-0037-working\architect_toolkit\temp_verify\architect_toolkit\temp_inspect\architect_toolkit\temp_zip_extract\architect_toolkit\tools\SemanticActionObserver\test_owner_rooted_container_family_static.py","experiment","entities-and-inventory","unreviewed",""
"experiments\source\mods-drive\Architect_Mod\Code_History\CODE-0037-working\architect_toolkit\temp_verify\architect_toolkit\temp_inspect\architect_toolkit\temp_zip_extract\architect_toolkit\tools\SemanticActionObserver\test_owner_rooted_slot_dispatch_static.py","experiment","entities-and-inventory","unreviewed",""
"experiments\source\mods-drive\Architect_Mod\Code_History\CODE-0037-working\architect_toolkit\temp_verify\architect_toolkit\temp_inspect\architect_toolkit\temp_zip_extract\architect_toolkit\tools\SemanticActionObserver\test_parent_call_relay_correlation_static.py","experiment","entities-and-inventory","unreviewed",""
"experiments\source\mods-drive\Architect_Mod\Code_History\CODE-0037-working\architect_toolkit\temp_verify\architect_toolkit\temp_inspect\architect_toolkit\temp_zip_extract\architect_toolkit\tools\SemanticActionObserver\test_parent_frame_lifetime_correlation_static.py","experiment","entities-and-inventory","unreviewed",""
"experiments\source\mods-drive\Architect_Mod\Code_History\CODE-0037-working\architect_toolkit\temp_verify\architect_toolkit\temp_inspect\architect_toolkit\temp_zip_extract\architect_toolkit\tools\SemanticActionObserver\test_preview_write_destination_owner_static.py","experiment","entities-and-inventory","unreviewed",""
"experiments\source\mods-drive\Architect_Mod\Code_History\CODE-0037-working\architect_toolkit\temp_verify\architect_toolkit\temp_inspect\architect_toolkit\temp_zip_extract\architect_toolkit\tools\SemanticActionObserver\test_relay_safety_closure.py","experiment","entities-and-inventory","unreviewed",""
"experiments\source\mods-drive\Architect_Mod\Code_History\CODE-0037-working\architect_toolkit\temp_verify\architect_toolkit\temp_inspect\architect_toolkit\temp_zip_extract\architect_toolkit\tools\SemanticActionObserver\test_selection_preview_authority_convergence_static.py","experiment","entities-and-inventory","unreviewed",""
"experiments\source\mods-drive\Architect_Mod\Code_History\CODE-0037-working\architect_toolkit\temp_verify\architect_toolkit\temp_inspect\architect_toolkit\tools\GameSettingsMapper\tests\test_descriptor_callbacks.py","experiment","entities-and-inventory","unreviewed",""
"experiments\source\mods-drive\Architect_Mod\Code_History\CODE-0037-working\architect_toolkit\temp_zip_extract\architect_toolkit\tools\GameSettingsMapper\tests\test_descriptor_callbacks.py","experiment","entities-and-inventory","unreviewed",""
"experiments\source\mods-drive\Architect_Mod\Code_History\CODE-0037-working\architect_toolkit\temp_zip_extract\architect_toolkit\tools\ItemObserver\compare_stack_captures.py","experiment","entities-and-inventory","unreviewed",""
"experiments\source\mods-drive\Architect_Mod\Code_History\CODE-0037-working\architect_toolkit\temp_zip_extract\architect_toolkit\tools\PlayerObserver\tests\test_f7_player_discovery.py","experiment","entities-and-inventory","unreviewed",""
"experiments\source\mods-drive\Architect_Mod\Code_History\CODE-0037-working\architect_toolkit\temp_zip_extract\architect_toolkit\tools\PlayerObserver\tests\test_player_discovery_native.py","experiment","entities-and-inventory","unreviewed",""
"experiments\source\mods-drive\Architect_Mod\Code_History\CODE-0037-working\architect_toolkit\temp_zip_extract\architect_toolkit\tools\PlayerObserver\tests\test_player_observer.py","experiment","entities-and-inventory","unreviewed",""
"experiments\source\mods-drive\Architect_Mod\Code_History\CODE-0037-working\architect_toolkit\temp_zip_extract\architect_toolkit\tools\SemanticActionObserver\test_helper_8d5ca0_site_contract_static.py","experiment","entities-and-inventory","unreviewed",""
"experiments\source\mods-drive\Architect_Mod\Code_History\CODE-0037-working\architect_toolkit\temp_zip_extract\architect_toolkit\tools\SemanticActionObserver\test_observer_relocation_plan.py","experiment","entities-and-inventory","unreviewed",""
"experiments\source\mods-drive\Architect_Mod\Code_History\CODE-0037-working\architect_toolkit\temp_zip_extract\architect_toolkit\tools\SemanticActionObserver\test_owner_rooted_container_family_static.py","experiment","entities-and-inventory","unreviewed",""
"experiments\source\mods-drive\Architect_Mod\Code_History\CODE-0037-working\architect_toolkit\temp_zip_extract\architect_toolkit\tools\SemanticActionObserver\test_owner_rooted_slot_dispatch_static.py","experiment","entities-and-inventory","unreviewed",""
"experiments\source\mods-drive\Architect_Mod\Code_History\CODE-0037-working\architect_toolkit\temp_zip_extract\architect_toolkit\tools\SemanticActionObserver\test_parent_call_relay_correlation_static.py","experiment","entities-and-inventory","unreviewed",""
"experiments\source\mods-drive\Architect_Mod\Code_History\CODE-0037-working\architect_toolkit\temp_zip_extract\architect_toolkit\tools\SemanticActionObserver\test_parent_frame_lifetime_correlation_static.py","experiment","entities-and-inventory","unreviewed",""
"experiments\source\mods-drive\Architect_Mod\Code_History\CODE-0037-working\architect_toolkit\temp_zip_extract\architect_toolkit\tools\SemanticActionObserver\test_preview_write_destination_owner_static.py","experiment","entities-and-inventory","unreviewed",""
"experiments\source\mods-drive\Architect_Mod\Code_History\CODE-0037-working\architect_toolkit\temp_zip_extract\architect_toolkit\tools\SemanticActionObserver\test_relay_safety_closure.py","experiment","entities-and-inventory","unreviewed",""
"experiments\source\mods-drive\Architect_Mod\Code_History\CODE-0037-working\architect_toolkit\temp_zip_extract\architect_toolkit\tools\SemanticActionObserver\test_selection_preview_authority_convergence_static.py","experiment","entities-and-inventory","unreviewed",""
"experiments\source\mods-drive\Architect_Mod\Code_History\CODE-0037-working\architect_toolkit\temp_zip\architect_toolkit\temp_zip_extract\architect_toolkit\tools\GameSettingsMapper\tests\test_descriptor_callbacks.py","experiment","entities-and-inventory","unreviewed",""
"experiments\source\mods-drive\Architect_Mod\Code_History\CODE-0037-working\architect_toolkit\temp_zip\architect_toolkit\temp_zip_extract\architect_toolkit\tools\ItemObserver\compare_stack_captures.py","experiment","entities-and-inventory","unreviewed",""
"experiments\source\mods-drive\Architect_Mod\Code_History\CODE-0037-working\architect_toolkit\temp_zip\architect_toolkit\temp_zip_extract\architect_toolkit\tools\PlayerObserver\tests\test_f7_player_discovery.py","experiment","entities-and-inventory","unreviewed",""
"experiments\source\mods-drive\Architect_Mod\Code_History\CODE-0037-working\architect_toolkit\temp_zip\architect_toolkit\temp_zip_extract\architect_toolkit\tools\PlayerObserver\tests\test_player_discovery_native.py","experiment","entities-and-inventory","unreviewed",""
"experiments\source\mods-drive\Architect_Mod\Code_History\CODE-0037-working\architect_toolkit\temp_zip\architect_toolkit\temp_zip_extract\architect_toolkit\tools\PlayerObserver\tests\test_player_observer.py","experiment","entities-and-inventory","unreviewed",""
"experiments\source\mods-drive\Architect_Mod\Code_History\CODE-0037-working\architect_toolkit\temp_zip\architect_toolkit\temp_zip_extract\architect_toolkit\tools\SemanticActionObserver\test_helper_8d5ca0_site_contract_static.py","experiment","entities-and-inventory","unreviewed",""
"experiments\source\mods-drive\Architect_Mod\Code_History\CODE-0037-working\architect_toolkit\temp_zip\architect_toolkit\temp_zip_extract\architect_toolkit\tools\SemanticActionObserver\test_observer_relocation_plan.py","experiment","entities-and-inventory","unreviewed",""
"experiments\source\mods-drive\Architect_Mod\Code_History\CODE-0037-working\architect_toolkit\temp_zip\architect_toolkit\temp_zip_extract\architect_toolkit\tools\SemanticActionObserver\test_owner_rooted_container_family_static.py","experiment","entities-and-inventory","unreviewed",""
"experiments\source\mods-drive\Architect_Mod\Code_History\CODE-0037-working\architect_toolkit\temp_zip\architect_toolkit\temp_zip_extract\architect_toolkit\tools\SemanticActionObserver\test_owner_rooted_slot_dispatch_static.py","experiment","entities-and-inventory","unreviewed",""
"experiments\source\mods-drive\Architect_Mod\Code_History\CODE-0037-working\architect_toolkit\temp_zip\architect_toolkit\temp_zip_extract\architect_toolkit\tools\SemanticActionObserver\test_parent_call_relay_correlation_static.py","experiment","entities-and-inventory","unreviewed",""
"experiments\source\mods-drive\Architect_Mod\Code_History\CODE-0037-working\architect_toolkit\temp_zip\architect_toolkit\temp_zip_extract\architect_toolkit\tools\SemanticActionObserver\test_parent_frame_lifetime_correlation_static.py","experiment","entities-and-inventory","unreviewed",""
"experiments\source\mods-drive\Architect_Mod\Code_History\CODE-0037-working\architect_toolkit\temp_zip\architect_toolkit\temp_zip_extract\architect_toolkit\tools\SemanticActionObserver\test_preview_write_destination_owner_static.py","experiment","entities-and-inventory","unreviewed",""
"experiments\source\mods-drive\Architect_Mod\Code_History\CODE-0037-working\architect_toolkit\temp_zip\architect_toolkit\temp_zip_extract\architect_toolkit\tools\SemanticActionObserver\test_relay_safety_closure.py","experiment","entities-and-inventory","unreviewed",""
"experiments\source\mods-drive\Architect_Mod\Code_History\CODE-0037-working\architect_toolkit\temp_zip\architect_toolkit\temp_zip_extract\architect_toolkit\tools\SemanticActionObserver\test_selection_preview_authority_convergence_static.py","experiment","entities-and-inventory","unreviewed",""
"experiments\source\mods-drive\Architect_Mod\Code_History\CODE-0037-working\architect_toolkit\temp_zip\architect_toolkit\tools\GameSettingsMapper\tests\test_descriptor_callbacks.py","experiment","entities-and-inventory","unreviewed",""
"experiments\source\mods-drive\Architect_Mod\Code_History\CODE-0037-working\architect_toolkit\temp_zip\architect_toolkit\tools\ItemObserver\compare_stack_captures.py","experiment","entities-and-inventory","unreviewed",""
"experiments\source\mods-drive\Architect_Mod\Code_History\CODE-0037-working\architect_toolkit\temp_zip\architect_toolkit\tools\PlayerObserver\tests\test_f7_player_discovery.py","experiment","entities-and-inventory","unreviewed",""
"experiments\source\mods-drive\Architect_Mod\Code_History\CODE-0037-working\architect_toolkit\temp_zip\architect_toolkit\tools\PlayerObserver\tests\test_player_discovery_native.py","experiment","entities-and-inventory","unreviewed",""
"experiments\source\mods-drive\Architect_Mod\Code_History\CODE-0037-working\architect_toolkit\temp_zip\architect_toolkit\tools\PlayerObserver\tests\test_player_observer.py","experiment","entities-and-inventory","unreviewed",""
"experiments\source\mods-drive\Architect_Mod\Code_History\CODE-0037-working\architect_toolkit\temp_zip\architect_toolkit\tools\SemanticActionObserver\test_helper_8d5ca0_site_contract_static.py","experiment","entities-and-inventory","unreviewed",""
"experiments\source\mods-drive\Architect_Mod\Code_History\CODE-0037-working\architect_toolkit\temp_zip\architect_toolkit\tools\SemanticActionObserver\test_observer_relocation_plan.py","experiment","entities-and-inventory","unreviewed",""
"experiments\source\mods-drive\Architect_Mod\Code_History\CODE-0037-working\architect_toolkit\temp_zip\architect_toolkit\tools\SemanticActionObserver\test_owner_rooted_container_family_static.py","experiment","entities-and-inventory","unreviewed",""
"experiments\source\mods-drive\Architect_Mod\Code_History\CODE-0037-working\architect_toolkit\temp_zip\architect_toolkit\tools\SemanticActionObserver\test_owner_rooted_slot_dispatch_static.py","experiment","entities-and-inventory","unreviewed",""
"experiments\source\mods-drive\Architect_Mod\Code_History\CODE-0037-working\architect_toolkit\temp_zip\architect_toolkit\tools\SemanticActionObserver\test_parent_call_relay_correlation_static.py","experiment","entities-and-inventory","unreviewed",""
"experiments\source\mods-drive\Architect_Mod\Code_History\CODE-0037-working\architect_toolkit\temp_zip\architect_toolkit\tools\SemanticActionObserver\test_parent_frame_lifetime_correlation_static.py","experiment","entities-and-inventory","unreviewed",""
"experiments\source\mods-drive\Architect_Mod\Code_History\CODE-0037-working\architect_toolkit\temp_zip\architect_toolkit\tools\SemanticActionObserver\test_preview_write_destination_owner_static.py","experiment","entities-and-inventory","unreviewed",""
"experiments\source\mods-drive\Architect_Mod\Code_History\CODE-0037-working\architect_toolkit\temp_zip\architect_toolkit\tools\SemanticActionObserver\test_relay_safety_closure.py","experiment","entities-and-inventory","unreviewed",""
"experiments\source\mods-drive\Architect_Mod\Code_History\CODE-0037-working\architect_toolkit\temp_zip\architect_toolkit\tools\SemanticActionObserver\test_selection_preview_authority_convergence_static.py","experiment","entities-and-inventory","unreviewed",""
"experiments\source\mods-drive\Architect_Mod\Code_History\CODE-0037-working\architect_toolkit\tools\GameSettingsMapper\tests\test_descriptor_callbacks.py","experiment","entities-and-inventory","unreviewed",""
"experiments\source\mods-drive\Architect_Mod\Code_History\CODE-0037-working\architect_toolkit\tools\ItemObserver\compare_stack_captures.py","experiment","entities-and-inventory","unreviewed",""
"experiments\source\mods-drive\Architect_Mod\Code_History\CODE-0037-working\architect_toolkit\tools\PlayerObserver\tests\test_f7_player_discovery.py","experiment","entities-and-inventory","unreviewed",""
"experiments\source\mods-drive\Architect_Mod\Code_History\CODE-0037-working\architect_toolkit\tools\PlayerObserver\tests\test_player_discovery_native.py","experiment","entities-and-inventory","unreviewed",""
"experiments\source\mods-drive\Architect_Mod\Code_History\CODE-0037-working\architect_toolkit\tools\PlayerObserver\tests\test_player_observer.py","experiment","entities-and-inventory","unreviewed",""
"experiments\source\mods-drive\Architect_Mod\Code_History\CODE-0037-working\architect_toolkit\tools\SemanticActionObserver\test_helper_8d5ca0_site_contract_static.py","experiment","entities-and-inventory","unreviewed",""
"experiments\source\mods-drive\Architect_Mod\Code_History\CODE-0037-working\architect_toolkit\tools\SemanticActionObserver\test_observer_relocation_plan.py","experiment","entities-and-inventory","unreviewed",""
"experiments\source\mods-drive\Architect_Mod\Code_History\CODE-0037-working\architect_toolkit\tools\SemanticActionObserver\test_owner_rooted_container_family_static.py","experiment","entities-and-inventory","unreviewed",""
"experiments\source\mods-drive\Architect_Mod\Code_History\CODE-0037-working\architect_toolkit\tools\SemanticActionObserver\test_owner_rooted_slot_dispatch_static.py","experiment","entities-and-inventory","unreviewed",""
"experiments\source\mods-drive\Architect_Mod\Code_History\CODE-0037-working\architect_toolkit\tools\SemanticActionObserver\test_parent_call_relay_correlation_static.py","experiment","entities-and-inventory","unreviewed",""
"experiments\source\mods-drive\Architect_Mod\Code_History\CODE-0037-working\architect_toolkit\tools\SemanticActionObserver\test_parent_frame_lifetime_correlation_static.py","experiment","entities-and-inventory","unreviewed",""
"experiments\source\mods-drive\Architect_Mod\Code_History\CODE-0037-working\architect_toolkit\tools\SemanticActionObserver\test_preview_write_destination_owner_static.py","experiment","entities-and-inventory","unreviewed",""
"experiments\source\mods-drive\Architect_Mod\Code_History\CODE-0037-working\architect_toolkit\tools\SemanticActionObserver\test_relay_safety_closure.py","experiment","entities-and-inventory","unreviewed",""
"experiments\source\mods-drive\Architect_Mod\Code_History\CODE-0037-working\architect_toolkit\tools\SemanticActionObserver\test_selection_preview_authority_convergence_static.py","experiment","entities-and-inventory","unreviewed",""
"experiments\source\mods-drive\Architect_Mod\Code_History\CODE-0044A\candidate\tools\GameSettingsMapper\tests\test_descriptor_callbacks.py","experiment","entities-and-inventory","unreviewed",""
"experiments\source\mods-drive\Architect_Mod\Code_History\CODE-0044A\candidate\tools\ItemObserver\compare_stack_captures.py","experiment","entities-and-inventory","unreviewed",""
"experiments\source\mods-drive\Architect_Mod\Code_History\CODE-0044A\candidate\tools\PlayerObserver\tests\test_f7_player_discovery.py","experiment","entities-and-inventory","unreviewed",""
"experiments\source\mods-drive\Architect_Mod\Code_History\CODE-0044A\candidate\tools\PlayerObserver\tests\test_player_discovery_native.py","experiment","entities-and-inventory","unreviewed",""
"experiments\source\mods-drive\Architect_Mod\Code_History\CODE-0044A\candidate\tools\PlayerObserver\tests\test_player_observer.py","experiment","entities-and-inventory","unreviewed",""
"experiments\source\mods-drive\Architect_Mod\Code_History\CODE-0044A\candidate\tools\SemanticActionObserver\test_helper_8d5ca0_site_contract_static.py","experiment","entities-and-inventory","unreviewed",""
"experiments\source\mods-drive\Architect_Mod\Code_History\CODE-0044A\candidate\tools\SemanticActionObserver\test_observer_relocation_plan.py","experiment","entities-and-inventory","unreviewed",""
"experiments\source\mods-drive\Architect_Mod\Code_History\CODE-0044A\candidate\tools\SemanticActionObserver\test_owner_rooted_container_family_static.py","experiment","entities-and-inventory","unreviewed",""
"experiments\source\mods-drive\Architect_Mod\Code_History\CODE-0044A\candidate\tools\SemanticActionObserver\test_owner_rooted_slot_dispatch_static.py","experiment","entities-and-inventory","unreviewed",""
"experiments\source\mods-drive\Architect_Mod\Code_History\CODE-0044A\candidate\tools\SemanticActionObserver\test_parent_call_relay_correlation_static.py","experiment","entities-and-inventory","unreviewed",""
"experiments\source\mods-drive\Architect_Mod\Code_History\CODE-0044A\candidate\tools\SemanticActionObserver\test_parent_frame_lifetime_correlation_static.py","experiment","entities-and-inventory","unreviewed",""
"experiments\source\mods-drive\Architect_Mod\Code_History\CODE-0044A\candidate\tools\SemanticActionObserver\test_preview_write_destination_owner_static.py","experiment","entities-and-inventory","unreviewed",""
"experiments\source\mods-drive\Architect_Mod\Code_History\CODE-0044A\candidate\tools\SemanticActionObserver\test_relay_safety_closure.py","experiment","entities-and-inventory","unreviewed",""
"experiments\source\mods-drive\Architect_Mod\Code_History\CODE-0044A\candidate\tools\SemanticActionObserver\test_selection_preview_authority_convergence_static.py","experiment","entities-and-inventory","unreviewed",""
"experiments\source\mods-drive\Control_Center\staging\compiled_item_visual_reference_probe_20260927\src\kfc_content_registry.lua","experiment","entities-and-inventory","unreviewed",""
"experiments\source\mods-drive\Control_Center\staging\compiled_item_visual_reference_probe_20260927\src\kfc_localization_registry.lua","experiment","entities-and-inventory","unreviewed",""
"experiments\source\mods-drive\Control_Center\staging\compiled_item_visual_reference_probe_20260927\src\localization_payload.lua","experiment","entities-and-inventory","unreviewed",""
"experiments\source\mods-drive\Control_Center\staging\compiled_item_visual_reference_probe_20260927\src\mod.lua","experiment","entities-and-inventory","unreviewed",""
"experiments\source\mods-drive\Control_Center\tests\test_build_item_visual_reference_probe.py","experiment","entities-and-inventory","unreviewed",""
"experiments\source\mods-drive\Control_Center\tests\test_gameplay_schema_inventory.py","experiment","entities-and-inventory","unreviewed",""
"experiments\source\mods-drive\Control_Center\tests\test_ownership.py","experiment","entities-and-inventory","unreviewed",""
"experiments\source\mods-drive\Control_Center\tools\build_item_visual_reference_probe.py","experiment","entities-and-inventory","unreviewed",""
"experiments\source\mods-drive\Control_Center\tools\build_localization_item_transition_probe.py","experiment","entities-and-inventory","unreviewed",""
"experiments\source\mods-drive\Emberworks\runtime_stage_inventory\emberworks_worldwright_probe\src\mod.lua","experiment","entities-and-inventory","unreviewed",""
"experiments\source\mods-drive\Emberworks\tests\test_manifest_inventory.py","experiment","entities-and-inventory","unreviewed",""
"implementations\source\mods-drive\Incoming\2026-09-25\INC-0068\FeatherMourn_Item_Selector_Full_Catalog.txt","implementation","entities-and-inventory","unreviewed",""
"implementations\source\mods-drive\Incoming\2026-09-25\INC-0068\Pasted_Item_Catalog_Reference_Original.txt","implementation","entities-and-inventory","unreviewed",""
"research\source\mods-drive\Architect_Mod\Code_History\CODE-0037-working\architect_toolkit\docs\ITEM_OBSERVER_CALLGRAPH_RESEARCH_V2.md","research","entities-and-inventory","unreviewed",""
"research\source\mods-drive\Architect_Mod\Code_History\CODE-0037-working\architect_toolkit\docs\ITEM_OBSERVER_DESCRIPTOR_RESEARCH_V5.md","research","entities-and-inventory","unreviewed",""
"research\source\mods-drive\Architect_Mod\Code_History\CODE-0037-working\architect_toolkit\docs\ITEM_OBSERVER_INCREMENTAL_TRACKING_RESEARCH_V7_2.md","research","entities-and-inventory","unreviewed",""
"research\source\mods-drive\Architect_Mod\Code_History\CODE-0037-working\architect_toolkit\docs\ITEM_OBSERVER_METADATA_RESEARCH_V3.md","research","entities-and-inventory","unreviewed",""
"research\source\mods-drive\Architect_Mod\Code_History\CODE-0037-working\architect_toolkit\docs\ITEM_OBSERVER_OWNER_RESEARCH_V4.md","research","entities-and-inventory","unreviewed",""
"research\source\mods-drive\Architect_Mod\Code_History\CODE-0037-working\architect_toolkit\docs\ITEM_OBSERVER_RUNTIME_DESCRIPTOR_RESEARCH_V6.md","research","entities-and-inventory","unreviewed",""
"research\source\mods-drive\Architect_Mod\Code_History\CODE-0037-working\architect_toolkit\docs\ITEM_OBSERVER_STACK_DIFFERENTIAL_RESEARCH_V7_1.md","research","entities-and-inventory","unreviewed",""
"research\source\mods-drive\Architect_Mod\Code_History\CODE-0037-working\architect_toolkit\docs\ITEM_OBSERVER_STACK_DIFFERENTIAL_RESEARCH_V7.md","research","entities-and-inventory","unreviewed",""
"research\source\mods-drive\Architect_Mod\Code_History\CODE-0037-working\architect_toolkit\docs\ITEM_OBSERVER_STATIC_RESEARCH_V1.md","research","entities-and-inventory","unreviewed",""
"research\source\mods-drive\Architect_Mod\Code_History\CODE-0037-working\architect_toolkit\docs\research\GameSettings-CODE-0026-DescriptorCallbacks.md","research","entities-and-inventory","unreviewed",""
"research\source\mods-drive\Architect_Mod\Code_History\CODE-0037-working\architect_toolkit\docs\research\InventoryTransfer-StaticMap-v1.md","research","entities-and-inventory","unreviewed",""
"research\source\mods-drive\Architect_Mod\Code_History\CODE-0037-working\architect_toolkit\docs\research\OwnerRootedContainerFamily-StaticMap-v1.md","research","entities-and-inventory","unreviewed",""
"research\source\mods-drive\Architect_Mod\Code_History\CODE-0037-working\architect_toolkit\docs\research\OwnerRootedSlotDispatch-StaticMap-v1.md","research","entities-and-inventory","unreviewed",""
"research\source\mods-drive\Architect_Mod\Code_History\CODE-0037-working\architect_toolkit\docs\research\PlayerObserver-CODE-0021.md","research","entities-and-inventory","unreviewed",""
"research\source\mods-drive\Architect_Mod\Code_History\CODE-0037-working\architect_toolkit\docs\research\PreviewWriteDestinationOwner-StaticMap-v1.md","research","entities-and-inventory","unreviewed",""
"research\source\mods-drive\Architect_Mod\Code_History\CODE-0037-working\architect_toolkit\docs\research\SemanticActionObserver-v1.md","research","entities-and-inventory","unreviewed",""
"research\source\mods-drive\Architect_Mod\Code_History\CODE-0037-working\architect_toolkit\docs\research\SemanticActionObserver-v10.md","research","entities-and-inventory","unreviewed",""
"research\source\mods-drive\Architect_Mod\Code_History\CODE-0037-working\architect_toolkit\docs\research\SemanticActionObserver-v2.md","research","entities-and-inventory","unreviewed",""
"research\source\mods-drive\Architect_Mod\Code_History\CODE-0037-working\architect_toolkit\docs\research\SemanticActionObserver-v3.md","research","entities-and-inventory","unreviewed",""
"research\source\mods-drive\Architect_Mod\Code_History\CODE-0037-working\architect_toolkit\docs\research\SemanticActionObserver-v4.md","research","entities-and-inventory","unreviewed",""
"research\source\mods-drive\Architect_Mod\Code_History\CODE-0037-working\architect_toolkit\docs\research\SemanticActionObserver-v5.md","research","entities-and-inventory","unreviewed",""
"research\source\mods-drive\Architect_Mod\Code_History\CODE-0037-working\architect_toolkit\docs\research\SemanticActionObserver-v6.md","research","entities-and-inventory","unreviewed",""
"research\source\mods-drive\Architect_Mod\Code_History\CODE-0037-working\architect_toolkit\docs\research\SemanticActionObserver-v7.md","research","entities-and-inventory","unreviewed",""
"research\source\mods-drive\Architect_Mod\Code_History\CODE-0037-working\architect_toolkit\docs\research\SemanticActionObserver-v8.md","research","entities-and-inventory","unreviewed",""
"research\source\mods-drive\Architect_Mod\Code_History\CODE-0037-working\architect_toolkit\docs\research\SemanticActionObserver-v9.md","research","entities-and-inventory","unreviewed",""
"research\source\mods-drive\Architect_Mod\Code_History\CODE-0037-working\architect_toolkit\temp_verify\architect_toolkit\temp_inspect\architect_toolkit\temp_zip_extract\architect_toolkit\docs\ITEM_OBSERVER_CALLGRAPH_RESEARCH_V2.md","research","entities-and-inventory","unreviewed",""
"research\source\mods-drive\Architect_Mod\Code_History\CODE-0037-working\architect_toolkit\temp_verify\architect_toolkit\temp_inspect\architect_toolkit\temp_zip_extract\architect_toolkit\docs\ITEM_OBSERVER_DESCRIPTOR_RESEARCH_V5.md","research","entities-and-inventory","unreviewed",""
"research\source\mods-drive\Architect_Mod\Code_History\CODE-0037-working\architect_toolkit\temp_verify\architect_toolkit\temp_inspect\architect_toolkit\temp_zip_extract\architect_toolkit\docs\ITEM_OBSERVER_INCREMENTAL_TRACKING_RESEARCH_V7_2.md","research","entities-and-inventory","unreviewed",""
"research\source\mods-drive\Architect_Mod\Code_History\CODE-0037-working\architect_toolkit\temp_verify\architect_toolkit\temp_inspect\architect_toolkit\temp_zip_extract\architect_toolkit\docs\ITEM_OBSERVER_METADATA_RESEARCH_V3.md","research","entities-and-inventory","unreviewed",""
"research\source\mods-drive\Architect_Mod\Code_History\CODE-0037-working\architect_toolkit\temp_verify\architect_toolkit\temp_inspect\architect_toolkit\temp_zip_extract\architect_toolkit\docs\ITEM_OBSERVER_OWNER_RESEARCH_V4.md","research","entities-and-inventory","unreviewed",""
"research\source\mods-drive\Architect_Mod\Code_History\CODE-0037-working\architect_toolkit\temp_verify\architect_toolkit\temp_inspect\architect_toolkit\temp_zip_extract\architect_toolkit\docs\ITEM_OBSERVER_RUNTIME_DESCRIPTOR_RESEARCH_V6.md","research","entities-and-inventory","unreviewed",""
"research\source\mods-drive\Architect_Mod\Code_History\CODE-0037-working\architect_toolkit\temp_verify\architect_toolkit\temp_inspect\architect_toolkit\temp_zip_extract\architect_toolkit\docs\ITEM_OBSERVER_STACK_DIFFERENTIAL_RESEARCH_V7_1.md","research","entities-and-inventory","unreviewed",""
"research\source\mods-drive\Architect_Mod\Code_History\CODE-0037-working\architect_toolkit\temp_verify\architect_toolkit\temp_inspect\architect_toolkit\temp_zip_extract\architect_toolkit\docs\ITEM_OBSERVER_STACK_DIFFERENTIAL_RESEARCH_V7.md","research","entities-and-inventory","unreviewed",""
"research\source\mods-drive\Architect_Mod\Code_History\CODE-0037-working\architect_toolkit\temp_verify\architect_toolkit\temp_inspect\architect_toolkit\temp_zip_extract\architect_toolkit\docs\ITEM_OBSERVER_STATIC_RESEARCH_V1.md","research","entities-and-inventory","unreviewed",""
"research\source\mods-drive\Architect_Mod\Code_History\CODE-0037-working\architect_toolkit\temp_verify\architect_toolkit\temp_inspect\architect_toolkit\temp_zip_extract\architect_toolkit\docs\research\GameSettings-CODE-0026-DescriptorCallbacks.md","research","entities-and-inventory","unreviewed",""
"research\source\mods-drive\Architect_Mod\Code_History\CODE-0037-working\architect_toolkit\temp_verify\architect_toolkit\temp_inspect\architect_toolkit\temp_zip_extract\architect_toolkit\docs\research\InventoryTransfer-StaticMap-v1.md","research","entities-and-inventory","unreviewed",""
"research\source\mods-drive\Architect_Mod\Code_History\CODE-0037-working\architect_toolkit\temp_verify\architect_toolkit\temp_inspect\architect_toolkit\temp_zip_extract\architect_toolkit\docs\research\OwnerRootedContainerFamily-StaticMap-v1.md","research","entities-and-inventory","unreviewed",""
"research\source\mods-drive\Architect_Mod\Code_History\CODE-0037-working\architect_toolkit\temp_verify\architect_toolkit\temp_inspect\architect_toolkit\temp_zip_extract\architect_toolkit\docs\research\OwnerRootedSlotDispatch-StaticMap-v1.md","research","entities-and-inventory","unreviewed",""
"research\source\mods-drive\Architect_Mod\Code_History\CODE-0037-working\architect_toolkit\temp_verify\architect_toolkit\temp_inspect\architect_toolkit\temp_zip_extract\architect_toolkit\docs\research\PlayerObserver-CODE-0021.md","research","entities-and-inventory","unreviewed",""
"research\source\mods-drive\Architect_Mod\Code_History\CODE-0037-working\architect_toolkit\temp_verify\architect_toolkit\temp_inspect\architect_toolkit\temp_zip_extract\architect_toolkit\docs\research\PreviewWriteDestinationOwner-StaticMap-v1.md","research","entities-and-inventory","unreviewed",""
"research\source\mods-drive\Architect_Mod\Code_History\CODE-0037-working\architect_toolkit\temp_verify\architect_toolkit\temp_inspect\architect_toolkit\temp_zip_extract\architect_toolkit\docs\research\SemanticActionObserver-v1.md","research","entities-and-inventory","unreviewed",""
"research\source\mods-drive\Architect_Mod\Code_History\CODE-0037-working\architect_toolkit\temp_verify\architect_toolkit\temp_inspect\architect_toolkit\temp_zip_extract\architect_toolkit\docs\research\SemanticActionObserver-v10.md","research","entities-and-inventory","unreviewed",""
"research\source\mods-drive\Architect_Mod\Code_History\CODE-0037-working\architect_toolkit\temp_verify\architect_toolkit\temp_inspect\architect_toolkit\temp_zip_extract\architect_toolkit\docs\research\SemanticActionObserver-v2.md","research","entities-and-inventory","unreviewed",""
"research\source\mods-drive\Architect_Mod\Code_History\CODE-0037-working\architect_toolkit\temp_verify\architect_toolkit\temp_inspect\architect_toolkit\temp_zip_extract\architect_toolkit\docs\research\SemanticActionObserver-v3.md","research","entities-and-inventory","unreviewed",""
"research\source\mods-drive\Architect_Mod\Code_History\CODE-0037-working\architect_toolkit\temp_verify\architect_toolkit\temp_inspect\architect_toolkit\temp_zip_extract\architect_toolkit\docs\research\SemanticActionObserver-v4.md","research","entities-and-inventory","unreviewed",""
"research\source\mods-drive\Architect_Mod\Code_History\CODE-0037-working\architect_toolkit\temp_verify\architect_toolkit\temp_inspect\architect_toolkit\temp_zip_extract\architect_toolkit\docs\research\SemanticActionObserver-v5.md","research","entities-and-inventory","unreviewed",""
"research\source\mods-drive\Architect_Mod\Code_History\CODE-0037-working\architect_toolkit\temp_verify\architect_toolkit\temp_inspect\architect_toolkit\temp_zip_extract\architect_toolkit\docs\research\SemanticActionObserver-v6.md","research","entities-and-inventory","unreviewed",""
"research\source\mods-drive\Architect_Mod\Code_History\CODE-0037-working\architect_toolkit\temp_verify\architect_toolkit\temp_inspect\architect_toolkit\temp_zip_extract\architect_toolkit\docs\research\SemanticActionObserver-v7.md","research","entities-and-inventory","unreviewed",""
"research\source\mods-drive\Architect_Mod\Code_History\CODE-0037-working\architect_toolkit\temp_verify\architect_toolkit\temp_inspect\architect_toolkit\temp_zip_extract\architect_toolkit\docs\research\SemanticActionObserver-v8.md","research","entities-and-inventory","unreviewed",""
"research\source\mods-drive\Architect_Mod\Code_History\CODE-0037-working\architect_toolkit\temp_verify\architect_toolkit\temp_inspect\architect_toolkit\temp_zip_extract\architect_toolkit\docs\research\SemanticActionObserver-v9.md","research","entities-and-inventory","unreviewed",""
"research\source\mods-drive\Architect_Mod\Code_History\CODE-0037-working\architect_toolkit\temp_verify\architect_toolkit\temp_inspect\architect_toolkit\temp_zip_extract\architect_toolkit\tools\ItemObserver\scan_inventory_transfer_static_map.py","research","entities-and-inventory","unreviewed",""
"research\source\mods-drive\Architect_Mod\Code_History\CODE-0037-working\architect_toolkit\temp_verify\architect_toolkit\temp_inspect\architect_toolkit\temp_zip_extract\architect_toolkit\tools\ItemObserver\test_inventory_transfer_static_map.py","research","entities-and-inventory","unreviewed",""
"research\source\mods-drive\Architect_Mod\Code_History\CODE-0037-working\architect_toolkit\temp_zip_extract\architect_toolkit\docs\ITEM_OBSERVER_CALLGRAPH_RESEARCH_V2.md","research","entities-and-inventory","unreviewed",""
"research\source\mods-drive\Architect_Mod\Code_History\CODE-0037-working\architect_toolkit\temp_zip_extract\architect_toolkit\docs\ITEM_OBSERVER_DESCRIPTOR_RESEARCH_V5.md","research","entities-and-inventory","unreviewed",""
"research\source\mods-drive\Architect_Mod\Code_History\CODE-0037-working\architect_toolkit\temp_zip_extract\architect_toolkit\docs\ITEM_OBSERVER_INCREMENTAL_TRACKING_RESEARCH_V7_2.md","research","entities-and-inventory","unreviewed",""
"research\source\mods-drive\Architect_Mod\Code_History\CODE-0037-working\architect_toolkit\temp_zip_extract\architect_toolkit\docs\ITEM_OBSERVER_METADATA_RESEARCH_V3.md","research","entities-and-inventory","unreviewed",""
"research\source\mods-drive\Architect_Mod\Code_History\CODE-0037-working\architect_toolkit\temp_zip_extract\architect_toolkit\docs\ITEM_OBSERVER_OWNER_RESEARCH_V4.md","research","entities-and-inventory","unreviewed",""
"research\source\mods-drive\Architect_Mod\Code_History\CODE-0037-working\architect_toolkit\temp_zip_extract\architect_toolkit\docs\ITEM_OBSERVER_RUNTIME_DESCRIPTOR_RESEARCH_V6.md","research","entities-and-inventory","unreviewed",""
"research\source\mods-drive\Architect_Mod\Code_History\CODE-0037-working\architect_toolkit\temp_zip_extract\architect_toolkit\docs\ITEM_OBSERVER_STACK_DIFFERENTIAL_RESEARCH_V7_1.md","research","entities-and-inventory","unreviewed",""
"research\source\mods-drive\Architect_Mod\Code_History\CODE-0037-working\architect_toolkit\temp_zip_extract\architect_toolkit\docs\ITEM_OBSERVER_STACK_DIFFERENTIAL_RESEARCH_V7.md","research","entities-and-inventory","unreviewed",""
"research\source\mods-drive\Architect_Mod\Code_History\CODE-0037-working\architect_toolkit\temp_zip_extract\architect_toolkit\docs\ITEM_OBSERVER_STATIC_RESEARCH_V1.md","research","entities-and-inventory","unreviewed",""
"research\source\mods-drive\Architect_Mod\Code_History\CODE-0037-working\architect_toolkit\temp_zip_extract\architect_toolkit\docs\research\GameSettings-CODE-0026-DescriptorCallbacks.md","research","entities-and-inventory","unreviewed",""
"research\source\mods-drive\Architect_Mod\Code_History\CODE-0037-working\architect_toolkit\temp_zip_extract\architect_toolkit\docs\research\InventoryTransfer-StaticMap-v1.md","research","entities-and-inventory","unreviewed",""
"research\source\mods-drive\Architect_Mod\Code_History\CODE-0037-working\architect_toolkit\temp_zip_extract\architect_toolkit\docs\research\OwnerRootedContainerFamily-StaticMap-v1.md","research","entities-and-inventory","unreviewed",""
"research\source\mods-drive\Architect_Mod\Code_History\CODE-0037-working\architect_toolkit\temp_zip_extract\architect_toolkit\docs\research\OwnerRootedSlotDispatch-StaticMap-v1.md","research","entities-and-inventory","unreviewed",""
"research\source\mods-drive\Architect_Mod\Code_History\CODE-0037-working\architect_toolkit\temp_zip_extract\architect_toolkit\docs\research\PlayerObserver-CODE-0021.md","research","entities-and-inventory","unreviewed",""
"research\source\mods-drive\Architect_Mod\Code_History\CODE-0037-working\architect_toolkit\temp_zip_extract\architect_toolkit\docs\research\PreviewWriteDestinationOwner-StaticMap-v1.md","research","entities-and-inventory","unreviewed",""
"research\source\mods-drive\Architect_Mod\Code_History\CODE-0037-working\architect_toolkit\temp_zip_extract\architect_toolkit\docs\research\SemanticActionObserver-v1.md","research","entities-and-inventory","unreviewed",""
"research\source\mods-drive\Architect_Mod\Code_History\CODE-0037-working\architect_toolkit\temp_zip_extract\architect_toolkit\docs\research\SemanticActionObserver-v10.md","research","entities-and-inventory","unreviewed",""
"research\source\mods-drive\Architect_Mod\Code_History\CODE-0037-working\architect_toolkit\temp_zip_extract\architect_toolkit\docs\research\SemanticActionObserver-v2.md","research","entities-and-inventory","unreviewed",""
"research\source\mods-drive\Architect_Mod\Code_History\CODE-0037-working\architect_toolkit\temp_zip_extract\architect_toolkit\docs\research\SemanticActionObserver-v3.md","research","entities-and-inventory","unreviewed",""
"research\source\mods-drive\Architect_Mod\Code_History\CODE-0037-working\architect_toolkit\temp_zip_extract\architect_toolkit\docs\research\SemanticActionObserver-v4.md","research","entities-and-inventory","unreviewed",""
"research\source\mods-drive\Architect_Mod\Code_History\CODE-0037-working\architect_toolkit\temp_zip_extract\architect_toolkit\docs\research\SemanticActionObserver-v5.md","research","entities-and-inventory","unreviewed",""
"research\source\mods-drive\Architect_Mod\Code_History\CODE-0037-working\architect_toolkit\temp_zip_extract\architect_toolkit\docs\research\SemanticActionObserver-v6.md","research","entities-and-inventory","unreviewed",""
"research\source\mods-drive\Architect_Mod\Code_History\CODE-0037-working\architect_toolkit\temp_zip_extract\architect_toolkit\docs\research\SemanticActionObserver-v7.md","research","entities-and-inventory","unreviewed",""
"research\source\mods-drive\Architect_Mod\Code_History\CODE-0037-working\architect_toolkit\temp_zip_extract\architect_toolkit\docs\research\SemanticActionObserver-v8.md","research","entities-and-inventory","unreviewed",""
"research\source\mods-drive\Architect_Mod\Code_History\CODE-0037-working\architect_toolkit\temp_zip_extract\architect_toolkit\docs\research\SemanticActionObserver-v9.md","research","entities-and-inventory","unreviewed",""
"research\source\mods-drive\Architect_Mod\Code_History\CODE-0037-working\architect_toolkit\temp_zip_extract\architect_toolkit\tools\ItemObserver\scan_inventory_transfer_static_map.py","research","entities-and-inventory","unreviewed",""
"research\source\mods-drive\Architect_Mod\Code_History\CODE-0037-working\architect_toolkit\temp_zip_extract\architect_toolkit\tools\ItemObserver\test_inventory_transfer_static_map.py","research","entities-and-inventory","unreviewed",""
"research\source\mods-drive\Architect_Mod\Code_History\CODE-0037-working\architect_toolkit\temp_zip\architect_toolkit\docs\ITEM_OBSERVER_CALLGRAPH_RESEARCH_V2.md","research","entities-and-inventory","unreviewed",""
"research\source\mods-drive\Architect_Mod\Code_History\CODE-0037-working\architect_toolkit\temp_zip\architect_toolkit\docs\ITEM_OBSERVER_DESCRIPTOR_RESEARCH_V5.md","research","entities-and-inventory","unreviewed",""
"research\source\mods-drive\Architect_Mod\Code_History\CODE-0037-working\architect_toolkit\temp_zip\architect_toolkit\docs\ITEM_OBSERVER_INCREMENTAL_TRACKING_RESEARCH_V7_2.md","research","entities-and-inventory","unreviewed",""
"research\source\mods-drive\Architect_Mod\Code_History\CODE-0037-working\architect_toolkit\temp_zip\architect_toolkit\docs\ITEM_OBSERVER_METADATA_RESEARCH_V3.md","research","entities-and-inventory","unreviewed",""
"research\source\mods-drive\Architect_Mod\Code_History\CODE-0037-working\architect_toolkit\temp_zip\architect_toolkit\docs\ITEM_OBSERVER_OWNER_RESEARCH_V4.md","research","entities-and-inventory","unreviewed",""
"research\source\mods-drive\Architect_Mod\Code_History\CODE-0037-working\architect_toolkit\temp_zip\architect_toolkit\docs\ITEM_OBSERVER_RUNTIME_DESCRIPTOR_RESEARCH_V6.md","research","entities-and-inventory","unreviewed",""
"research\source\mods-drive\Architect_Mod\Code_History\CODE-0037-working\architect_toolkit\temp_zip\architect_toolkit\docs\ITEM_OBSERVER_STACK_DIFFERENTIAL_RESEARCH_V7_1.md","research","entities-and-inventory","unreviewed",""
"research\source\mods-drive\Architect_Mod\Code_History\CODE-0037-working\architect_toolkit\temp_zip\architect_toolkit\docs\ITEM_OBSERVER_STACK_DIFFERENTIAL_RESEARCH_V7.md","research","entities-and-inventory","unreviewed",""
"research\source\mods-drive\Architect_Mod\Code_History\CODE-0037-working\architect_toolkit\temp_zip\architect_toolkit\docs\ITEM_OBSERVER_STATIC_RESEARCH_V1.md","research","entities-and-inventory","unreviewed",""
"research\source\mods-drive\Architect_Mod\Code_History\CODE-0037-working\architect_toolkit\temp_zip\architect_toolkit\docs\research\GameSettings-CODE-0026-DescriptorCallbacks.md","research","entities-and-inventory","unreviewed",""
"research\source\mods-drive\Architect_Mod\Code_History\CODE-0037-working\architect_toolkit\temp_zip\architect_toolkit\docs\research\InventoryTransfer-StaticMap-v1.md","research","entities-and-inventory","unreviewed",""
"research\source\mods-drive\Architect_Mod\Code_History\CODE-0037-working\architect_toolkit\temp_zip\architect_toolkit\docs\research\OwnerRootedContainerFamily-StaticMap-v1.md","research","entities-and-inventory","unreviewed",""
"research\source\mods-drive\Architect_Mod\Code_History\CODE-0037-working\architect_toolkit\temp_zip\architect_toolkit\docs\research\OwnerRootedSlotDispatch-StaticMap-v1.md","research","entities-and-inventory","unreviewed",""
"research\source\mods-drive\Architect_Mod\Code_History\CODE-0037-working\architect_toolkit\temp_zip\architect_toolkit\docs\research\PlayerObserver-CODE-0021.md","research","entities-and-inventory","unreviewed",""
"research\source\mods-drive\Architect_Mod\Code_History\CODE-0037-working\architect_toolkit\temp_zip\architect_toolkit\docs\research\PreviewWriteDestinationOwner-StaticMap-v1.md","research","entities-and-inventory","unreviewed",""
"research\source\mods-drive\Architect_Mod\Code_History\CODE-0037-working\architect_toolkit\temp_zip\architect_toolkit\docs\research\SemanticActionObserver-v1.md","research","entities-and-inventory","unreviewed",""
"research\source\mods-drive\Architect_Mod\Code_History\CODE-0037-working\architect_toolkit\temp_zip\architect_toolkit\docs\research\SemanticActionObserver-v10.md","research","entities-and-inventory","unreviewed",""
"research\source\mods-drive\Architect_Mod\Code_History\CODE-0037-working\architect_toolkit\temp_zip\architect_toolkit\docs\research\SemanticActionObserver-v2.md","research","entities-and-inventory","unreviewed",""
"research\source\mods-drive\Architect_Mod\Code_History\CODE-0037-working\architect_toolkit\temp_zip\architect_toolkit\docs\research\SemanticActionObserver-v3.md","research","entities-and-inventory","unreviewed",""
"research\source\mods-drive\Architect_Mod\Code_History\CODE-0037-working\architect_toolkit\temp_zip\architect_toolkit\docs\research\SemanticActionObserver-v4.md","research","entities-and-inventory","unreviewed",""
"research\source\mods-drive\Architect_Mod\Code_History\CODE-0037-working\architect_toolkit\temp_zip\architect_toolkit\docs\research\SemanticActionObserver-v5.md","research","entities-and-inventory","unreviewed",""
"research\source\mods-drive\Architect_Mod\Code_History\CODE-0037-working\architect_toolkit\temp_zip\architect_toolkit\docs\research\SemanticActionObserver-v6.md","research","entities-and-inventory","unreviewed",""
"research\source\mods-drive\Architect_Mod\Code_History\CODE-0037-working\architect_toolkit\temp_zip\architect_toolkit\docs\research\SemanticActionObserver-v7.md","research","entities-and-inventory","unreviewed",""
"research\source\mods-drive\Architect_Mod\Code_History\CODE-0037-working\architect_toolkit\temp_zip\architect_toolkit\docs\research\SemanticActionObserver-v8.md","research","entities-and-inventory","unreviewed",""
"research\source\mods-drive\Architect_Mod\Code_History\CODE-0037-working\architect_toolkit\temp_zip\architect_toolkit\docs\research\SemanticActionObserver-v9.md","research","entities-and-inventory","unreviewed",""
"research\source\mods-drive\Architect_Mod\Code_History\CODE-0037-working\architect_toolkit\temp_zip\architect_toolkit\temp_zip_extract\architect_toolkit\docs\ITEM_OBSERVER_CALLGRAPH_RESEARCH_V2.md","research","entities-and-inventory","unreviewed",""
"research\source\mods-drive\Architect_Mod\Code_History\CODE-0037-working\architect_toolkit\temp_zip\architect_toolkit\temp_zip_extract\architect_toolkit\docs\ITEM_OBSERVER_DESCRIPTOR_RESEARCH_V5.md","research","entities-and-inventory","unreviewed",""
"research\source\mods-drive\Architect_Mod\Code_History\CODE-0037-working\architect_toolkit\temp_zip\architect_toolkit\temp_zip_extract\architect_toolkit\docs\ITEM_OBSERVER_INCREMENTAL_TRACKING_RESEARCH_V7_2.md","research","entities-and-inventory","unreviewed",""
"research\source\mods-drive\Architect_Mod\Code_History\CODE-0037-working\architect_toolkit\temp_zip\architect_toolkit\temp_zip_extract\architect_toolkit\docs\ITEM_OBSERVER_METADATA_RESEARCH_V3.md","research","entities-and-inventory","unreviewed",""
"research\source\mods-drive\Architect_Mod\Code_History\CODE-0037-working\architect_toolkit\temp_zip\architect_toolkit\temp_zip_extract\architect_toolkit\docs\ITEM_OBSERVER_OWNER_RESEARCH_V4.md","research","entities-and-inventory","unreviewed",""
"research\source\mods-drive\Architect_Mod\Code_History\CODE-0037-working\architect_toolkit\temp_zip\architect_toolkit\temp_zip_extract\architect_toolkit\docs\ITEM_OBSERVER_RUNTIME_DESCRIPTOR_RESEARCH_V6.md","research","entities-and-inventory","unreviewed",""
"research\source\mods-drive\Architect_Mod\Code_History\CODE-0037-working\architect_toolkit\temp_zip\architect_toolkit\temp_zip_extract\architect_toolkit\docs\ITEM_OBSERVER_STACK_DIFFERENTIAL_RESEARCH_V7_1.md","research","entities-and-inventory","unreviewed",""
"research\source\mods-drive\Architect_Mod\Code_History\CODE-0037-working\architect_toolkit\temp_zip\architect_toolkit\temp_zip_extract\architect_toolkit\docs\ITEM_OBSERVER_STACK_DIFFERENTIAL_RESEARCH_V7.md","research","entities-and-inventory","unreviewed",""
"research\source\mods-drive\Architect_Mod\Code_History\CODE-0037-working\architect_toolkit\temp_zip\architect_toolkit\temp_zip_extract\architect_toolkit\docs\ITEM_OBSERVER_STATIC_RESEARCH_V1.md","research","entities-and-inventory","unreviewed",""
"research\source\mods-drive\Architect_Mod\Code_History\CODE-0037-working\architect_toolkit\temp_zip\architect_toolkit\temp_zip_extract\architect_toolkit\docs\research\GameSettings-CODE-0026-DescriptorCallbacks.md","research","entities-and-inventory","unreviewed",""
"research\source\mods-drive\Architect_Mod\Code_History\CODE-0037-working\architect_toolkit\temp_zip\architect_toolkit\temp_zip_extract\architect_toolkit\docs\research\InventoryTransfer-StaticMap-v1.md","research","entities-and-inventory","unreviewed",""
"research\source\mods-drive\Architect_Mod\Code_History\CODE-0037-working\architect_toolkit\temp_zip\architect_toolkit\temp_zip_extract\architect_toolkit\docs\research\OwnerRootedContainerFamily-StaticMap-v1.md","research","entities-and-inventory","unreviewed",""
"research\source\mods-drive\Architect_Mod\Code_History\CODE-0037-working\architect_toolkit\temp_zip\architect_toolkit\temp_zip_extract\architect_toolkit\docs\research\OwnerRootedSlotDispatch-StaticMap-v1.md","research","entities-and-inventory","unreviewed",""
"research\source\mods-drive\Architect_Mod\Code_History\CODE-0037-working\architect_toolkit\temp_zip\architect_toolkit\temp_zip_extract\architect_toolkit\docs\research\PlayerObserver-CODE-0021.md","research","entities-and-inventory","unreviewed",""
"research\source\mods-drive\Architect_Mod\Code_History\CODE-0037-working\architect_toolkit\temp_zip\architect_toolkit\temp_zip_extract\architect_toolkit\docs\research\PreviewWriteDestinationOwner-StaticMap-v1.md","research","entities-and-inventory","unreviewed",""
"research\source\mods-drive\Architect_Mod\Code_History\CODE-0037-working\architect_toolkit\temp_zip\architect_toolkit\temp_zip_extract\architect_toolkit\docs\research\SemanticActionObserver-v1.md","research","entities-and-inventory","unreviewed",""
"research\source\mods-drive\Architect_Mod\Code_History\CODE-0037-working\architect_toolkit\temp_zip\architect_toolkit\temp_zip_extract\architect_toolkit\docs\research\SemanticActionObserver-v10.md","research","entities-and-inventory","unreviewed",""
"research\source\mods-drive\Architect_Mod\Code_History\CODE-0037-working\architect_toolkit\temp_zip\architect_toolkit\temp_zip_extract\architect_toolkit\docs\research\SemanticActionObserver-v2.md","research","entities-and-inventory","unreviewed",""
"research\source\mods-drive\Architect_Mod\Code_History\CODE-0037-working\architect_toolkit\temp_zip\architect_toolkit\temp_zip_extract\architect_toolkit\docs\research\SemanticActionObserver-v3.md","research","entities-and-inventory","unreviewed",""
"research\source\mods-drive\Architect_Mod\Code_History\CODE-0037-working\architect_toolkit\temp_zip\architect_toolkit\temp_zip_extract\architect_toolkit\docs\research\SemanticActionObserver-v4.md","research","entities-and-inventory","unreviewed",""
"research\source\mods-drive\Architect_Mod\Code_History\CODE-0037-working\architect_toolkit\temp_zip\architect_toolkit\temp_zip_extract\architect_toolkit\docs\research\SemanticActionObserver-v5.md","research","entities-and-inventory","unreviewed",""
"research\source\mods-drive\Architect_Mod\Code_History\CODE-0037-working\architect_toolkit\temp_zip\architect_toolkit\temp_zip_extract\architect_toolkit\docs\research\SemanticActionObserver-v6.md","research","entities-and-inventory","unreviewed",""
"research\source\mods-drive\Architect_Mod\Code_History\CODE-0037-working\architect_toolkit\temp_zip\architect_toolkit\temp_zip_extract\architect_toolkit\docs\research\SemanticActionObserver-v7.md","research","entities-and-inventory","unreviewed",""
"research\source\mods-drive\Architect_Mod\Code_History\CODE-0037-working\architect_toolkit\temp_zip\architect_toolkit\temp_zip_extract\architect_toolkit\docs\research\SemanticActionObserver-v8.md","research","entities-and-inventory","unreviewed",""
"research\source\mods-drive\Architect_Mod\Code_History\CODE-0037-working\architect_toolkit\temp_zip\architect_toolkit\temp_zip_extract\architect_toolkit\docs\research\SemanticActionObserver-v9.md","research","entities-and-inventory","unreviewed",""
"research\source\mods-drive\Architect_Mod\Code_History\CODE-0037-working\architect_toolkit\temp_zip\architect_toolkit\temp_zip_extract\architect_toolkit\tools\ItemObserver\scan_inventory_transfer_static_map.py","research","entities-and-inventory","unreviewed",""
"research\source\mods-drive\Architect_Mod\Code_History\CODE-0037-working\architect_toolkit\temp_zip\architect_toolkit\temp_zip_extract\architect_toolkit\tools\ItemObserver\test_inventory_transfer_static_map.py","research","entities-and-inventory","unreviewed",""
"research\source\mods-drive\Architect_Mod\Code_History\CODE-0037-working\architect_toolkit\temp_zip\architect_toolkit\tools\ItemObserver\scan_inventory_transfer_static_map.py","research","entities-and-inventory","unreviewed",""
"research\source\mods-drive\Architect_Mod\Code_History\CODE-0037-working\architect_toolkit\temp_zip\architect_toolkit\tools\ItemObserver\test_inventory_transfer_static_map.py","research","entities-and-inventory","unreviewed",""
"research\source\mods-drive\Architect_Mod\Code_History\CODE-0037-working\architect_toolkit\tools\ItemObserver\scan_inventory_transfer_static_map.py","research","entities-and-inventory","unreviewed",""
"research\source\mods-drive\Architect_Mod\Code_History\CODE-0037-working\architect_toolkit\tools\ItemObserver\test_inventory_transfer_static_map.py","research","entities-and-inventory","unreviewed",""
"research\source\mods-drive\Architect_Mod\Code_History\CODE-0044A\candidate\docs\ITEM_OBSERVER_CALLGRAPH_RESEARCH_V2.md","research","entities-and-inventory","unreviewed",""
"research\source\mods-drive\Architect_Mod\Code_History\CODE-0044A\candidate\docs\ITEM_OBSERVER_DESCRIPTOR_RESEARCH_V5.md","research","entities-and-inventory","unreviewed",""
"research\source\mods-drive\Architect_Mod\Code_History\CODE-0044A\candidate\docs\ITEM_OBSERVER_INCREMENTAL_TRACKING_RESEARCH_V7_2.md","research","entities-and-inventory","unreviewed",""
"research\source\mods-drive\Architect_Mod\Code_History\CODE-0044A\candidate\docs\ITEM_OBSERVER_METADATA_RESEARCH_V3.md","research","entities-and-inventory","unreviewed",""
"research\source\mods-drive\Architect_Mod\Code_History\CODE-0044A\candidate\docs\ITEM_OBSERVER_OWNER_RESEARCH_V4.md","research","entities-and-inventory","unreviewed",""
"research\source\mods-drive\Architect_Mod\Code_History\CODE-0044A\candidate\docs\ITEM_OBSERVER_RUNTIME_DESCRIPTOR_RESEARCH_V6.md","research","entities-and-inventory","unreviewed",""
"research\source\mods-drive\Architect_Mod\Code_History\CODE-0044A\candidate\docs\ITEM_OBSERVER_STACK_DIFFERENTIAL_RESEARCH_V7_1.md","research","entities-and-inventory","unreviewed",""
"research\source\mods-drive\Architect_Mod\Code_History\CODE-0044A\candidate\docs\ITEM_OBSERVER_STACK_DIFFERENTIAL_RESEARCH_V7.md","research","entities-and-inventory","unreviewed",""
"research\source\mods-drive\Architect_Mod\Code_History\CODE-0044A\candidate\docs\ITEM_OBSERVER_STATIC_RESEARCH_V1.md","research","entities-and-inventory","unreviewed",""
"research\source\mods-drive\Architect_Mod\Code_History\CODE-0044A\candidate\docs\research\GameSettings-CODE-0026-DescriptorCallbacks.md","research","entities-and-inventory","unreviewed",""
"research\source\mods-drive\Architect_Mod\Code_History\CODE-0044A\candidate\docs\research\InventoryTransfer-StaticMap-v1.md","research","entities-and-inventory","unreviewed",""
"research\source\mods-drive\Architect_Mod\Code_History\CODE-0044A\candidate\docs\research\OwnerRootedContainerFamily-StaticMap-v1.md","research","entities-and-inventory","unreviewed",""
"research\source\mods-drive\Architect_Mod\Code_History\CODE-0044A\candidate\docs\research\OwnerRootedSlotDispatch-StaticMap-v1.md","research","entities-and-inventory","unreviewed",""
"research\source\mods-drive\Architect_Mod\Code_History\CODE-0044A\candidate\docs\research\PlayerObserver-CODE-0021.md","research","entities-and-inventory","unreviewed",""
"research\source\mods-drive\Architect_Mod\Code_History\CODE-0044A\candidate\docs\research\PreviewWriteDestinationOwner-StaticMap-v1.md","research","entities-and-inventory","unreviewed",""
"research\source\mods-drive\Architect_Mod\Code_History\CODE-0044A\candidate\docs\research\SemanticActionObserver-v1.md","research","entities-and-inventory","unreviewed",""
"research\source\mods-drive\Architect_Mod\Code_History\CODE-0044A\candidate\docs\research\SemanticActionObserver-v10.md","research","entities-and-inventory","unreviewed",""
"research\source\mods-drive\Architect_Mod\Code_History\CODE-0044A\candidate\docs\research\SemanticActionObserver-v2.md","research","entities-and-inventory","unreviewed",""
"research\source\mods-drive\Architect_Mod\Code_History\CODE-0044A\candidate\docs\research\SemanticActionObserver-v3.md","research","entities-and-inventory","unreviewed",""
"research\source\mods-drive\Architect_Mod\Code_History\CODE-0044A\candidate\docs\research\SemanticActionObserver-v4.md","research","entities-and-inventory","unreviewed",""
"research\source\mods-drive\Architect_Mod\Code_History\CODE-0044A\candidate\docs\research\SemanticActionObserver-v5.md","research","entities-and-inventory","unreviewed",""
"research\source\mods-drive\Architect_Mod\Code_History\CODE-0044A\candidate\docs\research\SemanticActionObserver-v6.md","research","entities-and-inventory","unreviewed",""
"research\source\mods-drive\Architect_Mod\Code_History\CODE-0044A\candidate\docs\research\SemanticActionObserver-v7.md","research","entities-and-inventory","unreviewed",""
"research\source\mods-drive\Architect_Mod\Code_History\CODE-0044A\candidate\docs\research\SemanticActionObserver-v8.md","research","entities-and-inventory","unreviewed",""
"research\source\mods-drive\Architect_Mod\Code_History\CODE-0044A\candidate\docs\research\SemanticActionObserver-v9.md","research","entities-and-inventory","unreviewed",""
"research\source\mods-drive\Architect_Mod\Code_History\CODE-0044A\candidate\tools\ItemObserver\scan_inventory_transfer_static_map.py","research","entities-and-inventory","unreviewed",""
"research\source\mods-drive\Architect_Mod\Code_History\CODE-0044A\candidate\tools\ItemObserver\test_inventory_transfer_static_map.py","research","entities-and-inventory","unreviewed",""
"research\source\mods-drive\Architect_Mod\Research\Core\SemanticActionObserver-v10.md","research","entities-and-inventory","unreviewed",""
"research\source\mods-drive\Control_Center\research\ANIMATION_WORLD_SCHEMA_INVENTORY_20260928.md","research","entities-and-inventory","unreviewed",""
"research\source\mods-drive\Control_Center\research\GAMEPLAY_SCHEMA_INVENTORY_1076226.md","research","entities-and-inventory","unreviewed",""
"research\source\mods-drive\Control_Center\research\INTERACTION_SCHEMA_INVENTORY_20260928.md","research","entities-and-inventory","unreviewed",""
"research\source\mods-drive\Control_Center\research\ITEM_COLOR_COMBINATION_PACKED_EVIDENCE_20260929.md","research","entities-and-inventory","unreviewed",""
"research\source\mods-drive\Control_Center\research\ITEM_COLOR_COMBINATION_PROBE_20260929.md","research","entities-and-inventory","unreviewed",""
"research\source\mods-drive\Control_Center\research\ITEM_VISUAL_CANDIDATE_159B_EVIDENCE_20260927.md","research","entities-and-inventory","unreviewed",""
"research\source\mods-drive\Control_Center\research\ITEM_VISUAL_REFERENCE_ASSIGNMENT_20260927.md","research","entities-and-inventory","unreviewed",""
"research\source\mods-drive\Control_Center\research\ITEM_VISUAL_REFERENCE_LIVE_BOUNDARY_20260927.md","research","entities-and-inventory","unreviewed",""
"research\source\mods-drive\Control_Center\research\ITEMINFO_COLOR_RUNTIME_BOUNDARY_20260929.md","research","entities-and-inventory","unreviewed",""
"research\source\mods-drive\Control_Center\research\ITEMINFO_MATERIAL_RUNTIME_BOUNDARY_20260929.md","research","entities-and-inventory","unreviewed",""
"research\source\mods-drive\Control_Center\research\KFC_Tuning_Field_Inventory_1076226.md","research","entities-and-inventory","unreviewed",""
"research\source\mods-drive\Control_Center\research\LIVE_MOD_INVENTORY_20260927_POST_PROBE.md","research","entities-and-inventory","unreviewed",""
"research\source\mods-drive\Control_Center\research\LOCALIZATION_ITEM_TRANSITION_EVIDENCE_20260928.md","research","entities-and-inventory","unreviewed",""
"research\source\mods-drive\Control_Center\research\probes\item_collection_info_boundary_20260929\src\mod.lua","research","entities-and-inventory","unreviewed",""
"research\source\mods-drive\Control_Center\research\probes\item_knowledge_metadata_by_type_20260928\src\mod.lua","research","entities-and-inventory","unreviewed",""
"research\source\mods-drive\Control_Center\research\probes\item_registry_metadata_by_type_20260928\src\mod.lua","research","entities-and-inventory","unreviewed",""
"research\source\mods-drive\Control_Center\research\probes\item_visual_candidate_159b_1076226_live_staging_20260927\src\mod.lua","research","entities-and-inventory","unreviewed",""
"research\source\mods-drive\Control_Center\research\probes\item_visual_candidate_159b_1076226\src\mod.lua","research","entities-and-inventory","unreviewed",""
"research\source\mods-drive\Control_Center\research\probes\item_visual_reference_159b_live_20260927\src\mod.lua","research","entities-and-inventory","unreviewed",""
"research\source\mods-drive\Control_Center\research\probes\iteminfo_metadata_by_type_20260928\src\mod.lua","research","entities-and-inventory","unreviewed",""
"research\source\mods-drive\Control_Center\research\probes\iteminfo_metadata_single_20260928\src\mod.lua","research","entities-and-inventory","unreviewed",""
"research\source\mods-drive\Control_Center\research\probes\localization_item_transition_20260928\src\kfc_localization_registry.lua","research","entities-and-inventory","unreviewed",""
"research\source\mods-drive\Control_Center\research\probes\localization_item_transition_20260928\src\mod.lua","research","entities-and-inventory","unreviewed",""
"research\source\mods-drive\Control_Center\research\QUEST_SCHEMA_INVENTORY_20260928.md","research","entities-and-inventory","unreviewed",""
"research\source\mods-drive\Control_Center\research\staging\catalog_preview_r35_fitToItemModelBoundingBox\src\mod.lua","research","entities-and-inventory","unreviewed",""
"research\source\mods-drive\Control_Center\research\staging\catalog_preview_r35b_fitToItemModelBoundingBox\src\mod.lua","research","entities-and-inventory","unreviewed",""
"research\source\mods-drive\Control_Center\research\staging\visual_substitution_r38_item_colors\src\kfc_content_registry.lua","research","entities-and-inventory","unreviewed",""
"research\source\mods-drive\Control_Center\research\staging\visual_substitution_r38_item_colors\src\mod.lua","research","entities-and-inventory","unreviewed",""
"research\source\mods-drive\Control_Center\research\staging\visual_substitution_r39_item_colors_packed\src\kfc_content_registry.lua","research","entities-and-inventory","unreviewed",""
"research\source\mods-drive\Control_Center\research\staging\visual_substitution_r39_item_colors_packed\src\mod.lua","research","entities-and-inventory","unreviewed",""
"research\source\research-drive\Control_Center_2_v0.1 (1)\Control_Center_2\docs\EML_API_INVENTORY.md","research","entities-and-inventory","unreviewed",""
"research\source\research-drive\Enshrouded Mods-20260918T044156Z-1-001\Enshrouded Mods\Architect_Mod\Research\Core\SemanticActionObserver-v10.md","research","entities-and-inventory","unreviewed",""
"research\source\research-drive\external\kfc-parser-source\examples\basic\export_item_list.lua","research","entities-and-inventory","unreviewed",""
"tools\source\mods-drive\Architect_Mod\Code_History\CODE-0037-working\architect_toolkit\temp_verify\architect_toolkit\temp_inspect\architect_toolkit\temp_zip_extract\architect_toolkit\tools\GameSettingsMapper\recover_descriptor_callbacks.py","tool","entities-and-inventory","unreviewed",""
"tools\source\mods-drive\Architect_Mod\Code_History\CODE-0037-working\architect_toolkit\temp_verify\architect_toolkit\temp_inspect\architect_toolkit\temp_zip_extract\architect_toolkit\tools\ItemObserver\scan_inventory_move_callers.py","tool","entities-and-inventory","unreviewed",""
"tools\source\mods-drive\Architect_Mod\Code_History\CODE-0037-working\architect_toolkit\temp_verify\architect_toolkit\temp_inspect\architect_toolkit\temp_zip_extract\architect_toolkit\tools\ItemObserver\scan_inventory_transfer_consumer.py","tool","entities-and-inventory","unreviewed",""
"tools\source\mods-drive\Architect_Mod\Code_History\CODE-0037-working\architect_toolkit\temp_verify\architect_toolkit\temp_inspect\architect_toolkit\temp_zip_extract\architect_toolkit\tools\ItemObserver\scan_item_observer_callgraph.py","tool","entities-and-inventory","unreviewed",""
"tools\source\mods-drive\Architect_Mod\Code_History\CODE-0037-working\architect_toolkit\temp_verify\architect_toolkit\temp_inspect\architect_toolkit\temp_zip_extract\architect_toolkit\tools\ItemObserver\scan_item_observer_descriptors.py","tool","entities-and-inventory","unreviewed",""
"tools\source\mods-drive\Architect_Mod\Code_History\CODE-0037-working\architect_toolkit\temp_verify\architect_toolkit\temp_inspect\architect_toolkit\temp_zip_extract\architect_toolkit\tools\ItemObserver\scan_item_observer_metadata.py","tool","entities-and-inventory","unreviewed",""
"tools\source\mods-drive\Architect_Mod\Code_History\CODE-0037-working\architect_toolkit\temp_verify\architect_toolkit\temp_inspect\architect_toolkit\temp_zip_extract\architect_toolkit\tools\ItemObserver\scan_item_observer_owners.py","tool","entities-and-inventory","unreviewed",""
"tools\source\mods-drive\Architect_Mod\Code_History\CODE-0037-working\architect_toolkit\temp_verify\architect_toolkit\temp_inspect\architect_toolkit\temp_zip_extract\architect_toolkit\tools\SemanticActionObserver\build_observer_relocation_plan.py","tool","entities-and-inventory","unreviewed",""
"tools\source\mods-drive\Architect_Mod\Code_History\CODE-0037-working\architect_toolkit\temp_verify\architect_toolkit\temp_inspect\architect_toolkit\temp_zip_extract\architect_toolkit\tools\SemanticActionObserver\generate_observer_trampoline_capability.py","tool","entities-and-inventory","unreviewed",""
"tools\source\mods-drive\Architect_Mod\Code_History\CODE-0037-working\architect_toolkit\temp_verify\architect_toolkit\temp_inspect\architect_toolkit\temp_zip_extract\architect_toolkit\tools\SemanticActionObserver\relay_safety_closure.py","tool","entities-and-inventory","unreviewed",""
"tools\source\mods-drive\Architect_Mod\Code_History\CODE-0037-working\architect_toolkit\temp_verify\architect_toolkit\temp_inspect\architect_toolkit\temp_zip_extract\architect_toolkit\tools\SemanticActionObserver\scan_client_player_input_static.py","tool","entities-and-inventory","unreviewed",""
"tools\source\mods-drive\Architect_Mod\Code_History\CODE-0037-working\architect_toolkit\temp_verify\architect_toolkit\temp_inspect\architect_toolkit\temp_zip_extract\architect_toolkit\tools\SemanticActionObserver\scan_helper_8d5ca0_site_contract_static.py","tool","entities-and-inventory","unreviewed",""
"tools\source\mods-drive\Architect_Mod\Code_History\CODE-0037-working\architect_toolkit\temp_verify\architect_toolkit\temp_inspect\architect_toolkit\temp_zip_extract\architect_toolkit\tools\SemanticActionObserver\scan_owner_rooted_container_family_static.py","tool","entities-and-inventory","unreviewed",""
"tools\source\mods-drive\Architect_Mod\Code_History\CODE-0037-working\architect_toolkit\temp_verify\architect_toolkit\temp_inspect\architect_toolkit\temp_zip_extract\architect_toolkit\tools\SemanticActionObserver\scan_owner_rooted_slot_dispatch_static.py","tool","entities-and-inventory","unreviewed",""
"tools\source\mods-drive\Architect_Mod\Code_History\CODE-0037-working\architect_toolkit\temp_verify\architect_toolkit\temp_inspect\architect_toolkit\temp_zip_extract\architect_toolkit\tools\SemanticActionObserver\scan_parent_call_relay_correlation_static.py","tool","entities-and-inventory","unreviewed",""
"tools\source\mods-drive\Architect_Mod\Code_History\CODE-0037-working\architect_toolkit\temp_verify\architect_toolkit\temp_inspect\architect_toolkit\temp_zip_extract\architect_toolkit\tools\SemanticActionObserver\scan_parent_frame_lifetime_correlation_static.py","tool","entities-and-inventory","unreviewed",""
"tools\source\mods-drive\Architect_Mod\Code_History\CODE-0037-working\architect_toolkit\temp_verify\architect_toolkit\temp_inspect\architect_toolkit\temp_zip_extract\architect_toolkit\tools\SemanticActionObserver\scan_parent_relay_safety_closure_static.py","tool","entities-and-inventory","unreviewed",""
"tools\source\mods-drive\Architect_Mod\Code_History\CODE-0037-working\architect_toolkit\temp_verify\architect_toolkit\temp_inspect\architect_toolkit\temp_zip_extract\architect_toolkit\tools\SemanticActionObserver\scan_preview_write_destination_owner_static.py","tool","entities-and-inventory","unreviewed",""
"tools\source\mods-drive\Architect_Mod\Code_History\CODE-0037-working\architect_toolkit\temp_verify\architect_toolkit\temp_inspect\architect_toolkit\temp_zip_extract\architect_toolkit\tools\SemanticActionObserver\scan_selection_preview_authority_convergence_static.py","tool","entities-and-inventory","unreviewed",""
"tools\source\mods-drive\Architect_Mod\Code_History\CODE-0037-working\architect_toolkit\temp_verify\architect_toolkit\temp_inspect\architect_toolkit\temp_zip_extract\architect_toolkit\tools\SemanticActionObserver\scan_semantic_action_dispatcher_static.py","tool","entities-and-inventory","unreviewed",""
"tools\source\mods-drive\Architect_Mod\Code_History\CODE-0037-working\architect_toolkit\temp_verify\architect_toolkit\temp_inspect\architect_toolkit\tools\GameSettingsMapper\recover_descriptor_callbacks.py","tool","entities-and-inventory","unreviewed",""
"tools\source\mods-drive\Architect_Mod\Code_History\CODE-0037-working\architect_toolkit\temp_zip_extract\architect_toolkit\tools\GameSettingsMapper\recover_descriptor_callbacks.py","tool","entities-and-inventory","unreviewed",""
"tools\source\mods-drive\Architect_Mod\Code_History\CODE-0037-working\architect_toolkit\temp_zip_extract\architect_toolkit\tools\ItemObserver\scan_inventory_move_callers.py","tool","entities-and-inventory","unreviewed",""
"tools\source\mods-drive\Architect_Mod\Code_History\CODE-0037-working\architect_toolkit\temp_zip_extract\architect_toolkit\tools\ItemObserver\scan_inventory_transfer_consumer.py","tool","entities-and-inventory","unreviewed",""
"tools\source\mods-drive\Architect_Mod\Code_History\CODE-0037-working\architect_toolkit\temp_zip_extract\architect_toolkit\tools\ItemObserver\scan_item_observer_callgraph.py","tool","entities-and-inventory","unreviewed",""
"tools\source\mods-drive\Architect_Mod\Code_History\CODE-0037-working\architect_toolkit\temp_zip_extract\architect_toolkit\tools\ItemObserver\scan_item_observer_descriptors.py","tool","entities-and-inventory","unreviewed",""
"tools\source\mods-drive\Architect_Mod\Code_History\CODE-0037-working\architect_toolkit\temp_zip_extract\architect_toolkit\tools\ItemObserver\scan_item_observer_metadata.py","tool","entities-and-inventory","unreviewed",""
"tools\source\mods-drive\Architect_Mod\Code_History\CODE-0037-working\architect_toolkit\temp_zip_extract\architect_toolkit\tools\ItemObserver\scan_item_observer_owners.py","tool","entities-and-inventory","unreviewed",""
"tools\source\mods-drive\Architect_Mod\Code_History\CODE-0037-working\architect_toolkit\temp_zip_extract\architect_toolkit\tools\SemanticActionObserver\build_observer_relocation_plan.py","tool","entities-and-inventory","unreviewed",""
"tools\source\mods-drive\Architect_Mod\Code_History\CODE-0037-working\architect_toolkit\temp_zip_extract\architect_toolkit\tools\SemanticActionObserver\generate_observer_trampoline_capability.py","tool","entities-and-inventory","unreviewed",""
"tools\source\mods-drive\Architect_Mod\Code_History\CODE-0037-working\architect_toolkit\temp_zip_extract\architect_toolkit\tools\SemanticActionObserver\relay_safety_closure.py","tool","entities-and-inventory","unreviewed",""
"tools\source\mods-drive\Architect_Mod\Code_History\CODE-0037-working\architect_toolkit\temp_zip_extract\architect_toolkit\tools\SemanticActionObserver\scan_client_player_input_static.py","tool","entities-and-inventory","unreviewed",""
"tools\source\mods-drive\Architect_Mod\Code_History\CODE-0037-working\architect_toolkit\temp_zip_extract\architect_toolkit\tools\SemanticActionObserver\scan_helper_8d5ca0_site_contract_static.py","tool","entities-and-inventory","unreviewed",""
"tools\source\mods-drive\Architect_Mod\Code_History\CODE-0037-working\architect_toolkit\temp_zip_extract\architect_toolkit\tools\SemanticActionObserver\scan_owner_rooted_container_family_static.py","tool","entities-and-inventory","unreviewed",""
"tools\source\mods-drive\Architect_Mod\Code_History\CODE-0037-working\architect_toolkit\temp_zip_extract\architect_toolkit\tools\SemanticActionObserver\scan_owner_rooted_slot_dispatch_static.py","tool","entities-and-inventory","unreviewed",""
"tools\source\mods-drive\Architect_Mod\Code_History\CODE-0037-working\architect_toolkit\temp_zip_extract\architect_toolkit\tools\SemanticActionObserver\scan_parent_call_relay_correlation_static.py","tool","entities-and-inventory","unreviewed",""
"tools\source\mods-drive\Architect_Mod\Code_History\CODE-0037-working\architect_toolkit\temp_zip_extract\architect_toolkit\tools\SemanticActionObserver\scan_parent_frame_lifetime_correlation_static.py","tool","entities-and-inventory","unreviewed",""
"tools\source\mods-drive\Architect_Mod\Code_History\CODE-0037-working\architect_toolkit\temp_zip_extract\architect_toolkit\tools\SemanticActionObserver\scan_parent_relay_safety_closure_static.py","tool","entities-and-inventory","unreviewed",""
"tools\source\mods-drive\Architect_Mod\Code_History\CODE-0037-working\architect_toolkit\temp_zip_extract\architect_toolkit\tools\SemanticActionObserver\scan_preview_write_destination_owner_static.py","tool","entities-and-inventory","unreviewed",""
"tools\source\mods-drive\Architect_Mod\Code_History\CODE-0037-working\architect_toolkit\temp_zip_extract\architect_toolkit\tools\SemanticActionObserver\scan_selection_preview_authority_convergence_static.py","tool","entities-and-inventory","unreviewed",""
"tools\source\mods-drive\Architect_Mod\Code_History\CODE-0037-working\architect_toolkit\temp_zip_extract\architect_toolkit\tools\SemanticActionObserver\scan_semantic_action_dispatcher_static.py","tool","entities-and-inventory","unreviewed",""
"tools\source\mods-drive\Architect_Mod\Code_History\CODE-0037-working\architect_toolkit\temp_zip\architect_toolkit\temp_zip_extract\architect_toolkit\tools\GameSettingsMapper\recover_descriptor_callbacks.py","tool","entities-and-inventory","unreviewed",""
"tools\source\mods-drive\Architect_Mod\Code_History\CODE-0037-working\architect_toolkit\temp_zip\architect_toolkit\temp_zip_extract\architect_toolkit\tools\ItemObserver\scan_inventory_move_callers.py","tool","entities-and-inventory","unreviewed",""
"tools\source\mods-drive\Architect_Mod\Code_History\CODE-0037-working\architect_toolkit\temp_zip\architect_toolkit\temp_zip_extract\architect_toolkit\tools\ItemObserver\scan_inventory_transfer_consumer.py","tool","entities-and-inventory","unreviewed",""
"tools\source\mods-drive\Architect_Mod\Code_History\CODE-0037-working\architect_toolkit\temp_zip\architect_toolkit\temp_zip_extract\architect_toolkit\tools\ItemObserver\scan_item_observer_callgraph.py","tool","entities-and-inventory","unreviewed",""
"tools\source\mods-drive\Architect_Mod\Code_History\CODE-0037-working\architect_toolkit\temp_zip\architect_toolkit\temp_zip_extract\architect_toolkit\tools\ItemObserver\scan_item_observer_descriptors.py","tool","entities-and-inventory","unreviewed",""
"tools\source\mods-drive\Architect_Mod\Code_History\CODE-0037-working\architect_toolkit\temp_zip\architect_toolkit\temp_zip_extract\architect_toolkit\tools\ItemObserver\scan_item_observer_metadata.py","tool","entities-and-inventory","unreviewed",""
"tools\source\mods-drive\Architect_Mod\Code_History\CODE-0037-working\architect_toolkit\temp_zip\architect_toolkit\temp_zip_extract\architect_toolkit\tools\ItemObserver\scan_item_observer_owners.py","tool","entities-and-inventory","unreviewed",""
"tools\source\mods-drive\Architect_Mod\Code_History\CODE-0037-working\architect_toolkit\temp_zip\architect_toolkit\temp_zip_extract\architect_toolkit\tools\SemanticActionObserver\build_observer_relocation_plan.py","tool","entities-and-inventory","unreviewed",""
"tools\source\mods-drive\Architect_Mod\Code_History\CODE-0037-working\architect_toolkit\temp_zip\architect_toolkit\temp_zip_extract\architect_toolkit\tools\SemanticActionObserver\generate_observer_trampoline_capability.py","tool","entities-and-inventory","unreviewed",""
"tools\source\mods-drive\Architect_Mod\Code_History\CODE-0037-working\architect_toolkit\temp_zip\architect_toolkit\temp_zip_extract\architect_toolkit\tools\SemanticActionObserver\relay_safety_closure.py","tool","entities-and-inventory","unreviewed",""
"tools\source\mods-drive\Architect_Mod\Code_History\CODE-0037-working\architect_toolkit\temp_zip\architect_toolkit\temp_zip_extract\architect_toolkit\tools\SemanticActionObserver\scan_client_player_input_static.py","tool","entities-and-inventory","unreviewed",""
"tools\source\mods-drive\Architect_Mod\Code_History\CODE-0037-working\architect_toolkit\temp_zip\architect_toolkit\temp_zip_extract\architect_toolkit\tools\SemanticActionObserver\scan_helper_8d5ca0_site_contract_static.py","tool","entities-and-inventory","unreviewed",""
"tools\source\mods-drive\Architect_Mod\Code_History\CODE-0037-working\architect_toolkit\temp_zip\architect_toolkit\temp_zip_extract\architect_toolkit\tools\SemanticActionObserver\scan_owner_rooted_container_family_static.py","tool","entities-and-inventory","unreviewed",""
"tools\source\mods-drive\Architect_Mod\Code_History\CODE-0037-working\architect_toolkit\temp_zip\architect_toolkit\temp_zip_extract\architect_toolkit\tools\SemanticActionObserver\scan_owner_rooted_slot_dispatch_static.py","tool","entities-and-inventory","unreviewed",""
"tools\source\mods-drive\Architect_Mod\Code_History\CODE-0037-working\architect_toolkit\temp_zip\architect_toolkit\temp_zip_extract\architect_toolkit\tools\SemanticActionObserver\scan_parent_call_relay_correlation_static.py","tool","entities-and-inventory","unreviewed",""
"tools\source\mods-drive\Architect_Mod\Code_History\CODE-0037-working\architect_toolkit\temp_zip\architect_toolkit\temp_zip_extract\architect_toolkit\tools\SemanticActionObserver\scan_parent_frame_lifetime_correlation_static.py","tool","entities-and-inventory","unreviewed",""
"tools\source\mods-drive\Architect_Mod\Code_History\CODE-0037-working\architect_toolkit\temp_zip\architect_toolkit\temp_zip_extract\architect_toolkit\tools\SemanticActionObserver\scan_parent_relay_safety_closure_static.py","tool","entities-and-inventory","unreviewed",""
"tools\source\mods-drive\Architect_Mod\Code_History\CODE-0037-working\architect_toolkit\temp_zip\architect_toolkit\temp_zip_extract\architect_toolkit\tools\SemanticActionObserver\scan_preview_write_destination_owner_static.py","tool","entities-and-inventory","unreviewed",""
"tools\source\mods-drive\Architect_Mod\Code_History\CODE-0037-working\architect_toolkit\temp_zip\architect_toolkit\temp_zip_extract\architect_toolkit\tools\SemanticActionObserver\scan_selection_preview_authority_convergence_static.py","tool","entities-and-inventory","unreviewed",""
"tools\source\mods-drive\Architect_Mod\Code_History\CODE-0037-working\architect_toolkit\temp_zip\architect_toolkit\temp_zip_extract\architect_toolkit\tools\SemanticActionObserver\scan_semantic_action_dispatcher_static.py","tool","entities-and-inventory","unreviewed",""
"tools\source\mods-drive\Architect_Mod\Code_History\CODE-0037-working\architect_toolkit\temp_zip\architect_toolkit\tools\GameSettingsMapper\recover_descriptor_callbacks.py","tool","entities-and-inventory","unreviewed",""
"tools\source\mods-drive\Architect_Mod\Code_History\CODE-0037-working\architect_toolkit\temp_zip\architect_toolkit\tools\ItemObserver\scan_inventory_move_callers.py","tool","entities-and-inventory","unreviewed",""
"tools\source\mods-drive\Architect_Mod\Code_History\CODE-0037-working\architect_toolkit\temp_zip\architect_toolkit\tools\ItemObserver\scan_inventory_transfer_consumer.py","tool","entities-and-inventory","unreviewed",""
"tools\source\mods-drive\Architect_Mod\Code_History\CODE-0037-working\architect_toolkit\temp_zip\architect_toolkit\tools\ItemObserver\scan_item_observer_callgraph.py","tool","entities-and-inventory","unreviewed",""
"tools\source\mods-drive\Architect_Mod\Code_History\CODE-0037-working\architect_toolkit\temp_zip\architect_toolkit\tools\ItemObserver\scan_item_observer_descriptors.py","tool","entities-and-inventory","unreviewed",""
"tools\source\mods-drive\Architect_Mod\Code_History\CODE-0037-working\architect_toolkit\temp_zip\architect_toolkit\tools\ItemObserver\scan_item_observer_metadata.py","tool","entities-and-inventory","unreviewed",""
"tools\source\mods-drive\Architect_Mod\Code_History\CODE-0037-working\architect_toolkit\temp_zip\architect_toolkit\tools\ItemObserver\scan_item_observer_owners.py","tool","entities-and-inventory","unreviewed",""
"tools\source\mods-drive\Architect_Mod\Code_History\CODE-0037-working\architect_toolkit\temp_zip\architect_toolkit\tools\SemanticActionObserver\build_observer_relocation_plan.py","tool","entities-and-inventory","unreviewed",""
"tools\source\mods-drive\Architect_Mod\Code_History\CODE-0037-working\architect_toolkit\temp_zip\architect_toolkit\tools\SemanticActionObserver\generate_observer_trampoline_capability.py","tool","entities-and-inventory","unreviewed",""
"tools\source\mods-drive\Architect_Mod\Code_History\CODE-0037-working\architect_toolkit\temp_zip\architect_toolkit\tools\SemanticActionObserver\relay_safety_closure.py","tool","entities-and-inventory","unreviewed",""
"tools\source\mods-drive\Architect_Mod\Code_History\CODE-0037-working\architect_toolkit\temp_zip\architect_toolkit\tools\SemanticActionObserver\scan_client_player_input_static.py","tool","entities-and-inventory","unreviewed",""
"tools\source\mods-drive\Architect_Mod\Code_History\CODE-0037-working\architect_toolkit\temp_zip\architect_toolkit\tools\SemanticActionObserver\scan_helper_8d5ca0_site_contract_static.py","tool","entities-and-inventory","unreviewed",""
"tools\source\mods-drive\Architect_Mod\Code_History\CODE-0037-working\architect_toolkit\temp_zip\architect_toolkit\tools\SemanticActionObserver\scan_owner_rooted_container_family_static.py","tool","entities-and-inventory","unreviewed",""
"tools\source\mods-drive\Architect_Mod\Code_History\CODE-0037-working\architect_toolkit\temp_zip\architect_toolkit\tools\SemanticActionObserver\scan_owner_rooted_slot_dispatch_static.py","tool","entities-and-inventory","unreviewed",""
"tools\source\mods-drive\Architect_Mod\Code_History\CODE-0037-working\architect_toolkit\temp_zip\architect_toolkit\tools\SemanticActionObserver\scan_parent_call_relay_correlation_static.py","tool","entities-and-inventory","unreviewed",""
"tools\source\mods-drive\Architect_Mod\Code_History\CODE-0037-working\architect_toolkit\temp_zip\architect_toolkit\tools\SemanticActionObserver\scan_parent_frame_lifetime_correlation_static.py","tool","entities-and-inventory","unreviewed",""
"tools\source\mods-drive\Architect_Mod\Code_History\CODE-0037-working\architect_toolkit\temp_zip\architect_toolkit\tools\SemanticActionObserver\scan_parent_relay_safety_closure_static.py","tool","entities-and-inventory","unreviewed",""
"tools\source\mods-drive\Architect_Mod\Code_History\CODE-0037-working\architect_toolkit\temp_zip\architect_toolkit\tools\SemanticActionObserver\scan_preview_write_destination_owner_static.py","tool","entities-and-inventory","unreviewed",""
"tools\source\mods-drive\Architect_Mod\Code_History\CODE-0037-working\architect_toolkit\temp_zip\architect_toolkit\tools\SemanticActionObserver\scan_selection_preview_authority_convergence_static.py","tool","entities-and-inventory","unreviewed",""
"tools\source\mods-drive\Architect_Mod\Code_History\CODE-0037-working\architect_toolkit\temp_zip\architect_toolkit\tools\SemanticActionObserver\scan_semantic_action_dispatcher_static.py","tool","entities-and-inventory","unreviewed",""
"tools\source\mods-drive\Architect_Mod\Code_History\CODE-0037-working\architect_toolkit\tools\GameSettingsMapper\recover_descriptor_callbacks.py","tool","entities-and-inventory","unreviewed",""
"tools\source\mods-drive\Architect_Mod\Code_History\CODE-0037-working\architect_toolkit\tools\ItemObserver\scan_inventory_move_callers.py","tool","entities-and-inventory","unreviewed",""
"tools\source\mods-drive\Architect_Mod\Code_History\CODE-0037-working\architect_toolkit\tools\ItemObserver\scan_inventory_transfer_consumer.py","tool","entities-and-inventory","unreviewed",""
"tools\source\mods-drive\Architect_Mod\Code_History\CODE-0037-working\architect_toolkit\tools\ItemObserver\scan_item_observer_callgraph.py","tool","entities-and-inventory","unreviewed",""
"tools\source\mods-drive\Architect_Mod\Code_History\CODE-0037-working\architect_toolkit\tools\ItemObserver\scan_item_observer_descriptors.py","tool","entities-and-inventory","unreviewed",""
"tools\source\mods-drive\Architect_Mod\Code_History\CODE-0037-working\architect_toolkit\tools\ItemObserver\scan_item_observer_metadata.py","tool","entities-and-inventory","unreviewed",""
"tools\source\mods-drive\Architect_Mod\Code_History\CODE-0037-working\architect_toolkit\tools\ItemObserver\scan_item_observer_owners.py","tool","entities-and-inventory","unreviewed",""
"tools\source\mods-drive\Architect_Mod\Code_History\CODE-0037-working\architect_toolkit\tools\SemanticActionObserver\build_observer_relocation_plan.py","tool","entities-and-inventory","unreviewed",""
"tools\source\mods-drive\Architect_Mod\Code_History\CODE-0037-working\architect_toolkit\tools\SemanticActionObserver\generate_observer_trampoline_capability.py","tool","entities-and-inventory","unreviewed",""
"tools\source\mods-drive\Architect_Mod\Code_History\CODE-0037-working\architect_toolkit\tools\SemanticActionObserver\relay_safety_closure.py","tool","entities-and-inventory","unreviewed",""
"tools\source\mods-drive\Architect_Mod\Code_History\CODE-0037-working\architect_toolkit\tools\SemanticActionObserver\scan_client_player_input_static.py","tool","entities-and-inventory","unreviewed",""
"tools\source\mods-drive\Architect_Mod\Code_History\CODE-0037-working\architect_toolkit\tools\SemanticActionObserver\scan_helper_8d5ca0_site_contract_static.py","tool","entities-and-inventory","unreviewed",""
"tools\source\mods-drive\Architect_Mod\Code_History\CODE-0037-working\architect_toolkit\tools\SemanticActionObserver\scan_owner_rooted_container_family_static.py","tool","entities-and-inventory","unreviewed",""
"tools\source\mods-drive\Architect_Mod\Code_History\CODE-0037-working\architect_toolkit\tools\SemanticActionObserver\scan_owner_rooted_slot_dispatch_static.py","tool","entities-and-inventory","unreviewed",""
"tools\source\mods-drive\Architect_Mod\Code_History\CODE-0037-working\architect_toolkit\tools\SemanticActionObserver\scan_parent_call_relay_correlation_static.py","tool","entities-and-inventory","unreviewed",""
"tools\source\mods-drive\Architect_Mod\Code_History\CODE-0037-working\architect_toolkit\tools\SemanticActionObserver\scan_parent_frame_lifetime_correlation_static.py","tool","entities-and-inventory","unreviewed",""
"tools\source\mods-drive\Architect_Mod\Code_History\CODE-0037-working\architect_toolkit\tools\SemanticActionObserver\scan_parent_relay_safety_closure_static.py","tool","entities-and-inventory","unreviewed",""
"tools\source\mods-drive\Architect_Mod\Code_History\CODE-0037-working\architect_toolkit\tools\SemanticActionObserver\scan_preview_write_destination_owner_static.py","tool","entities-and-inventory","unreviewed",""
"tools\source\mods-drive\Architect_Mod\Code_History\CODE-0037-working\architect_toolkit\tools\SemanticActionObserver\scan_selection_preview_authority_convergence_static.py","tool","entities-and-inventory","unreviewed",""
"tools\source\mods-drive\Architect_Mod\Code_History\CODE-0037-working\architect_toolkit\tools\SemanticActionObserver\scan_semantic_action_dispatcher_static.py","tool","entities-and-inventory","unreviewed",""
"tools\source\mods-drive\Architect_Mod\Code_History\CODE-0044A\candidate\tools\GameSettingsMapper\recover_descriptor_callbacks.py","tool","entities-and-inventory","unreviewed",""
"tools\source\mods-drive\Architect_Mod\Code_History\CODE-0044A\candidate\tools\ItemObserver\scan_inventory_move_callers.py","tool","entities-and-inventory","unreviewed",""
"tools\source\mods-drive\Architect_Mod\Code_History\CODE-0044A\candidate\tools\ItemObserver\scan_inventory_transfer_consumer.py","tool","entities-and-inventory","unreviewed",""
"tools\source\mods-drive\Architect_Mod\Code_History\CODE-0044A\candidate\tools\ItemObserver\scan_item_observer_callgraph.py","tool","entities-and-inventory","unreviewed",""
"tools\source\mods-drive\Architect_Mod\Code_History\CODE-0044A\candidate\tools\ItemObserver\scan_item_observer_descriptors.py","tool","entities-and-inventory","unreviewed",""
"tools\source\mods-drive\Architect_Mod\Code_History\CODE-0044A\candidate\tools\ItemObserver\scan_item_observer_metadata.py","tool","entities-and-inventory","unreviewed",""
"tools\source\mods-drive\Architect_Mod\Code_History\CODE-0044A\candidate\tools\ItemObserver\scan_item_observer_owners.py","tool","entities-and-inventory","unreviewed",""
"tools\source\mods-drive\Architect_Mod\Code_History\CODE-0044A\candidate\tools\SemanticActionObserver\build_observer_relocation_plan.py","tool","entities-and-inventory","unreviewed",""
"tools\source\mods-drive\Architect_Mod\Code_History\CODE-0044A\candidate\tools\SemanticActionObserver\generate_observer_trampoline_capability.py","tool","entities-and-inventory","unreviewed",""
"tools\source\mods-drive\Architect_Mod\Code_History\CODE-0044A\candidate\tools\SemanticActionObserver\relay_safety_closure.py","tool","entities-and-inventory","unreviewed",""
"tools\source\mods-drive\Architect_Mod\Code_History\CODE-0044A\candidate\tools\SemanticActionObserver\scan_client_player_input_static.py","tool","entities-and-inventory","unreviewed",""
"tools\source\mods-drive\Architect_Mod\Code_History\CODE-0044A\candidate\tools\SemanticActionObserver\scan_helper_8d5ca0_site_contract_static.py","tool","entities-and-inventory","unreviewed",""
"tools\source\mods-drive\Architect_Mod\Code_History\CODE-0044A\candidate\tools\SemanticActionObserver\scan_owner_rooted_container_family_static.py","tool","entities-and-inventory","unreviewed",""
"tools\source\mods-drive\Architect_Mod\Code_History\CODE-0044A\candidate\tools\SemanticActionObserver\scan_owner_rooted_slot_dispatch_static.py","tool","entities-and-inventory","unreviewed",""
"tools\source\mods-drive\Architect_Mod\Code_History\CODE-0044A\candidate\tools\SemanticActionObserver\scan_parent_call_relay_correlation_static.py","tool","entities-and-inventory","unreviewed",""
"tools\source\mods-drive\Architect_Mod\Code_History\CODE-0044A\candidate\tools\SemanticActionObserver\scan_parent_frame_lifetime_correlation_static.py","tool","entities-and-inventory","unreviewed",""
"tools\source\mods-drive\Architect_Mod\Code_History\CODE-0044A\candidate\tools\SemanticActionObserver\scan_parent_relay_safety_closure_static.py","tool","entities-and-inventory","unreviewed",""
"tools\source\mods-drive\Architect_Mod\Code_History\CODE-0044A\candidate\tools\SemanticActionObserver\scan_preview_write_destination_owner_static.py","tool","entities-and-inventory","unreviewed",""
"tools\source\mods-drive\Architect_Mod\Code_History\CODE-0044A\candidate\tools\SemanticActionObserver\scan_selection_preview_authority_convergence_static.py","tool","entities-and-inventory","unreviewed",""
"tools\source\mods-drive\Architect_Mod\Code_History\CODE-0044A\candidate\tools\SemanticActionObserver\scan_semantic_action_dispatcher_static.py","tool","entities-and-inventory","unreviewed",""
"tools\source\mods-drive\Control_Center\tools\build_gameplay_schema_inventory.py","tool","entities-and-inventory","unreviewed",""
"tools\source\mods-drive\Control_Center\tools\build_kfc_tuning_inventory.py","tool","entities-and-inventory","unreviewed",""
"tools\source\mods-drive\Control_Center\tools\verify_gameplay_schema_inventory.py","tool","entities-and-inventory","unreviewed",""
"experiments\source\mods-drive\Architect_Mod\Code_History\CODE-0037-working\architect_toolkit\add_test.py","experiment","experiments","unreviewed",""
"experiments\source\mods-drive\Architect_Mod\Code_History\CODE-0037-working\architect_toolkit\append_test.py","experiment","experiments","unreviewed",""
"experiments\source\mods-drive\Architect_Mod\Code_History\CODE-0037-working\architect_toolkit\docs\tools\SemanticCaptureAnalyzer.md","experiment","experiments","unreviewed",""
"experiments\source\mods-drive\Architect_Mod\Code_History\CODE-0037-working\architect_toolkit\fix_test_again.py","experiment","experiments","unreviewed",""
"experiments\source\mods-drive\Architect_Mod\Code_History\CODE-0037-working\architect_toolkit\fix_test.py","experiment","experiments","unreviewed",""
"experiments\source\mods-drive\Architect_Mod\Code_History\CODE-0037-working\architect_toolkit\fix_test2.py","experiment","experiments","unreviewed",""
"experiments\source\mods-drive\Architect_Mod\Code_History\CODE-0037-working\architect_toolkit\fix_test3.py","experiment","experiments","unreviewed",""
"experiments\source\mods-drive\Architect_Mod\Code_History\CODE-0037-working\architect_toolkit\fix_test4.py","experiment","experiments","unreviewed",""
"experiments\source\mods-drive\Architect_Mod\Code_History\CODE-0037-working\architect_toolkit\fix_test5.py","experiment","experiments","unreviewed",""
"experiments\source\mods-drive\Architect_Mod\Code_History\CODE-0037-working\architect_toolkit\fix_test6.py","experiment","experiments","unreviewed",""
"experiments\source\mods-drive\Architect_Mod\Code_History\CODE-0037-working\architect_toolkit\make_tests.py","experiment","experiments","unreviewed",""
"experiments\source\mods-drive\Architect_Mod\Code_History\CODE-0037-working\architect_toolkit\rewrite_test.py","experiment","experiments","unreviewed",""
"experiments\source\mods-drive\Architect_Mod\Code_History\CODE-0037-working\architect_toolkit\rewrite_test2.py","experiment","experiments","unreviewed",""
"experiments\source\mods-drive\Architect_Mod\Code_History\CODE-0037-working\architect_toolkit\temp_verify\architect_toolkit\temp_inspect\architect_toolkit\tests\build_and_run_integration.py","experiment","experiments","unreviewed",""
"experiments\source\mods-drive\Architect_Mod\Code_History\CODE-0037-working\architect_toolkit\temp_verify\architect_toolkit\temp_inspect\architect_toolkit\tests\build_and_run_patch.py","experiment","experiments","unreviewed",""
"experiments\source\mods-drive\Architect_Mod\Code_History\CODE-0037-working\architect_toolkit\temp_verify\architect_toolkit\temp_inspect\architect_toolkit\tests\build_and_run_transparency_test.py","experiment","experiments","unreviewed",""
"experiments\source\mods-drive\Architect_Mod\Code_History\CODE-0037-working\architect_toolkit\temp_verify\architect_toolkit\temp_inspect\architect_toolkit\tests\build_and_run_transparency.py","experiment","experiments","unreviewed",""
"experiments\source\mods-drive\Architect_Mod\Code_History\CODE-0037-working\architect_toolkit\temp_verify\architect_toolkit\temp_inspect\architect_toolkit\tests\test_command_routing.py","experiment","experiments","unreviewed",""
"experiments\source\mods-drive\Architect_Mod\Code_History\CODE-0037-working\architect_toolkit\temp_verify\architect_toolkit\temp_inspect\architect_toolkit\tests\test_optimization.py","experiment","experiments","unreviewed",""
"experiments\source\mods-drive\Architect_Mod\Code_History\CODE-0037-working\architect_toolkit\temp_verify\architect_toolkit\temp_inspect\architect_toolkit\tests\test_worker_binding.py","experiment","experiments","unreviewed",""
"experiments\source\mods-drive\Architect_Mod\Code_History\CODE-0037-working\architect_toolkit\temp_verify\architect_toolkit\temp_inspect\architect_toolkit\tools\ArchitectCore\tests\__init__.py","experiment","experiments","unreviewed",""
"experiments\source\mods-drive\Architect_Mod\Code_History\CODE-0037-working\architect_toolkit\temp_verify\architect_toolkit\temp_inspect\architect_toolkit\tools\ArchitectCore\tests\test_core.py","experiment","experiments","unreviewed",""
"experiments\source\mods-drive\Architect_Mod\Code_History\CODE-0037-working\architect_toolkit\temp_verify\architect_toolkit\temp_inspect\architect_toolkit\tools\ArchitectProductPath\test_preview_activation_package.py","experiment","experiments","unreviewed",""
"experiments\source\mods-drive\Architect_Mod\Code_History\CODE-0037-working\architect_toolkit\temp_verify\architect_toolkit\temp_inspect\architect_toolkit\tools\ArchitectProductPath\test_product_path_staging.py","experiment","experiments","unreviewed",""
"experiments\source\mods-drive\Architect_Mod\Code_History\CODE-0037-working\architect_toolkit\temp_verify\architect_toolkit\temp_inspect\architect_toolkit\tools\ArchitectVoxel\test_architect_voxel.py","experiment","experiments","unreviewed",""
"experiments\source\mods-drive\Architect_Mod\Code_History\CODE-0037-working\architect_toolkit\temp_verify\architect_toolkit\temp_inspect\architect_toolkit\tools\CameraFov\tests\test_camera_fov.py","experiment","experiments","unreviewed",""
"experiments\source\mods-drive\Architect_Mod\Code_History\CODE-0037-working\architect_toolkit\temp_verify\architect_toolkit\temp_inspect\architect_toolkit\tools\CheatCorrelation\analyze_capture.py","experiment","experiments","unreviewed",""
"experiments\source\mods-drive\Architect_Mod\Code_History\CODE-0037-working\architect_toolkit\temp_verify\architect_toolkit\temp_inspect\architect_toolkit\tools\CheatCorrelation\tests\test_analyzer.py","experiment","experiments","unreviewed",""
"experiments\source\mods-drive\Architect_Mod\Code_History\CODE-0037-working\architect_toolkit\temp_verify\architect_toolkit\temp_inspect\architect_toolkit\tools\CheatSprint\tests\test_candidates.py","experiment","experiments","unreviewed",""
"experiments\source\mods-drive\Architect_Mod\Code_History\CODE-0037-working\architect_toolkit\temp_verify\architect_toolkit\temp_inspect\architect_toolkit\tools\EntityInspector\tests\test_ecs_registry_consumers.py","experiment","experiments","unreviewed",""
"experiments\source\mods-drive\Architect_Mod\Code_History\CODE-0037-working\architect_toolkit\temp_verify\architect_toolkit\temp_inspect\architect_toolkit\tools\EntityInspector\tests\test_entity_inspector.py","experiment","experiments","unreviewed",""
"experiments\source\mods-drive\Architect_Mod\Code_History\CODE-0037-working\architect_toolkit\temp_zip\architect_toolkit\docs\tools\SemanticCaptureAnalyzer.md","experiment","experiments","unreviewed",""
"experiments\source\mods-drive\Architect_Mod\Code_History\CODE-0037-working\architect_toolkit\temp_zip\architect_toolkit\make_tests.py","experiment","experiments","unreviewed",""
"experiments\source\mods-drive\Architect_Mod\Code_History\CODE-0037-working\architect_toolkit\temp_zip\architect_toolkit\tests\build_and_run_transparency_test.py","experiment","experiments","unreviewed",""
"experiments\source\mods-drive\Architect_Mod\Code_History\CODE-0037-working\architect_toolkit\temp_zip\architect_toolkit\tools\ArchitectCore\tests\__init__.py","experiment","experiments","unreviewed",""
"experiments\source\mods-drive\Architect_Mod\Code_History\CODE-0037-working\architect_toolkit\temp_zip\architect_toolkit\tools\ArchitectCore\tests\test_core.py","experiment","experiments","unreviewed",""
"experiments\source\mods-drive\Architect_Mod\Code_History\CODE-0037-working\architect_toolkit\temp_zip\architect_toolkit\tools\ArchitectProductPath\test_preview_activation_package.py","experiment","experiments","unreviewed",""
"experiments\source\mods-drive\Architect_Mod\Code_History\CODE-0037-working\architect_toolkit\temp_zip\architect_toolkit\tools\ArchitectProductPath\test_product_path_staging.py","experiment","experiments","unreviewed",""
"experiments\source\mods-drive\Architect_Mod\Code_History\CODE-0037-working\architect_toolkit\temp_zip\architect_toolkit\tools\ArchitectVoxel\test_architect_voxel.py","experiment","experiments","unreviewed",""
"experiments\source\mods-drive\Architect_Mod\Code_History\CODE-0037-working\architect_toolkit\temp_zip\architect_toolkit\tools\CameraFov\tests\test_camera_fov.py","experiment","experiments","unreviewed",""
"experiments\source\mods-drive\Architect_Mod\Code_History\CODE-0037-working\architect_toolkit\temp_zip\architect_toolkit\tools\CheatCorrelation\analyze_capture.py","experiment","experiments","unreviewed",""
"experiments\source\mods-drive\Architect_Mod\Code_History\CODE-0037-working\architect_toolkit\temp_zip\architect_toolkit\tools\CheatCorrelation\tests\test_analyzer.py","experiment","experiments","unreviewed",""
"experiments\source\mods-drive\Architect_Mod\Code_History\CODE-0037-working\architect_toolkit\temp_zip\architect_toolkit\tools\CheatSprint\tests\test_candidates.py","experiment","experiments","unreviewed",""
"experiments\source\mods-drive\Architect_Mod\Code_History\CODE-0037-working\architect_toolkit\temp_zip\architect_toolkit\tools\EntityInspector\tests\test_ecs_registry_consumers.py","experiment","experiments","unreviewed",""
"experiments\source\mods-drive\Architect_Mod\Code_History\CODE-0037-working\architect_toolkit\temp_zip\architect_toolkit\tools\EntityInspector\tests\test_entity_inspector.py","experiment","experiments","unreviewed",""
"experiments\source\mods-drive\Architect_Mod\Code_History\CODE-0037-working\architect_toolkit\temp_zip\architect_toolkit\tools\SemanticCaptureAnalyzer\analyze.py","experiment","experiments","unreviewed",""
"experiments\source\mods-drive\Architect_Mod\Code_History\CODE-0037-working\architect_toolkit\temp_zip\architect_toolkit\tools\SemanticCaptureAnalyzer\analyzer.py","experiment","experiments","unreviewed",""
"experiments\source\mods-drive\Architect_Mod\Code_History\CODE-0037-working\architect_toolkit\temp_zip\architect_toolkit\tools\SemanticCaptureAnalyzer\tests\fixtures\complete\semantic_actions.jsonl","experiment","experiments","unreviewed",""
"experiments\source\mods-drive\Architect_Mod\Code_History\CODE-0037-working\architect_toolkit\temp_zip\architect_toolkit\tools\SemanticCaptureAnalyzer\tests\fixtures\preview\semantic_actions.jsonl","experiment","experiments","unreviewed",""
"experiments\source\mods-drive\Architect_Mod\Code_History\CODE-0037-working\architect_toolkit\temp_zip\architect_toolkit\tools\SemanticCaptureAnalyzer\tests\test_analyzer.py","experiment","experiments","unreviewed",""
"experiments\source\mods-drive\Architect_Mod\Code_History\CODE-0037-working\architect_toolkit\temp_zip\architect_toolkit\VERIFICATION_REPORT.txt","experiment","experiments","unreviewed",""
"experiments\source\mods-drive\Architect_Mod\Code_History\CODE-0037-working\architect_toolkit\tests\build_and_run_integration.py","experiment","experiments","unreviewed",""
"experiments\source\mods-drive\Architect_Mod\Code_History\CODE-0037-working\architect_toolkit\tests\build_and_run_patch.py","experiment","experiments","unreviewed",""
"experiments\source\mods-drive\Architect_Mod\Code_History\CODE-0037-working\architect_toolkit\tests\build_and_run_transparency_test.py","experiment","experiments","unreviewed",""
"experiments\source\mods-drive\Architect_Mod\Code_History\CODE-0037-working\architect_toolkit\tests\build_and_run_transparency.py","experiment","experiments","unreviewed",""
"experiments\source\mods-drive\Architect_Mod\Code_History\CODE-0037-working\architect_toolkit\tests\test_command_routing.py","experiment","experiments","unreviewed",""
"experiments\source\mods-drive\Architect_Mod\Code_History\CODE-0037-working\architect_toolkit\tests\test_optimization.py","experiment","experiments","unreviewed",""
"experiments\source\mods-drive\Architect_Mod\Code_History\CODE-0037-working\architect_toolkit\tests\test_worker_binding.py","experiment","experiments","unreviewed",""
"experiments\source\mods-drive\Architect_Mod\Code_History\CODE-0037-working\architect_toolkit\tools\ArchitectCore\tests\__init__.py","experiment","experiments","unreviewed",""
"experiments\source\mods-drive\Architect_Mod\Code_History\CODE-0037-working\architect_toolkit\tools\ArchitectCore\tests\test_core.py","experiment","experiments","unreviewed",""
"experiments\source\mods-drive\Architect_Mod\Code_History\CODE-0037-working\architect_toolkit\tools\ArchitectProductPath\test_preview_activation_package.py","experiment","experiments","unreviewed",""
"experiments\source\mods-drive\Architect_Mod\Code_History\CODE-0037-working\architect_toolkit\tools\ArchitectProductPath\test_product_path_staging.py","experiment","experiments","unreviewed",""
"experiments\source\mods-drive\Architect_Mod\Code_History\CODE-0037-working\architect_toolkit\tools\ArchitectVoxel\test_architect_voxel.py","experiment","experiments","unreviewed",""
"experiments\source\mods-drive\Architect_Mod\Code_History\CODE-0037-working\architect_toolkit\tools\CameraFov\tests\test_camera_fov.py","experiment","experiments","unreviewed",""
"experiments\source\mods-drive\Architect_Mod\Code_History\CODE-0037-working\architect_toolkit\tools\CheatCorrelation\analyze_capture.py","experiment","experiments","unreviewed",""
"experiments\source\mods-drive\Architect_Mod\Code_History\CODE-0037-working\architect_toolkit\tools\CheatCorrelation\tests\test_analyzer.py","experiment","experiments","unreviewed",""
"experiments\source\mods-drive\Architect_Mod\Code_History\CODE-0037-working\architect_toolkit\tools\CheatSprint\tests\test_candidates.py","experiment","experiments","unreviewed",""
"experiments\source\mods-drive\Architect_Mod\Code_History\CODE-0037-working\architect_toolkit\tools\EntityInspector\tests\test_ecs_registry_consumers.py","experiment","experiments","unreviewed",""
"experiments\source\mods-drive\Architect_Mod\Code_History\CODE-0037-working\architect_toolkit\tools\EntityInspector\tests\test_entity_inspector.py","experiment","experiments","unreviewed",""
"experiments\source\mods-drive\Architect_Mod\Code_History\CODE-0037-working\architect_toolkit\tools\SemanticCaptureAnalyzer\analyze.py","experiment","experiments","unreviewed",""
"experiments\source\mods-drive\Architect_Mod\Code_History\CODE-0037-working\architect_toolkit\tools\SemanticCaptureAnalyzer\analyzer.py","experiment","experiments","unreviewed",""
"experiments\source\mods-drive\Architect_Mod\Code_History\CODE-0037-working\architect_toolkit\tools\SemanticCaptureAnalyzer\tests\fixtures\complete\semantic_actions.jsonl","experiment","experiments","unreviewed",""
"experiments\source\mods-drive\Architect_Mod\Code_History\CODE-0037-working\architect_toolkit\tools\SemanticCaptureAnalyzer\tests\fixtures\preview\semantic_actions.jsonl","experiment","experiments","unreviewed",""
"experiments\source\mods-drive\Architect_Mod\Code_History\CODE-0037-working\architect_toolkit\tools\SemanticCaptureAnalyzer\tests\test_analyzer.py","experiment","experiments","unreviewed",""
"experiments\source\mods-drive\Architect_Mod\Code_History\CODE-0037-working\architect_toolkit\VERIFICATION_REPORT.txt","experiment","experiments","unreviewed",""
"experiments\source\mods-drive\Architect_Mod\Code_History\CODE-0042\CODE-0042_BOOTSTRAP_VERIFICATION.md","experiment","experiments","unreviewed",""
"experiments\source\mods-drive\Architect_Mod\Code_History\CODE-0044A\candidate\add_test.py","experiment","experiments","unreviewed",""
"experiments\source\mods-drive\Architect_Mod\Code_History\CODE-0044A\candidate\append_test.py","experiment","experiments","unreviewed",""
"experiments\source\mods-drive\Architect_Mod\Code_History\CODE-0044A\candidate\docs\tools\SemanticCaptureAnalyzer.md","experiment","experiments","unreviewed",""
"experiments\source\mods-drive\Architect_Mod\Code_History\CODE-0044A\candidate\fix_test_again.py","experiment","experiments","unreviewed",""
"experiments\source\mods-drive\Architect_Mod\Code_History\CODE-0044A\candidate\fix_test.py","experiment","experiments","unreviewed",""
"experiments\source\mods-drive\Architect_Mod\Code_History\CODE-0044A\candidate\fix_test2.py","experiment","experiments","unreviewed",""
"experiments\source\mods-drive\Architect_Mod\Code_History\CODE-0044A\candidate\fix_test3.py","experiment","experiments","unreviewed",""
"experiments\source\mods-drive\Architect_Mod\Code_History\CODE-0044A\candidate\fix_test4.py","experiment","experiments","unreviewed",""
"experiments\source\mods-drive\Architect_Mod\Code_History\CODE-0044A\candidate\fix_test5.py","experiment","experiments","unreviewed",""
"experiments\source\mods-drive\Architect_Mod\Code_History\CODE-0044A\candidate\fix_test6.py","experiment","experiments","unreviewed",""
"experiments\source\mods-drive\Architect_Mod\Code_History\CODE-0044A\candidate\make_tests.py","experiment","experiments","unreviewed",""
"experiments\source\mods-drive\Architect_Mod\Code_History\CODE-0044A\candidate\rewrite_test.py","experiment","experiments","unreviewed",""
"experiments\source\mods-drive\Architect_Mod\Code_History\CODE-0044A\candidate\rewrite_test2.py","experiment","experiments","unreviewed",""
"experiments\source\mods-drive\Architect_Mod\Code_History\CODE-0044A\candidate\tests\build_and_run_integration.py","experiment","experiments","unreviewed",""
"experiments\source\mods-drive\Architect_Mod\Code_History\CODE-0044A\candidate\tests\build_and_run_patch.py","experiment","experiments","unreviewed",""
"experiments\source\mods-drive\Architect_Mod\Code_History\CODE-0044A\candidate\tests\build_and_run_siteA_lifecycle.py","experiment","experiments","unreviewed",""
"experiments\source\mods-drive\Architect_Mod\Code_History\CODE-0044A\candidate\tests\build_and_run_transparency_test.py","experiment","experiments","unreviewed",""
"experiments\source\mods-drive\Architect_Mod\Code_History\CODE-0044A\candidate\tests\build_and_run_transparency.py","experiment","experiments","unreviewed",""
"experiments\source\mods-drive\Architect_Mod\Code_History\CODE-0044A\candidate\tests\test_command_routing.py","experiment","experiments","unreviewed",""
"experiments\source\mods-drive\Architect_Mod\Code_History\CODE-0044A\candidate\tests\test_optimization.py","experiment","experiments","unreviewed",""
"experiments\source\mods-drive\Architect_Mod\Code_History\CODE-0044A\candidate\tests\test_worker_binding.py","experiment","experiments","unreviewed",""
"experiments\source\mods-drive\Architect_Mod\Code_History\CODE-0044A\candidate\tools\ArchitectCore\tests\__init__.py","experiment","experiments","unreviewed",""
"experiments\source\mods-drive\Architect_Mod\Code_History\CODE-0044A\candidate\tools\ArchitectCore\tests\test_core.py","experiment","experiments","unreviewed",""
"experiments\source\mods-drive\Architect_Mod\Code_History\CODE-0044A\candidate\tools\ArchitectProductPath\test_preview_activation_package.py","experiment","experiments","unreviewed",""
"experiments\source\mods-drive\Architect_Mod\Code_History\CODE-0044A\candidate\tools\ArchitectProductPath\test_product_path_staging.py","experiment","experiments","unreviewed",""
"experiments\source\mods-drive\Architect_Mod\Code_History\CODE-0044A\candidate\tools\ArchitectVoxel\test_architect_voxel.py","experiment","experiments","unreviewed",""
"experiments\source\mods-drive\Architect_Mod\Code_History\CODE-0044A\candidate\tools\CameraFov\tests\test_camera_fov.py","experiment","experiments","unreviewed",""
"experiments\source\mods-drive\Architect_Mod\Code_History\CODE-0044A\candidate\tools\CheatCorrelation\analyze_capture.py","experiment","experiments","unreviewed",""
"experiments\source\mods-drive\Architect_Mod\Code_History\CODE-0044A\candidate\tools\CheatCorrelation\tests\test_analyzer.py","experiment","experiments","unreviewed",""
"experiments\source\mods-drive\Architect_Mod\Code_History\CODE-0044A\candidate\tools\CheatSprint\tests\test_candidates.py","experiment","experiments","unreviewed",""
"experiments\source\mods-drive\Architect_Mod\Code_History\CODE-0044A\candidate\tools\EntityInspector\tests\test_ecs_registry_consumers.py","experiment","experiments","unreviewed",""
"experiments\source\mods-drive\Architect_Mod\Code_History\CODE-0044A\candidate\tools\EntityInspector\tests\test_entity_inspector.py","experiment","experiments","unreviewed",""
"experiments\source\mods-drive\Architect_Mod\Code_History\CODE-0044A\candidate\tools\SemanticCaptureAnalyzer\analyze.py","experiment","experiments","unreviewed",""
"experiments\source\mods-drive\Architect_Mod\Code_History\CODE-0044A\candidate\tools\SemanticCaptureAnalyzer\analyzer.py","experiment","experiments","unreviewed",""
"experiments\source\mods-drive\Architect_Mod\Code_History\CODE-0044A\candidate\tools\SemanticCaptureAnalyzer\tests\fixtures\complete\semantic_actions.jsonl","experiment","experiments","unreviewed",""
"experiments\source\mods-drive\Architect_Mod\Code_History\CODE-0044A\candidate\tools\SemanticCaptureAnalyzer\tests\fixtures\preview\semantic_actions.jsonl","experiment","experiments","unreviewed",""
"experiments\source\mods-drive\Architect_Mod\Code_History\CODE-0044A\candidate\tools\SemanticCaptureAnalyzer\tests\test_analyzer.py","experiment","experiments","unreviewed",""
"experiments\source\mods-drive\Architect_Mod\Code_History\CODE-0044A\candidate\VERIFICATION_REPORT.txt","experiment","experiments","unreviewed",""
"experiments\source\mods-drive\Architect_Mod\Code_History\CODE-0044B\CODE-0044B_test_summary.txt","experiment","experiments","unreviewed",""
"experiments\source\mods-drive\Architect_Mod\Evidence\Test_Results\latest_semantic_capture_report.md","experiment","experiments","unreviewed",""
"experiments\source\mods-drive\Cheat Tables\Enshrouded_Master_Trainer_Experimental.CT","experiment","experiments","unreviewed",""
"experiments\source\mods-drive\Cheat Tables\Enshrouded_Master_Trainer_Test_Plan.md","experiment","experiments","unreviewed",""
"experiments\source\mods-drive\Cheat Tables\Trainer_GUI\test_bridge_client.py","experiment","experiments","unreviewed",""
"experiments\source\mods-drive\Cheat Tables\Trainer_GUI\test_json_lua.py","experiment","experiments","unreviewed",""
"experiments\source\mods-drive\Cheat Tables\Trainer_GUI\test_sync_state.py","experiment","experiments","unreviewed",""
"experiments\source\mods-drive\Control_Center\core\probe_evidence.py","experiment","experiments","unreviewed",""
"experiments\source\mods-drive\Control_Center\core\smoke_tests.py","experiment","experiments","unreviewed",""
"experiments\source\mods-drive\Control_Center\docs\CLEAN_INSTALL_VERIFICATION_20260927.md","experiment","experiments","unreviewed",""
"experiments\source\mods-drive\Control_Center\docs\CONTROL_CENTER_UPGRADE_VERIFICATION_20260927.md","experiment","experiments","unreviewed",""
"experiments\source\mods-drive\Control_Center\docs\CURRENT_SOURCE_RELEASE_VERIFICATION_20260928.md","experiment","experiments","unreviewed",""
"experiments\source\mods-drive\Control_Center\docs\CURRENT_SOURCE_RELEASE_VERIFICATION_20260929.md","experiment","experiments","unreviewed",""
"experiments\source\mods-drive\Control_Center\docs\CURRENT_SOURCE_RELEASE_VERIFICATION_20260930.md","experiment","experiments","unreviewed",""
"experiments\source\mods-drive\Control_Center\docs\POST_RELEASE_VERIFICATION_20260927.md","experiment","experiments","unreviewed",""
"experiments\source\mods-drive\Control_Center\gui\test_gui_backend.py","experiment","experiments","unreviewed",""
"experiments\source\mods-drive\Control_Center\profiles\localization-probe-install\backups\control_center_localization_probe\src\mod.lua","experiment","experiments","unreviewed",""
"experiments\source\mods-drive\Control_Center\profiles\localized-bed-probe-install\backups\localized_bed_probe_1076226\src\mod.lua","experiment","experiments","unreviewed",""
"experiments\source\mods-drive\Control_Center\profiles\quarantine\localization_probe_steam_inconclusive_20260927\src\mod.lua","experiment","experiments","unreviewed",""
"experiments\source\mods-drive\Control_Center\profiles\save-backups\20260928T233601Z-autonomous-verification\patch-log.txt","experiment","experiments","unreviewed",""
"experiments\source\mods-drive\Control_Center\staging\compiled_bed_probe_20260927_v10\src\localization_payload.lua","experiment","experiments","unreviewed",""
"experiments\source\mods-drive\Control_Center\staging\compiled_bed_probe_20260927_v10\src\mod.lua","experiment","experiments","unreviewed",""
"experiments\source\mods-drive\Control_Center\staging\compiled_bed_probe_20260927_v11\src\localization_payload.lua","experiment","experiments","unreviewed",""
"experiments\source\mods-drive\Control_Center\staging\compiled_bed_probe_20260927_v11\src\mod.lua","experiment","experiments","unreviewed",""
"experiments\source\mods-drive\Control_Center\staging\compiled_bed_probe_20260927_v12\src\localization_payload.lua","experiment","experiments","unreviewed",""
"experiments\source\mods-drive\Control_Center\staging\compiled_bed_probe_20260927_v12\src\mod.lua","experiment","experiments","unreviewed",""
"experiments\source\mods-drive\Control_Center\staging\compiled_bed_probe_20260927_v13\src\localization_payload.lua","experiment","experiments","unreviewed",""
"experiments\source\mods-drive\Control_Center\staging\compiled_bed_probe_20260927_v13\src\mod.lua","experiment","experiments","unreviewed",""
"experiments\source\mods-drive\Control_Center\staging\compiled_bed_probe_20260927_v14\src\localization_payload.lua","experiment","experiments","unreviewed",""
"experiments\source\mods-drive\Control_Center\staging\compiled_bed_probe_20260927_v14\src\mod.lua","experiment","experiments","unreviewed",""
"experiments\source\mods-drive\Control_Center\staging\compiled_bed_probe_20260927_v15\src\localization_payload.lua","experiment","experiments","unreviewed",""
"experiments\source\mods-drive\Control_Center\staging\compiled_bed_probe_20260927_v15\src\mod.lua","experiment","experiments","unreviewed",""
"experiments\source\mods-drive\Control_Center\staging\compiled_bed_probe_20260927_v16\src\localization_payload.lua","experiment","experiments","unreviewed",""
"experiments\source\mods-drive\Control_Center\staging\compiled_bed_probe_20260927_v16\src\mod.lua","experiment","experiments","unreviewed",""
"experiments\source\mods-drive\Control_Center\staging\compiled_bed_probe_20260927_v17\src\localization_payload.lua","experiment","experiments","unreviewed",""
"experiments\source\mods-drive\Control_Center\staging\compiled_bed_probe_20260927_v17\src\mod.lua","experiment","experiments","unreviewed",""
"experiments\source\mods-drive\Control_Center\staging\compiled_bed_probe_20260927_v18\src\localization_payload.lua","experiment","experiments","unreviewed",""
"experiments\source\mods-drive\Control_Center\staging\compiled_bed_probe_20260927_v18\src\mod.lua","experiment","experiments","unreviewed",""
"experiments\source\mods-drive\Control_Center\staging\compiled_bed_probe_20260927_v19\src\localization_payload.lua","experiment","experiments","unreviewed",""
"experiments\source\mods-drive\Control_Center\staging\compiled_bed_probe_20260927_v19\src\mod.lua","experiment","experiments","unreviewed",""
"experiments\source\mods-drive\Control_Center\staging\compiled_bed_probe_20260927_v2\src\localization_payload.lua","experiment","experiments","unreviewed",""
"experiments\source\mods-drive\Control_Center\staging\compiled_bed_probe_20260927_v2\src\mod.lua","experiment","experiments","unreviewed",""
"experiments\source\mods-drive\Control_Center\staging\compiled_bed_probe_20260927_v20\src\localization_payload.lua","experiment","experiments","unreviewed",""
"experiments\source\mods-drive\Control_Center\staging\compiled_bed_probe_20260927_v20\src\mod.lua","experiment","experiments","unreviewed",""
"experiments\source\mods-drive\Control_Center\staging\compiled_bed_probe_20260927_v3\src\localization_payload.lua","experiment","experiments","unreviewed",""
"experiments\source\mods-drive\Control_Center\staging\compiled_bed_probe_20260927_v3\src\mod.lua","experiment","experiments","unreviewed",""
"experiments\source\mods-drive\Control_Center\staging\compiled_bed_probe_20260927_v4\src\localization_payload.lua","experiment","experiments","unreviewed",""
"experiments\source\mods-drive\Control_Center\staging\compiled_bed_probe_20260927_v4\src\mod.lua","experiment","experiments","unreviewed",""
"experiments\source\mods-drive\Control_Center\staging\compiled_bed_probe_20260927_v5\src\localization_payload.lua","experiment","experiments","unreviewed",""
"experiments\source\mods-drive\Control_Center\staging\compiled_bed_probe_20260927_v5\src\mod.lua","experiment","experiments","unreviewed",""
"experiments\source\mods-drive\Control_Center\staging\compiled_bed_probe_20260927_v6\src\localization_payload.lua","experiment","experiments","unreviewed",""
"experiments\source\mods-drive\Control_Center\staging\compiled_bed_probe_20260927_v6\src\mod.lua","experiment","experiments","unreviewed",""
"experiments\source\mods-drive\Control_Center\staging\compiled_bed_probe_20260927_v7\src\localization_payload.lua","experiment","experiments","unreviewed",""
"experiments\source\mods-drive\Control_Center\staging\compiled_bed_probe_20260927_v7\src\mod.lua","experiment","experiments","unreviewed",""
"experiments\source\mods-drive\Control_Center\staging\compiled_bed_probe_20260927_v8\src\localization_payload.lua","experiment","experiments","unreviewed",""
"experiments\source\mods-drive\Control_Center\staging\compiled_bed_probe_20260927_v8\src\mod.lua","experiment","experiments","unreviewed",""
"experiments\source\mods-drive\Control_Center\staging\compiled_bed_probe_20260927_v9\src\localization_payload.lua","experiment","experiments","unreviewed",""
"experiments\source\mods-drive\Control_Center\staging\compiled_bed_probe_20260927_v9\src\mod.lua","experiment","experiments","unreviewed",""
"experiments\source\mods-drive\Control_Center\staging\compiled_bed_probe_20260927\src\localization_payload.lua","experiment","experiments","unreviewed",""
"experiments\source\mods-drive\Control_Center\staging\compiled_bed_probe_20260927\src\mod.lua","experiment","experiments","unreviewed",""
"experiments\source\mods-drive\Control_Center\staging\compiled_full_icon_model_bed_probe_20260927_v2\src\localization_payload.lua","experiment","experiments","unreviewed",""
"experiments\source\mods-drive\Control_Center\staging\compiled_full_icon_model_bed_probe_20260927_v2\src\mod.lua","experiment","experiments","unreviewed",""
"experiments\source\mods-drive\Control_Center\staging\compiled_full_icon_model_bed_probe_20260927\src\localization_payload.lua","experiment","experiments","unreviewed",""
"experiments\source\mods-drive\Control_Center\staging\compiled_full_icon_model_bed_probe_20260927\src\mod.lua","experiment","experiments","unreviewed",""
"experiments\source\mods-drive\Control_Center\staging\compiled_minimal_clone_probe_20260927_v21\src\localization_payload.lua","experiment","experiments","unreviewed",""
"experiments\source\mods-drive\Control_Center\staging\compiled_minimal_clone_probe_20260927_v21\src\mod.lua","experiment","experiments","unreviewed",""
"experiments\source\mods-drive\Control_Center\staging\compiled_registry_clone_probe_20260927_v22\src\localization_payload.lua","experiment","experiments","unreviewed",""
"experiments\source\mods-drive\Control_Center\staging\compiled_registry_clone_probe_20260927_v22\src\mod.lua","experiment","experiments","unreviewed",""
"experiments\source\mods-drive\Control_Center\staging\compiled_registry_clone_probe_20260927_v23\src\localization_payload.lua","experiment","experiments","unreviewed",""
"experiments\source\mods-drive\Control_Center\staging\compiled_registry_clone_probe_20260927_v23\src\mod.lua","experiment","experiments","unreviewed",""
"experiments\source\mods-drive\Control_Center\staging\compiled_registry_clone_probe_20260927_v24\src\localization_payload.lua","experiment","experiments","unreviewed",""
"experiments\source\mods-drive\Control_Center\staging\compiled_registry_clone_probe_20260927_v24\src\mod.lua","experiment","experiments","unreviewed",""
"experiments\source\mods-drive\Control_Center\staging\compiled_registry_clone_probe_20260927_v25\src\localization_payload.lua","experiment","experiments","unreviewed",""
"experiments\source\mods-drive\Control_Center\staging\compiled_registry_clone_probe_20260927_v25\src\mod.lua","experiment","experiments","unreviewed",""
"experiments\source\mods-drive\Control_Center\staging\compiled_registry_clone_probe_20260927_v26\src\localization_payload.lua","experiment","experiments","unreviewed",""
"experiments\source\mods-drive\Control_Center\staging\compiled_registry_clone_probe_20260927_v26\src\mod.lua","experiment","experiments","unreviewed",""
"experiments\source\mods-drive\Control_Center\staging\compiled_registry_clone_probe_20260927_v27\src\localization_payload.lua","experiment","experiments","unreviewed",""
"experiments\source\mods-drive\Control_Center\staging\compiled_registry_clone_probe_20260927_v27\src\mod.lua","experiment","experiments","unreviewed",""
"experiments\source\mods-drive\Control_Center\staging\compiled_registry_clone_probe_20260927_v28\src\localization_payload.lua","experiment","experiments","unreviewed",""
"experiments\source\mods-drive\Control_Center\staging\compiled_registry_clone_probe_20260927_v28\src\mod.lua","experiment","experiments","unreviewed",""
"experiments\source\mods-drive\Control_Center\staging\compiled_registry_clone_probe_20260927_v29\src\localization_payload.lua","experiment","experiments","unreviewed",""
"experiments\source\mods-drive\Control_Center\staging\compiled_registry_clone_probe_20260927_v29\src\mod.lua","experiment","experiments","unreviewed",""
"experiments\source\mods-drive\Control_Center\staging\compiled_registry_clone_probe_20260927_v30\src\localization_payload.lua","experiment","experiments","unreviewed",""
"experiments\source\mods-drive\Control_Center\staging\compiled_registry_clone_probe_20260927_v30\src\mod.lua","experiment","experiments","unreviewed",""
"experiments\source\mods-drive\Control_Center\staging\compiled_registry_clone_probe_20260927_v31\src\localization_payload.lua","experiment","experiments","unreviewed",""
"experiments\source\mods-drive\Control_Center\staging\compiled_registry_clone_probe_20260927_v31\src\mod.lua","experiment","experiments","unreviewed",""
"experiments\source\mods-drive\Control_Center\staging\compiled_resource_graph_probe_bed_20260927\src\localization_payload.lua","experiment","experiments","unreviewed",""
"experiments\source\mods-drive\Control_Center\staging\compiled_resource_graph_probe_bed_20260927\src\mod.lua","experiment","experiments","unreviewed",""
"experiments\source\mods-drive\Control_Center\staging\compiled_single_render_model_probe_20260927\src\localization_payload.lua","experiment","experiments","unreviewed",""
"experiments\source\mods-drive\Control_Center\staging\compiled_single_render_model_probe_20260927\src\mod.lua","experiment","experiments","unreviewed",""
"experiments\source\mods-drive\Control_Center\staging\compiled_single_template_probe_20260927\src\localization_payload.lua","experiment","experiments","unreviewed",""
"experiments\source\mods-drive\Control_Center\staging\compiled_single_template_probe_20260927\src\mod.lua","experiment","experiments","unreviewed",""
"experiments\source\mods-drive\Control_Center\staging\compiled_visual_field_probe_bed_20260927\src\localization_payload.lua","experiment","experiments","unreviewed",""
"experiments\source\mods-drive\Control_Center\staging\compiled_visual_field_probe_bed_20260927\src\mod.lua","experiment","experiments","unreviewed",""
"experiments\source\mods-drive\Control_Center\staging\compiled_visual_substitution_probe_20260927\src\localization_payload.lua","experiment","experiments","unreviewed",""
"experiments\source\mods-drive\Control_Center\staging\compiled_visual_substitution_probe_20260927\src\mod.lua","experiment","experiments","unreviewed",""
"experiments\source\mods-drive\Control_Center\test_run_latest.txt","experiment","experiments","unreviewed",""
"experiments\source\mods-drive\Control_Center\tests\test_ai_sequence_evidence.py","experiment","experiments","unreviewed",""
"experiments\source\mods-drive\Control_Center\tests\test_analyze_voxel_world_dependencies.py","experiment","experiments","unreviewed",""
"experiments\source\mods-drive\Control_Center\tests\test_animation_dependency_type_evidence.py","experiment","experiments","unreviewed",""
"experiments\source\mods-drive\Control_Center\tests\test_animation_graph_attachment_evidence.py","experiment","experiments","unreviewed",""
"experiments\source\mods-drive\Control_Center\tests\test_animation_graph_clone_evidence.py","experiment","experiments","unreviewed",""
"experiments\source\mods-drive\Control_Center\tests\test_animation_graph_dependency_evidence.py","experiment","experiments","unreviewed",""
"experiments\source\mods-drive\Control_Center\tests\test_animation_graph_donor_evidence.py","experiment","experiments","unreviewed",""
"experiments\source\mods-drive\Control_Center\tests\test_animation_graph_edit_evidence.py","experiment","experiments","unreviewed",""
"experiments\source\mods-drive\Control_Center\tests\test_api_capabilities.py","experiment","experiments","unreviewed",""
"experiments\source\mods-drive\Control_Center\tests\test_asset_import_boundary.py","experiment","experiments","unreviewed",""
"experiments\source\mods-drive\Control_Center\tests\test_asset_pipeline.py","experiment","experiments","unreviewed",""
"experiments\source\mods-drive\Control_Center\tests\test_asset_service.py","experiment","experiments","unreviewed",""
"experiments\source\mods-drive\Control_Center\tests\test_asset_substitution.py","experiment","experiments","unreviewed",""
"experiments\source\mods-drive\Control_Center\tests\test_blender_export_validator.py","experiment","experiments","unreviewed",""
"experiments\source\mods-drive\Control_Center\tests\test_build_animation_graph_variant_probe.py","experiment","experiments","unreviewed",""
"experiments\source\mods-drive\Control_Center\tests\test_build_catalog_preview_probe.py","experiment","experiments","unreviewed",""
"experiments\source\mods-drive\Control_Center\tests\test_build_documentation_bundle.py","experiment","experiments","unreviewed",""
"experiments\source\mods-drive\Control_Center\tests\test_build_profiles.py","experiment","experiments","unreviewed",""
"experiments\source\mods-drive\Control_Center\tests\test_build_recipe_customization_probe.py","experiment","experiments","unreviewed",""
"experiments\source\mods-drive\Control_Center\tests\test_build_registered_visual_probe.py","experiment","experiments","unreviewed",""
"experiments\source\mods-drive\Control_Center\tests\test_build_visual_candidate_probe.py","experiment","experiments","unreviewed",""
"experiments\source\mods-drive\Control_Center\tests\test_build_visual_substitution_evidence.py","experiment","experiments","unreviewed",""
"experiments\source\mods-drive\Control_Center\tests\test_build_visual_variant.py","experiment","experiments","unreviewed",""
"experiments\source\mods-drive\Control_Center\tests\test_build_world_generation_plan.py","experiment","experiments","unreviewed",""
"experiments\source\mods-drive\Control_Center\tests\test_builder_catalog.py","experiment","experiments","unreviewed",""
"experiments\source\mods-drive\Control_Center\tests\test_capability_status.py","experiment","experiments","unreviewed",""
"experiments\source\mods-drive\Control_Center\tests\test_capture_game_screenshot.py","experiment","experiments","unreviewed",""
"experiments\source\mods-drive\Control_Center\tests\test_catalog_editor.py","experiment","experiments","unreviewed",""
"experiments\source\mods-drive\Control_Center\tests\test_catalog_preview_batch_verifier.py","experiment","experiments","unreviewed",""
"experiments\source\mods-drive\Control_Center\tests\test_catalog_preview_batch.py","experiment","experiments","unreviewed",""
"experiments\source\mods-drive\Control_Center\tests\test_catalog_preview_matrix.py","experiment","experiments","unreviewed",""
"experiments\source\mods-drive\Control_Center\tests\test_catalog_preview.py","experiment","experiments","unreviewed",""
"experiments\source\mods-drive\Control_Center\tests\test_compatibility_shims.py","experiment","experiments","unreviewed",""
"experiments\source\mods-drive\Control_Center\tests\test_compatibility.py","experiment","experiments","unreviewed",""
"experiments\source\mods-drive\Control_Center\tests\test_compile_content_cli.py","experiment","experiments","unreviewed",""
"experiments\source\mods-drive\Control_Center\tests\test_content_classes.py","experiment","experiments","unreviewed",""
"experiments\source\mods-drive\Control_Center\tests\test_content_compiler.py","experiment","experiments","unreviewed",""
"experiments\source\mods-drive\Control_Center\tests\test_content_identity.py","experiment","experiments","unreviewed",""
"experiments\source\mods-drive\Control_Center\tests\test_content_patch.py","experiment","experiments","unreviewed",""
"experiments\source\mods-drive\Control_Center\tests\test_content_project.py","experiment","experiments","unreviewed",""
"experiments\source\mods-drive\Control_Center\tests\test_content_templates.py","experiment","experiments","unreviewed",""
"experiments\source\mods-drive\Control_Center\tests\test_content_validation.py","experiment","experiments","unreviewed",""
"experiments\source\mods-drive\Control_Center\tests\test_control_context.py","experiment","experiments","unreviewed",""
"experiments\source\mods-drive\Control_Center\tests\test_diagnostics.py","experiment","experiments","unreviewed",""
"experiments\source\mods-drive\Control_Center\tests\test_donor_browser.py","experiment","experiments","unreviewed",""
"experiments\source\mods-drive\Control_Center\tests\test_eml_build_evidence.py","experiment","experiments","unreviewed",""
"experiments\source\mods-drive\Control_Center\tests\test_enshrouded_save_reader.py","experiment","experiments","unreviewed",""
"experiments\source\mods-drive\Control_Center\tests\test_evidence.py","experiment","experiments","unreviewed",""
"experiments\source\mods-drive\Control_Center\tests\test_external_content_route_validator.py","experiment","experiments","unreviewed",""
"experiments\source\mods-drive\Control_Center\tests\test_find_visual_candidates.py","experiment","experiments","unreviewed",""
"experiments\source\mods-drive\Control_Center\tests\test_fog_voxel_mapping_evidence.py","experiment","experiments","unreviewed",""
"experiments\source\mods-drive\Control_Center\tests\test_fog_voxel_mapping_probe_contract.py","experiment","experiments","unreviewed",""
"experiments\source\mods-drive\Control_Center\tests\test_fork_maintenance.py","experiment","experiments","unreviewed",""
"experiments\source\mods-drive\Control_Center\tests\test_furniture_donor_coverage.py","experiment","experiments","unreviewed",""
"experiments\source\mods-drive\Control_Center\tests\test_furniture_matrix_evidence.py","experiment","experiments","unreviewed",""
"experiments\source\mods-drive\Control_Center\tests\test_furniture_probe_generator.py","experiment","experiments","unreviewed",""
"experiments\source\mods-drive\Control_Center\tests\test_fuzzing.py","experiment","experiments","unreviewed",""
"experiments\source\mods-drive\Control_Center\tests\test_gameplay_feasibility.py","experiment","experiments","unreviewed",""
"experiments\source\mods-drive\Control_Center\tests\test_health_report.py","experiment","experiments","unreviewed",""
"experiments\source\mods-drive\Control_Center\tests\test_icon_import_verifier.py","experiment","experiments","unreviewed",""
"experiments\source\mods-drive\Control_Center\tests\test_inspect_save_cli.py","experiment","experiments","unreviewed",""
"experiments\source\mods-drive\Control_Center\tests\test_installer.py","experiment","experiments","unreviewed",""
"experiments\source\mods-drive\Control_Center\tests\test_launcher.py","experiment","experiments","unreviewed",""
"experiments\source\mods-drive\Control_Center\tests\test_layout_migration.py","experiment","experiments","unreviewed",""
"experiments\source\mods-drive\Control_Center\tests\test_layout_stability.py","experiment","experiments","unreviewed",""
"experiments\source\mods-drive\Control_Center\tests\test_live_config.py","experiment","experiments","unreviewed",""
"experiments\source\mods-drive\Control_Center\tests\test_loader_adapter.py","experiment","experiments","unreviewed",""
"experiments\source\mods-drive\Control_Center\tests\test_local_mods.py","experiment","experiments","unreviewed",""
"experiments\source\mods-drive\Control_Center\tests\test_localization_debug.py","experiment","experiments","unreviewed",""
"experiments\source\mods-drive\Control_Center\tests\test_localization.py","experiment","experiments","unreviewed",""
"experiments\source\mods-drive\Control_Center\tests\test_lua_assistant.py","experiment","experiments","unreviewed",""
"experiments\source\mods-drive\Control_Center\tests\test_manager_feature_gate.py","experiment","experiments","unreviewed",""
"experiments\source\mods-drive\Control_Center\tests\test_migration_assistant.py","experiment","experiments","unreviewed",""
"experiments\source\mods-drive\Control_Center\tests\test_milestone_verifier.py","experiment","experiments","unreviewed",""
"experiments\source\mods-drive\Control_Center\tests\test_nexus.py","experiment","experiments","unreviewed",""
"experiments\source\mods-drive\Control_Center\tests\test_package_collections.py","experiment","experiments","unreviewed",""
"experiments\source\mods-drive\Control_Center\tests\test_package_security.py","experiment","experiments","unreviewed",""
"experiments\source\mods-drive\Control_Center\tests\test_package_service.py","experiment","experiments","unreviewed",""
"experiments\source\mods-drive\Control_Center\tests\test_plan_update_recovery.py","experiment","experiments","unreviewed",""
"experiments\source\mods-drive\Control_Center\tests\test_plan_visual_substitution_batch.py","experiment","experiments","unreviewed",""
"experiments\source\mods-drive\Control_Center\tests\test_platform_services.py","experiment","experiments","unreviewed",""
"experiments\source\mods-drive\Control_Center\tests\test_portable_launch_smoke.py","experiment","experiments","unreviewed",""
"experiments\source\mods-drive\Control_Center\tests\test_probe_evidence.py","experiment","experiments","unreviewed",""
"experiments\source\mods-drive\Control_Center\tests\test_profile_launch.py","experiment","experiments","unreviewed",""
"experiments\source\mods-drive\Control_Center\tests\test_publication.py","experiment","experiments","unreviewed",""
"experiments\source\mods-drive\Control_Center\tests\test_quest_prototype_evidence.py","experiment","experiments","unreviewed",""
"experiments\source\mods-drive\Control_Center\tests\test_recipe_customization_evidence.py","experiment","experiments","unreviewed",""
"experiments\source\mods-drive\Control_Center\tests\test_recipe_ui_adapter.py","experiment","experiments","unreviewed",""
"experiments\source\mods-drive\Control_Center\tests\test_recovery.py","experiment","experiments","unreviewed",""
"experiments\source\mods-drive\Control_Center\tests\test_registry.py","experiment","experiments","unreviewed",""
"experiments\source\mods-drive\Control_Center\tests\test_relationship_graph.py","experiment","experiments","unreviewed",""
"experiments\source\mods-drive\Control_Center\tests\test_release_service.py","experiment","experiments","unreviewed",""
"experiments\source\mods-drive\Control_Center\tests\test_report_module_graph.py","experiment","experiments","unreviewed",""
"experiments\source\mods-drive\Control_Center\tests\test_report_tuning_coverage.py","experiment","experiments","unreviewed",""
"experiments\source\mods-drive\Control_Center\tests\test_resource_inspector.py","experiment","experiments","unreviewed",""
"experiments\source\mods-drive\Control_Center\tests\test_retrofit_matrix.py","experiment","experiments","unreviewed",""
"experiments\source\mods-drive\Control_Center\tests\test_rotate_eml_logs.py","experiment","experiments","unreviewed",""
"experiments\source\mods-drive\Control_Center\tests\test_run_portable_launch_smoke.py","experiment","experiments","unreviewed",""
"experiments\source\mods-drive\Control_Center\tests\test_save_backup_cli.py","experiment","experiments","unreviewed",""
"experiments\source\mods-drive\Control_Center\tests\test_save_backup.py","experiment","experiments","unreviewed",""
"experiments\source\mods-drive\Control_Center\tests\test_scene_resource_family_evidence.py","experiment","experiments","unreviewed",""
"experiments\source\mods-drive\Control_Center\tests\test_scene_resource_family_probe_contract.py","experiment","experiments","unreviewed",""
"experiments\source\mods-drive\Control_Center\tests\test_scene_voxel_pair_evidence.py","experiment","experiments","unreviewed",""
"experiments\source\mods-drive\Control_Center\tests\test_scene_voxel_pair_probe_contract.py","experiment","experiments","unreviewed",""
"experiments\source\mods-drive\Control_Center\tests\test_schema_profiles.py","experiment","experiments","unreviewed",""
"experiments\source\mods-drive\Control_Center\tests\test_sdk.py","experiment","experiments","unreviewed",""
"experiments\source\mods-drive\Control_Center\tests\test_smoke_tests.py","experiment","experiments","unreviewed",""
"experiments\source\mods-drive\Control_Center\tests\test_studio_navigation.py","experiment","experiments","unreviewed",""
"experiments\source\mods-drive\Control_Center\tests\test_template_graph.py","experiment","experiments","unreviewed",""
"experiments\source\mods-drive\Control_Center\tests\test_trainer_table.py","experiment","experiments","unreviewed",""
"experiments\source\mods-drive\Control_Center\tests\test_typed_color_combination_evidence.py","experiment","experiments","unreviewed",""
"experiments\source\mods-drive\Control_Center\tests\test_ui_preview_fields.py","experiment","experiments","unreviewed",""
"experiments\source\mods-drive\Control_Center\tests\test_update_migration.py","experiment","experiments","unreviewed",""
"experiments\source\mods-drive\Control_Center\tests\test_update_recovery.py","experiment","experiments","unreviewed",""
"experiments\source\mods-drive\Control_Center\tests\test_validate_world_generation_plan.py","experiment","experiments","unreviewed",""
"experiments\source\mods-drive\Control_Center\tests\test_verified_bed_fixture.py","experiment","experiments","unreviewed",""
"experiments\source\mods-drive\Control_Center\tests\test_verify_asset_import_boundary.py","experiment","experiments","unreviewed",""
"experiments\source\mods-drive\Control_Center\tests\test_verify_authoring_templates.py","experiment","experiments","unreviewed",""
"experiments\source\mods-drive\Control_Center\tests\test_verify_game_screenshot_evidence.py","experiment","experiments","unreviewed",""
"experiments\source\mods-drive\Control_Center\tests\test_verify_installer_source.py","experiment","experiments","unreviewed",""
"experiments\source\mods-drive\Control_Center\tests\test_verify_interaction_probe.py","experiment","experiments","unreviewed",""
"experiments\source\mods-drive\Control_Center\tests\test_verify_live_loader.py","experiment","experiments","unreviewed",""
"experiments\source\mods-drive\Control_Center\tests\test_verify_localization_session_evidence.py","experiment","experiments","unreviewed",""
"experiments\source\mods-drive\Control_Center\tests\test_verify_milestone.py","experiment","experiments","unreviewed",""
"experiments\source\mods-drive\Control_Center\tests\test_verify_post_rollback_stable_launch.py","experiment","experiments","unreviewed",""
"experiments\source\mods-drive\Control_Center\tests\test_verify_release.py","experiment","experiments","unreviewed",""
"experiments\source\mods-drive\Control_Center\tests\test_verify_save_backup_evidence.py","experiment","experiments","unreviewed",""
"experiments\source\mods-drive\Control_Center\tests\test_verify_template_candidate.py","experiment","experiments","unreviewed",""
"experiments\source\mods-drive\Control_Center\tests\test_verify_tuning_coverage.py","experiment","experiments","unreviewed",""
"experiments\source\mods-drive\Control_Center\tests\test_verify_visual_substitution_batch.py","experiment","experiments","unreviewed",""
"experiments\source\mods-drive\Control_Center\tests\test_verify_visual_substitution_session.py","experiment","experiments","unreviewed",""
"experiments\source\mods-drive\Control_Center\tests\test_visual_candidate_dependencies.py","experiment","experiments","unreviewed",""
"experiments\source\mods-drive\Control_Center\tests\test_visual_colors.py","experiment","experiments","unreviewed",""
"experiments\source\mods-drive\Control_Center\tests\test_visual_substitution_matrix.py","experiment","experiments","unreviewed",""
"experiments\source\mods-drive\Control_Center\tests\test_voxel_material_full_evidence.py","experiment","experiments","unreviewed",""
"experiments\source\mods-drive\Control_Center\tests\test_voxel_material_guid_evidence.py","experiment","experiments","unreviewed",""
"experiments\source\mods-drive\Control_Center\tests\test_voxel_material_guid_probe_contract.py","experiment","experiments","unreviewed",""
"experiments\source\mods-drive\Control_Center\tests\test_voxel_world_dependency_evidence.py","experiment","experiments","unreviewed",""
"experiments\source\mods-drive\Control_Center\tests\test_voxel_world_donor_evidence.py","experiment","experiments","unreviewed",""
"experiments\source\mods-drive\Control_Center\tests\test_voxel_world_probe_contract.py","experiment","experiments","unreviewed",""
"experiments\source\mods-drive\Control_Center\tests\test_water_displacing_evidence.py","experiment","experiments","unreviewed",""
"experiments\source\mods-drive\Control_Center\tests\test_water_resource_evidence_unittest.py","experiment","experiments","unreviewed",""
"experiments\source\mods-drive\Control_Center\tests\test_water_world_donor_evidence.py","experiment","experiments","unreviewed",""
"experiments\source\mods-drive\Control_Center\tests\test_water_world_probe_contract.py","experiment","experiments","unreviewed",""
"experiments\source\mods-drive\Control_Center\tools\_install_control_probe.py","experiment","experiments","unreviewed",""
"experiments\source\mods-drive\Control_Center\tools\build_animation_graph_variant_probe.py","experiment","experiments","unreviewed",""
"experiments\source\mods-drive\Control_Center\tools\build_behavior_probe.py","experiment","experiments","unreviewed",""
"experiments\source\mods-drive\Control_Center\tools\build_catalog_preview_probe.py","experiment","experiments","unreviewed",""
"experiments\source\mods-drive\Control_Center\tools\build_furniture_clone_probe.py","experiment","experiments","unreviewed",""
"experiments\source\mods-drive\Control_Center\tools\build_interaction_donor_probe.py","experiment","experiments","unreviewed",""
"experiments\source\mods-drive\Control_Center\tools\build_localization_collection_probe.py","experiment","experiments","unreviewed",""
"experiments\source\mods-drive\Control_Center\tools\build_localization_locale_probe.py","experiment","experiments","unreviewed",""
"experiments\source\mods-drive\Control_Center\tools\build_localization_probe.py","experiment","experiments","unreviewed",""
"experiments\source\mods-drive\Control_Center\tools\build_recipe_customization_probe.py","experiment","experiments","unreviewed",""
"experiments\source\mods-drive\Control_Center\tools\build_registered_visual_probe.py","experiment","experiments","unreviewed",""
"experiments\source\mods-drive\Control_Center\tools\build_visual_candidate_probe.py","experiment","experiments","unreviewed",""
"experiments\source\mods-drive\Control_Center\tools\capture_game_screenshot.py","experiment","experiments","unreviewed",""
"experiments\source\mods-drive\Control_Center\tools\prepare_probe_session.py","experiment","experiments","unreviewed",""
"experiments\source\mods-drive\Control_Center\tools\verify_interaction_probe.py","experiment","experiments","unreviewed",""
"experiments\source\mods-drive\Control_Center\tools\verify_probe_generators.py","experiment","experiments","unreviewed",""
"experiments\source\mods-drive\Control_Center\tools\verify_probe_session.py","experiment","experiments","unreviewed",""
"experiments\source\mods-drive\EmberVault-Control-Center\tests\test_application.py","experiment","experiments","unreviewed",""
"experiments\source\mods-drive\EmberVault-Control-Center\tests\test_core_migrations.py","experiment","experiments","unreviewed",""
"experiments\source\mods-drive\EmberVault-Control-Center\tests\test_core.py","experiment","experiments","unreviewed",""
"experiments\source\mods-drive\EmberVault-Control-Center\tests\test_modules.py","experiment","experiments","unreviewed",""
"experiments\source\mods-drive\EmberVault-Control-Center\tests\test_packaging.py","experiment","experiments","unreviewed",""
"experiments\source\mods-drive\EmberVault-Control-Center\tests\test_save_manager.py","experiment","experiments","unreviewed",""
"experiments\source\mods-drive\EmberVault-Control-Center\tests\test_save_workflow.py","experiment","experiments","unreviewed",""
"experiments\source\mods-drive\EmberVault\tests\test_community_service.py","experiment","experiments","unreviewed",""
"experiments\source\mods-drive\Emberworks\tests\test_chiselcraft.py","experiment","experiments","unreviewed",""
"experiments\source\mods-drive\Emberworks\tests\test_creation_probe.py","experiment","experiments","unreviewed",""
"experiments\source\mods-drive\Emberworks\tests\test_distribution.py","experiment","experiments","unreviewed",""
"experiments\source\mods-drive\Emberworks\tests\test_donor_catalog.py","experiment","experiments","unreviewed",""
"experiments\source\mods-drive\Emberworks\tests\test_ecosystem_integration.py","experiment","experiments","unreviewed",""
"experiments\source\mods-drive\Emberworks\tests\test_framed_architecture.py","experiment","experiments","unreviewed",""
"experiments\source\mods-drive\Emberworks\tests\test_history.py","experiment","experiments","unreviewed",""
"experiments\source\mods-drive\Emberworks\tests\test_kinetic.py","experiment","experiments","unreviewed",""
"experiments\source\mods-drive\Emberworks\tests\test_library.py","experiment","experiments","unreviewed",""
"experiments\source\mods-drive\Emberworks\tests\test_packager.py","experiment","experiments","unreviewed",""
"experiments\source\mods-drive\Emberworks\tests\test_preview.py","experiment","experiments","unreviewed",""
"experiments\source\mods-drive\Emberworks\tests\test_public_exports.py","experiment","experiments","unreviewed",""
"experiments\source\mods-drive\Emberworks\tests\test_registry.py","experiment","experiments","unreviewed",""
"experiments\source\mods-drive\Emberworks\tests\test_restoration.py","experiment","experiments","unreviewed",""
"experiments\source\mods-drive\Emberworks\tests\test_ui_probe.py","experiment","experiments","unreviewed",""
"experiments\source\mods-drive\Emberworks\tests\test_wand.py","experiment","experiments","unreviewed",""
"experiments\source\mods-drive\Emberworks\tests\test_worldwright.py","experiment","experiments","unreviewed",""
"experiments\source\mods-drive\Emberworks\tests\test_zooping.py","experiment","experiments","unreviewed",""
"experiments\source\mods-drive\Export\Test_Builds\EMH-EML-DISCOVERY-FIX-2026-09-24\EMH_EML_FIX_VERIFICATION_REPORT.md","experiment","experiments","unreviewed",""
"experiments\source\mods-drive\Incoming\2026-09-18\INC-0020\agent_verification_transcript.txt","experiment","experiments","unreviewed",""
"experiments\source\mods-drive\Incoming\2026-09-18\INC-0022\semantic_patch_qualification_transcript.txt","experiment","experiments","unreviewed",""
"experiments\source\mods-drive\Incoming\2026-09-19\INC-0044\siteA_probe_implementation_transcript.txt","experiment","experiments","unreviewed",""
"experiments\source\mods-drive\Incoming\2026-09-19\INC-0045\siteA_probe_qualification_report.md","experiment","experiments","unreviewed",""
"experiments\source\mods-drive\Incoming\2026-09-19\INC-0045\siteA_probe_qualification_transcript.txt","experiment","experiments","unreviewed",""
"experiments\source\mods-drive\Incoming\2026-09-19\INC-0046\siteA_probe_safety_closure_report.md","experiment","experiments","unreviewed",""
"experiments\source\mods-drive\Incoming\2026-09-19\INC-0046\siteA_probe_safety_closure_transcript.md","experiment","experiments","unreviewed",""
"experiments\source\mods-drive\tools\_install_control_probe.py","experiment","experiments","unreviewed",""
"research\source\mods-drive\Architect_Mod\Code_History\CODE-0037-working\architect_toolkit\bridge\analysis\latest_semantic_capture_report.md","research","experiments","unreviewed",""
"research\source\mods-drive\Architect_Mod\Code_History\CODE-0037-working\architect_toolkit\temp_zip\architect_toolkit\bridge\analysis\latest_semantic_capture_report.md","research","experiments","unreviewed",""
"research\source\mods-drive\Architect_Mod\Code_History\CODE-0044A\candidate\bridge\analysis\latest_semantic_capture_report.md","research","experiments","unreviewed",""
"research\source\mods-drive\Control_Center_Next\knowledge\guides\RESEARCH_PROBE_GUIDE.md","research","experiments","unreviewed",""
"research\source\mods-drive\Control_Center\docs\RESEARCH_PROBE_GUIDE.md","research","experiments","unreviewed",""
"research\source\mods-drive\Control_Center\research\CONTENT_DONOR_PROBE_QUICKSTART.md","research","experiments","unreviewed",""
"research\source\mods-drive\Control_Center\research\FULL_ICON_MODEL_BED_PROBE_EVIDENCE_20260927.md","research","experiments","unreviewed",""
"research\source\mods-drive\Control_Center\research\FULL_ICON_MODEL_BED_PROBE_V2_EVIDENCE_20260927.md","research","experiments","unreviewed",""
"research\source\mods-drive\Control_Center\research\INTERACTION_PROBE_CONTRACT_20260927.md","research","experiments","unreviewed",""
"research\source\mods-drive\Control_Center\research\LOCALIZATION_PROBE_SMOKE_ATTEMPT_20260927.md","research","experiments","unreviewed",""
"research\source\mods-drive\Control_Center\research\probe_sessions\actor_sequence_event_graph_cycle_20260928\staged_probe\src\mod.lua","research","experiments","unreviewed",""
"research\source\mods-drive\Control_Center\research\probe_sessions\actor_sequence_guid_lookup_cycle_20260928\staged_probe\src\mod.lua","research","experiments","unreviewed",""
"research\source\mods-drive\Control_Center\research\probe_sessions\actor_sequence_resource_cycle_20260928\staged_probe\src\mod.lua","research","experiments","unreviewed",""
"research\source\mods-drive\Control_Center\research\probe_sessions\animation_dependency_type_cycle_20260928\staged_probe\src\mod.lua","research","experiments","unreviewed",""
"research\source\mods-drive\Control_Center\research\probe_sessions\animation_graph_dependency_cycle_20260928\staged_probe\src\mod.lua","research","experiments","unreviewed",""
"research\source\mods-drive\Control_Center\research\probe_sessions\animation_graph_identity_clone_cycle_20260928\staged_probe\src\mod.lua","research","experiments","unreviewed",""
"research\source\mods-drive\Control_Center\research\probe_sessions\animation_graph_idle_variant_cycle_20260928\staged_probe\src\mod.lua","research","experiments","unreviewed",""
"research\source\mods-drive\Control_Center\research\probe_sessions\animation_graph_npc_attachment_cycle_20260928_r2\staged_probe\src\mod.lua","research","experiments","unreviewed",""
"research\source\mods-drive\Control_Center\research\probe_sessions\animation_graph_npc_attachment_cycle_20260928\staged_probe\src\mod.lua","research","experiments","unreviewed",""
"research\source\mods-drive\Control_Center\research\probe_sessions\animation_graph_single_donor_cycle_20260928\staged_probe\src\mod.lua","research","experiments","unreviewed",""
"research\source\mods-drive\Control_Center\research\probe_sessions\blender_render_model_round_trip_cycle_20260928_104802\staged_probe\src\mod.lua","research","experiments","unreviewed",""
"research\source\mods-drive\Control_Center\research\probe_sessions\catalog_icon_fallback_cycle_20260928_r1\staged_probe\src\mod.lua","research","experiments","unreviewed",""
"research\source\mods-drive\Control_Center\research\probe_sessions\catalog_preview_image_only_cycle_20260928_r2\staged_probe\src\mod.lua","research","experiments","unreviewed",""
"research\source\mods-drive\Control_Center\research\probe_sessions\catalog_preview_image_only_cycle_20260928_r3\staged_probe\src\mod.lua","research","experiments","unreviewed",""
"research\source\mods-drive\Control_Center\research\probe_sessions\catalog_preview_image_only_cycle_20260928_r5\staged_probe\src\mod.lua","research","experiments","unreviewed",""
"research\source\mods-drive\Control_Center\research\probe_sessions\catalog_preview_image_only_cycle_20260928_r6\staged_probe\src\mod.lua","research","experiments","unreviewed",""
"research\source\mods-drive\Control_Center\research\probe_sessions\enemy_action_sequence_resource_cycle_20260928\staged_probe\src\mod.lua","research","experiments","unreviewed",""
"research\source\mods-drive\Control_Center\research\probe_sessions\enemy_arsenal_attack_scan_cycle_20260928\staged_probe\src\mod.lua","research","experiments","unreviewed",""
"research\source\mods-drive\Control_Center\research\probe_sessions\enemy_arsenal_dependency_cycle_20260928\staged_probe\src\mod.lua","research","experiments","unreviewed",""
"research\source\mods-drive\Control_Center\research\probe_sessions\enemy_arsenal_enumeration_cycle_20260928\staged_probe\src\mod.lua","research","experiments","unreviewed",""
"research\source\mods-drive\Control_Center\research\probe_sessions\enemy_arsenal_graph_entry_cycle_20260928\staged_probe\src\mod.lua","research","experiments","unreviewed",""
"research\source\mods-drive\Control_Center\research\probe_sessions\enemy_arsenal_payload_read_cycle_20260928_r2\staged_probe\src\mod.lua","research","experiments","unreviewed",""
"research\source\mods-drive\Control_Center\research\probe_sessions\enemy_arsenal_payload_read_cycle_20260928\staged_probe\src\mod.lua","research","experiments","unreviewed",""
"research\source\mods-drive\Control_Center\research\probe_sessions\enemy_arsenal_sequence_cycle_20260928\staged_probe\src\mod.lua","research","experiments","unreviewed",""
"research\source\mods-drive\Control_Center\research\probe_sessions\enemy_arsenal_sequence_pairs_cycle_20260928\staged_probe\src\mod.lua","research","experiments","unreviewed",""
"research\source\mods-drive\Control_Center\research\probe_sessions\enemy_behavior_action_cycle_20260928\staged_probe\src\mod.lua","research","experiments","unreviewed",""
"research\source\mods-drive\Control_Center\research\probe_sessions\enemy_behavior_helper_cycle_20260928\staged_probe\src\mod.lua","research","experiments","unreviewed",""
"research\source\mods-drive\Control_Center\research\probe_sessions\enemy_behavior_variant_cycle_20260928\staged_probe\src\mod.lua","research","experiments","unreviewed",""
"research\source\mods-drive\Control_Center\research\probe_sessions\fog_voxel_mapping_cycle_20260928\staged_probe\src\mod.lua","research","experiments","unreviewed",""
"research\source\mods-drive\Control_Center\research\probe_sessions\gameplay_schema_cycle_20260928\staged_probe\src\mod.lua","research","experiments","unreviewed",""
"research\source\mods-drive\Control_Center\research\probe_sessions\localization_cycle_20260928_r1\staged_probe\src\mod.lua","research","experiments","unreviewed",""
"research\source\mods-drive\Control_Center\research\probe_sessions\quarantine_catalog_preview_image_only_cycle_20260928_r1_incomplete\staged_probe\src\mod.lua","research","experiments","unreviewed",""
"research\source\mods-drive\Control_Center\research\probe_sessions\scene_voxel_pair_cycle_20260928\staged_probe\src\mod.lua","research","experiments","unreviewed",""
"research\source\mods-drive\Control_Center\research\probe_sessions\visual_material_substitution_cycle_20260928_r1\RESEARCH_CYCLE.json\staged_probe\src\mod.lua","research","experiments","unreviewed",""
"research\source\mods-drive\Control_Center\research\probe_sessions\visual_material_substitution_cycle_20260928_r1\staged_probe\src\mod.lua","research","experiments","unreviewed",""
"research\source\mods-drive\Control_Center\research\probe_sessions\visual_material_substitution_cycle_20260928_r2\RESEARCH_CYCLE.json\staged_probe\src\mod.lua","research","experiments","unreviewed",""
"research\source\mods-drive\Control_Center\research\probe_sessions\visual_material_substitution_cycle_20260928_r2\staged_probe\src\mod.lua","research","experiments","unreviewed",""
"research\source\mods-drive\Control_Center\research\probe_sessions\visual_material_substitution_cycle_20260928_r3\RESEARCH_CYCLE.json\staged_probe\src\mod.lua","research","experiments","unreviewed",""
"research\source\mods-drive\Control_Center\research\probe_sessions\visual_material_substitution_cycle_20260928_r3\staged_probe\src\mod.lua","research","experiments","unreviewed",""
"research\source\mods-drive\Control_Center\research\probe_sessions\visual_material_substitution_cycle_20260928_r4\RESEARCH_CYCLE.json\staged_probe\src\mod.lua","research","experiments","unreviewed",""
"research\source\mods-drive\Control_Center\research\probe_sessions\visual_material_substitution_cycle_20260928_r4\staged_probe\src\mod.lua","research","experiments","unreviewed",""
"research\source\mods-drive\Control_Center\research\probe_sessions\visual_substitution_catalog_preview_session_20260928.md","research","experiments","unreviewed",""
"research\source\mods-drive\Control_Center\research\probe_sessions\visual_substitution_cycle_20260928_r3\staged_probe\src\mod.lua","research","experiments","unreviewed",""
"research\source\mods-drive\Control_Center\research\probe_sessions\visual_substitution_cycle_20260928_r4\staged_probe\src\mod.lua","research","experiments","unreviewed",""
"research\source\mods-drive\Control_Center\research\probe_sessions\visual_substitution_cycle_20260928_r5\staged_probe\src\mod.lua","research","experiments","unreviewed",""
"research\source\mods-drive\Control_Center\research\probe_sessions\visual_substitution_cycle_20260928_r6\staged_probe\src\mod.lua","research","experiments","unreviewed",""
"research\source\mods-drive\Control_Center\research\probe_sessions\voxel_material_guid_type_cycle_20260928\staged_probe\src\mod.lua","research","experiments","unreviewed",""
"research\source\mods-drive\Control_Center\research\probe_sessions\voxel_world_single_donor_cycle_20260928\staged_probe\src\mod.lua","research","experiments","unreviewed",""
"research\source\mods-drive\Control_Center\research\probe_sessions\water_displacing_cycle_20260928\staged_probe\src\mod.lua","research","experiments","unreviewed",""
"research\source\mods-drive\Control_Center\research\probe_sessions\water_world_single_donor_cycle_20260928\staged_probe\src\mod.lua","research","experiments","unreviewed",""
"research\source\mods-drive\Control_Center\research\probes\actor_sequence_identity_clone_1076226\src\mod.lua","research","experiments","unreviewed",""
"research\source\mods-drive\Control_Center\research\probes\animation_dependency_type_probe_1076226\src\mod.lua","research","experiments","unreviewed",""
"research\source\mods-drive\Control_Center\research\probes\animation_graph_dependency_probe_1076226\src\mod.lua","research","experiments","unreviewed",""
"research\source\mods-drive\Control_Center\research\probes\animation_graph_identity_clone_1076226\src\mod.lua","research","experiments","unreviewed",""
"research\source\mods-drive\Control_Center\research\probes\animation_graph_idle_variant_1076226\src\mod.lua","research","experiments","unreviewed",""
"research\source\mods-drive\Control_Center\research\probes\animation_graph_npc_attachment_1076226\src\mod.lua","research","experiments","unreviewed",""
"research\source\mods-drive\Control_Center\research\probes\animation_graph_single_donor_probe_1076226\src\mod.lua","research","experiments","unreviewed",""
"research\source\mods-drive\Control_Center\research\probes\animation_world_schema_probe_1076226\src\mod.lua","research","experiments","unreviewed",""
"research\source\mods-drive\Control_Center\research\probes\balancing_table_read_batch_safe_20260929\src\mod.lua","research","experiments","unreviewed",""
"research\source\mods-drive\Control_Center\research\probes\balancing_table_scalar_write_safe_20260929\src\mod.lua","research","experiments","unreviewed",""
"research\source\mods-drive\Control_Center\research\probes\bed_clone_injection_1076226\src\mod.lua","research","experiments","unreviewed",""
"research\source\mods-drive\Control_Center\research\probes\bench_clone_1076226\src\mod.lua","research","experiments","unreviewed",""
"research\source\mods-drive\Control_Center\research\probes\catalog_preview_cleared_fallbacks_20260929\src\mod.lua","research","experiments","unreviewed",""
"research\source\mods-drive\Control_Center\research\probes\catalog_preview_registration_only_20260929\src\mod.lua","research","experiments","unreviewed",""
"research\source\mods-drive\Control_Center\research\probes\catalog_preview_zero_guid_fallbacks_20260929\src\mod.lua","research","experiments","unreviewed",""
"research\source\mods-drive\Control_Center\research\probes\catalog_trace_1076226\src\mod.lua","research","experiments","unreviewed",""
"research\source\mods-drive\Control_Center\research\probes\chair_stool_clone_1076226\src\mod.lua","research","experiments","unreviewed",""
"research\source\mods-drive\Control_Center\research\probes\chair_stool_clone_probe_20260929\src\mod.lua","research","experiments","unreviewed",""
"research\source\mods-drive\Control_Center\research\probes\combined_localized_bed_1076226\src\mod.lua","research","experiments","unreviewed",""
"research\source\mods-drive\Control_Center\research\probes\combined_localized_bed_v2_1076226\src\mod.lua","research","experiments","unreviewed",""
"research\source\mods-drive\Control_Center\research\probes\content_donor_probe_1076226\src\mod.lua","research","experiments","unreviewed",""
"research\source\mods-drive\Control_Center\research\probes\donor_icon_bed_v1_1076226\src\mod.lua","research","experiments","unreviewed",""
"research\source\mods-drive\Control_Center\research\probes\fog_voxel_mapping_single_donor_probe_36234b22_1076226\src\mod.lua","research","experiments","unreviewed",""
"research\source\mods-drive\Control_Center\research\probes\furniture_makeshift_bed_20260928\src\mod.lua","research","experiments","unreviewed",""
"research\source\mods-drive\Control_Center\research\probes\furniture_tier_five_bed_20260928\src\mod.lua","research","experiments","unreviewed",""
"research\source\mods-drive\Control_Center\research\probes\furniture_tier_two_bed_20260928\src\mod.lua","research","experiments","unreviewed",""
"research\source\mods-drive\Control_Center\research\probes\icon_field_assignment_boundary_20260929\src\mod.lua","research","experiments","unreviewed",""
"research\source\mods-drive\Control_Center\research\probes\icon_zero_guid_assignment_boundary_20260929\src\mod.lua","research","experiments","unreviewed",""
"research\source\mods-drive\Control_Center\research\probes\journal_quest_resource_create_probe_1076226\src\mod.lua","research","experiments","unreviewed",""
"research\source\mods-drive\Control_Center\research\probes\journal_registry_identity_clone_1076226\src\mod.lua","research","experiments","unreviewed",""
"research\source\mods-drive\Control_Center\research\probes\journal_registry_schema_probe_1076226\src\mod.lua","research","experiments","unreviewed",""
"research\source\mods-drive\Control_Center\research\probes\knowledge_query_schema_probe_1076226\src\mod.lua","research","experiments","unreviewed",""
"research\source\mods-drive\Control_Center\research\probes\localization_collection_only_20260928\src\mod.lua","research","experiments","unreviewed",""
"research\source\mods-drive\Control_Center\research\probes\localization_tag_only_1076226_v2\src\mod.lua","research","experiments","unreviewed",""
"research\source\mods-drive\Control_Center\research\probes\localized_bed_1076226\src\mod.lua","research","experiments","unreviewed",""
"research\source\mods-drive\Control_Center\research\probes\localized_bed_english_only_20260928_r2\src\mod.lua","research","experiments","unreviewed",""
"research\source\mods-drive\Control_Center\research\probes\localized_bed_english_only_20260928\src\mod.lua","research","experiments","unreviewed",""
"research\source\mods-drive\Control_Center\research\probes\localized_bed_label_1076226\src\mod.lua","research","experiments","unreviewed",""
"research\source\mods-drive\Control_Center\research\probes\localized_bed_label_v2_1076226\src\mod.lua","research","experiments","unreviewed",""
"research\source\mods-drive\Control_Center\research\probes\recipe_customization_20260928\src\mod.lua","research","experiments","unreviewed",""
"research\source\mods-drive\Control_Center\research\probes\recipe_customization_bounded_20260928\src\mod.lua","research","experiments","unreviewed",""
"research\source\mods-drive\Control_Center\research\probes\recipe_customization_bounded_r2_20260928\src\mod.lua","research","experiments","unreviewed",""
"research\source\mods-drive\Control_Center\research\probes\recipe_customization_knowledge_20260928\src\mod.lua","research","experiments","unreviewed",""
"research\source\mods-drive\Control_Center\research\probes\recipe_customization_knowledge_r2_20260928\src\mod.lua","research","experiments","unreviewed",""
"research\source\mods-drive\Control_Center\research\probes\recipe_customization_schema_20260928\src\mod.lua","research","experiments","unreviewed",""
"research\source\mods-drive\Control_Center\research\probes\recipe_customization_workshop_20260928\src\mod.lua","research","experiments","unreviewed",""
"research\source\mods-drive\Control_Center\research\probes\registered_visual_substitution_1076226\src\mod.lua","research","experiments","unreviewed",""
"research\source\mods-drive\Control_Center\research\probes\scene_voxel_pair_probe_36234b22_1076226\src\mod.lua","research","experiments","unreviewed",""
"research\source\mods-drive\Control_Center\research\probes\template_guid_lookup_probe_1076226_live_staging_20260927\src\mod.lua","research","experiments","unreviewed",""
"research\source\mods-drive\Control_Center\research\probes\template_guid_lookup_probe_1076226\src\mod.lua","research","experiments","unreviewed",""
"research\source\mods-drive\Control_Center\research\probes\template_model_edge_probe_159b_1076226_live_staging_20260927\src\mod.lua","research","experiments","unreviewed",""
"research\source\mods-drive\Control_Center\research\probes\template_model_edge_probe_159b_1076226\src\mod.lua","research","experiments","unreviewed",""
"research\source\mods-drive\Control_Center\research\probes\template_resource_lookup_1076226\src\mod.lua","research","experiments","unreviewed",""
"research\source\mods-drive\Control_Center\research\probes\template_type_name_probe_1076226_live_staging_20260927\src\mod.lua","research","experiments","unreviewed",""
"research\source\mods-drive\Control_Center\research\probes\template_type_name_probe_1076226\src\mod.lua","research","experiments","unreviewed",""
"research\source\mods-drive\Control_Center\research\probes\visual_candidate_159b_1076226_live_staging_20260927b\src\mod.lua","research","experiments","unreviewed",""
"research\source\mods-drive\Control_Center\research\probes\visual_candidate_159b_1076226_live_staging_20260927c\src\mod.lua","research","experiments","unreviewed",""
"research\source\mods-drive\Control_Center\research\probes\visual_candidate_159b_1076226_live_staging_backup\src\mod.lua","research","experiments","unreviewed",""
"research\source\mods-drive\Control_Center\research\probes\visual_candidate_159b_1076226\src\mod.lua","research","experiments","unreviewed",""
"research\source\mods-drive\Control_Center\research\probes\visual_candidate_159b_generated_20260927\src\mod.lua","research","experiments","unreviewed",""
"research\source\mods-drive\Control_Center\research\probes\visual_candidate_graph_probe_1076226_v2\src\mod.lua","research","experiments","unreviewed",""
"research\source\mods-drive\Control_Center\research\probes\voxel_material_guid_type_probe_1076226\src\mod.lua","research","experiments","unreviewed",""
"research\source\mods-drive\Control_Center\research\probes\voxel_world_single_donor_probe_1076226\src\mod.lua","research","experiments","unreviewed",""
"research\source\mods-drive\Control_Center\research\probes\water_displacing_single_donor_probe_36234b22_1076226\src\mod.lua","research","experiments","unreviewed",""
"research\source\mods-drive\Control_Center\research\probes\water_world_single_donor_probe_36234b22_1076226\src\mod.lua","research","experiments","unreviewed",""
"research\source\mods-drive\Control_Center\research\probes\z_donor_icon_override_1076226\src\mod.lua","research","experiments","unreviewed",""
"research\source\mods-drive\Control_Center\research\staging\catalog_icon_fallback_probe_20260928\src\mod.lua","research","experiments","unreviewed",""
"research\source\mods-drive\Control_Center\research\staging\chair_stool_clone_probe_1076226\src\mod.lua","research","experiments","unreviewed",""
"research\source\mods-drive\Control_Center\research\staging\enemy_action_sequence_resource_probe_1076226\src\mod.lua","research","experiments","unreviewed",""
"research\source\mods-drive\Control_Center\research\staging\enemy_arsenal_attack_scan_probe_1076226\src\mod.lua","research","experiments","unreviewed",""
"research\source\mods-drive\Control_Center\research\staging\enemy_arsenal_dependency_probe_1076226\src\mod.lua","research","experiments","unreviewed",""
"research\source\mods-drive\Control_Center\research\staging\enemy_arsenal_enumeration_probe_1076226\src\mod.lua","research","experiments","unreviewed",""
"research\source\mods-drive\Control_Center\research\staging\enemy_arsenal_graph_entry_probe_1076226\src\mod.lua","research","experiments","unreviewed",""
"research\source\mods-drive\Control_Center\research\staging\enemy_arsenal_payload_read_probe_1076226\src\mod.lua","research","experiments","unreviewed",""
"research\source\mods-drive\Control_Center\research\staging\enemy_arsenal_sequence_probe_1076226\src\mod.lua","research","experiments","unreviewed",""
"research\source\mods-drive\Control_Center\research\staging\enemy_behavior_action_probe_1076226\src\mod.lua","research","experiments","unreviewed",""
"research\source\mods-drive\Control_Center\research\staging\enemy_behavior_helper_probe_1076226\src\mod.lua","research","experiments","unreviewed",""
"research\source\mods-drive\Control_Center\research\staging\enemy_behavior_variant_probe_1076226\src\mod.lua","research","experiments","unreviewed",""
"research\source\mods-drive\Control_Center\research\staging\live_probe_recovery_20260927\src\mod.lua","research","experiments","unreviewed",""
"research\source\mods-drive\Control_Center\research\staging\localization_probe_recovery_20260927\src\mod.lua","research","experiments","unreviewed",""
"research\source\mods-drive\Control_Center\research\staging\localization_probe_recovery_retry_20260927\src\mod.lua","research","experiments","unreviewed",""
"research\source\mods-drive\Control_Center\research\staging\registered_visual_substitution_probe_20260928\src\mod.lua","research","experiments","unreviewed",""
"research\source\mods-drive\Control_Center\research\staging\typed_color_combination_probe_20260930_r2\src\mod.lua","research","experiments","unreviewed",""
"research\source\mods-drive\Control_Center\research\VISUAL_CANDIDATE_GRAPH_PROBE_V2_20260927.md","research","experiments","unreviewed",""
"research\source\mods-drive\Control_Center\research\VISUAL_CANDIDATE_STEAM_PROBE_EVIDENCE_20260927.md","research","experiments","unreviewed",""
"research\source\mods-drive\Control_Center\research\VISUAL_PROBE_LIVE_GATE_20260927.md","research","experiments","unreviewed",""
"research\source\mods-drive\Control_Center\research\VISUAL_SUBSTITUTION_PROBE_EVIDENCE_20260927.md","research","experiments","unreviewed",""
"research\source\mods-drive\Control_Center\tests\test_audit_documentation.py","research","experiments","unreviewed",""
"research\source\mods-drive\Control_Center\tests\test_install_research_probe.py","research","experiments","unreviewed",""
"research\source\mods-drive\Control_Center\tests\test_launch_research_session.py","research","experiments","unreviewed",""
"research\source\mods-drive\Control_Center\tests\test_persistence_analysis.py","research","experiments","unreviewed",""
"research\source\mods-drive\Control_Center\tests\test_prepare_research_cycle.py","research","experiments","unreviewed",""
"research\source\mods-drive\Control_Center\tests\test_research_lab.py","research","experiments","unreviewed",""
"research\source\mods-drive\Control_Center\tests\test_retrofit_audit.py","research","experiments","unreviewed",""
"research\source\mods-drive\Control_Center\tests\test_verify_completion_audit.py","research","experiments","unreviewed",""
"research\source\mods-drive\Control_Center\tests\test_verify_research_cycle.py","research","experiments","unreviewed",""
"research\source\mods-drive\Control_Center\tools\install_research_probe.py","research","experiments","unreviewed",""
"research\source\mods-drive\Emberworks\tests\test_completion_audit.py","research","experiments","unreviewed",""
"research\source\mods-drive\Incoming\2026-09-19\INC-0042\stamina_probe_micro_audit_summary.md","research","experiments","unreviewed",""
"research\source\mods-drive\Incoming\2026-09-19\INC-0042\stamina_probe_micro_audit_transcript.txt","research","experiments","unreviewed",""
"research\source\research-drive\Control_Center_2_v0.1 (1)\Control_Center_2\cc2\probe.py","research","experiments","unreviewed",""
"research\source\research-drive\Control_Center_2_v0.1 (1)\Control_Center_2\docs\PROBE_DEPLOYMENT_CHECKLIST.md","research","experiments","unreviewed",""
"research\source\research-drive\Control_Center_2_v0.1 (1)\Control_Center_2\docs\TEST_PLAN.md","research","experiments","unreviewed",""
"research\source\research-drive\Control_Center_2_v0.1 (1)\Control_Center_2\probe_mod\CC2_Research_Probe\src\mod.lua","research","experiments","unreviewed",""
"research\source\research-drive\Control_Center_2_v0.1 (1)\Control_Center_2\probes\observe_resources.lua","research","experiments","unreviewed",""
"research\source\research-drive\Control_Center_2_v0.1 (1)\Control_Center_2\tests\test_cc2.py","research","experiments","unreviewed",""
"research\source\research-drive\Control_Center_2_v0.1 (1)\Control_Center_2\workspace\backups\probe_20260924_120008_615346\src\mod.lua","research","experiments","unreviewed",""
"research\source\research-drive\Enshrouded Mods-20260918T044156Z-1-001\Enshrouded Mods\Architect_Mod\Evidence\Test_Results\latest_semantic_capture_report.md","research","experiments","unreviewed",""
"research\source\research-drive\Enshrouded Mods-20260918T044156Z-1-001\Enshrouded Mods\Architect_Mod\Experiments\Lua_Config_Lab\architect_lua_config_lab\__init__.py","research","experiments","unreviewed",""
"research\source\research-drive\Enshrouded Mods-20260918T044156Z-1-001\Enshrouded Mods\Architect_Mod\Experiments\Lua_Config_Lab\architect_lua_config_lab\app.py","research","experiments","unreviewed",""
"research\source\research-drive\Enshrouded Mods-20260918T044156Z-1-001\Enshrouded Mods\Architect_Mod\Experiments\Lua_Config_Lab\architect_lua_config_lab\config.py","research","experiments","unreviewed",""
"research\source\research-drive\Enshrouded Mods-20260918T044156Z-1-001\Enshrouded Mods\Architect_Mod\Experiments\Lua_Config_Lab\architect_lua_config_lab\core\__init__.py","research","experiments","unreviewed",""
"research\source\research-drive\Enshrouded Mods-20260918T044156Z-1-001\Enshrouded Mods\Architect_Mod\Experiments\Lua_Config_Lab\architect_lua_config_lab\core\cache.py","research","experiments","unreviewed",""
"research\source\research-drive\Enshrouded Mods-20260918T044156Z-1-001\Enshrouded Mods\Architect_Mod\Experiments\Lua_Config_Lab\architect_lua_config_lab\core\control_catalog.py","research","experiments","unreviewed",""
"research\source\research-drive\Enshrouded Mods-20260918T044156Z-1-001\Enshrouded Mods\Architect_Mod\Experiments\Lua_Config_Lab\architect_lua_config_lab\core\display.py","research","experiments","unreviewed",""
"research\source\research-drive\Enshrouded Mods-20260918T044156Z-1-001\Enshrouded Mods\Architect_Mod\Experiments\Lua_Config_Lab\architect_lua_config_lab\core\eml_template.py","research","experiments","unreviewed",""
"research\source\research-drive\Enshrouded Mods-20260918T044156Z-1-001\Enshrouded Mods\Architect_Mod\Experiments\Lua_Config_Lab\architect_lua_config_lab\core\field_paths.py","research","experiments","unreviewed",""
"research\source\research-drive\Enshrouded Mods-20260918T044156Z-1-001\Enshrouded Mods\Architect_Mod\Experiments\Lua_Config_Lab\architect_lua_config_lab\core\lab.py","research","experiments","unreviewed",""
"research\source\research-drive\Enshrouded Mods-20260918T044156Z-1-001\Enshrouded Mods\Architect_Mod\Experiments\Lua_Config_Lab\architect_lua_config_lab\core\lua_generator.py","research","experiments","unreviewed",""
"research\source\research-drive\Enshrouded Mods-20260918T044156Z-1-001\Enshrouded Mods\Architect_Mod\Experiments\Lua_Config_Lab\architect_lua_config_lab\core\profile.py","research","experiments","unreviewed",""
"research\source\research-drive\Enshrouded Mods-20260918T044156Z-1-001\Enshrouded Mods\Architect_Mod\Experiments\Lua_Config_Lab\architect_lua_config_lab\core\provenance.py","research","experiments","unreviewed",""
"research\source\research-drive\Enshrouded Mods-20260918T044156Z-1-001\Enshrouded Mods\Architect_Mod\Experiments\Lua_Config_Lab\architect_lua_config_lab\core\resource_catalog.py","research","experiments","unreviewed",""
"research\source\research-drive\Enshrouded Mods-20260918T044156Z-1-001\Enshrouded Mods\Architect_Mod\Experiments\Lua_Config_Lab\architect_lua_config_lab\core\results.py","research","experiments","unreviewed",""
"research\source\research-drive\Enshrouded Mods-20260918T044156Z-1-001\Enshrouded Mods\Architect_Mod\Experiments\Lua_Config_Lab\architect_lua_config_lab\core\schema_model.py","research","experiments","unreviewed",""
"research\source\research-drive\Enshrouded Mods-20260918T044156Z-1-001\Enshrouded Mods\Architect_Mod\Experiments\Lua_Config_Lab\architect_lua_config_lab\core\schema_parser.py","research","experiments","unreviewed",""
"research\source\research-drive\Enshrouded Mods-20260918T044156Z-1-001\Enshrouded Mods\Architect_Mod\Experiments\Lua_Config_Lab\architect_lua_config_lab\core\type_parser.py","research","experiments","unreviewed",""
"research\source\research-drive\Enshrouded Mods-20260918T044156Z-1-001\Enshrouded Mods\Architect_Mod\Experiments\Lua_Config_Lab\architect_lua_config_lab\core\validation.py","research","experiments","unreviewed",""
"research\source\research-drive\Enshrouded Mods-20260918T044156Z-1-001\Enshrouded Mods\Architect_Mod\Experiments\Lua_Config_Lab\architect_lua_config_lab\ui\__init__.py","research","experiments","unreviewed",""
"research\source\research-drive\Enshrouded Mods-20260918T044156Z-1-001\Enshrouded Mods\Architect_Mod\Experiments\Lua_Config_Lab\architect_lua_config_lab\ui\advanced_workspace.py","research","experiments","unreviewed",""
"research\source\research-drive\Enshrouded Mods-20260918T044156Z-1-001\Enshrouded Mods\Architect_Mod\Experiments\Lua_Config_Lab\architect_lua_config_lab\ui\all_resources_view.py","research","experiments","unreviewed",""
"research\source\research-drive\Enshrouded Mods-20260918T044156Z-1-001\Enshrouded Mods\Architect_Mod\Experiments\Lua_Config_Lab\architect_lua_config_lab\ui\category_view.py","research","experiments","unreviewed",""
"research\source\research-drive\Enshrouded Mods-20260918T044156Z-1-001\Enshrouded Mods\Architect_Mod\Experiments\Lua_Config_Lab\architect_lua_config_lab\ui\edit_panel.py","research","experiments","unreviewed",""
"research\source\research-drive\Enshrouded Mods-20260918T044156Z-1-001\Enshrouded Mods\Architect_Mod\Experiments\Lua_Config_Lab\architect_lua_config_lab\ui\field_tree.py","research","experiments","unreviewed",""
"research\source\research-drive\Enshrouded Mods-20260918T044156Z-1-001\Enshrouded Mods\Architect_Mod\Experiments\Lua_Config_Lab\architect_lua_config_lab\ui\generator_preview.py","research","experiments","unreviewed",""
"research\source\research-drive\Enshrouded Mods-20260918T044156Z-1-001\Enshrouded Mods\Architect_Mod\Experiments\Lua_Config_Lab\architect_lua_config_lab\ui\home_view.py","research","experiments","unreviewed",""
"research\source\research-drive\Enshrouded Mods-20260918T044156Z-1-001\Enshrouded Mods\Architect_Mod\Experiments\Lua_Config_Lab\architect_lua_config_lab\ui\main_window.py","research","experiments","unreviewed",""
"research\source\research-drive\Enshrouded Mods-20260918T044156Z-1-001\Enshrouded Mods\Architect_Mod\Experiments\Lua_Config_Lab\architect_lua_config_lab\ui\my_changes_view.py","research","experiments","unreviewed",""
"research\source\research-drive\Enshrouded Mods-20260918T044156Z-1-001\Enshrouded Mods\Architect_Mod\Experiments\Lua_Config_Lab\architect_lua_config_lab\ui\profile_panel.py","research","experiments","unreviewed",""
"research\source\research-drive\Enshrouded Mods-20260918T044156Z-1-001\Enshrouded Mods\Architect_Mod\Experiments\Lua_Config_Lab\architect_lua_config_lab\ui\resource_browser.py","research","experiments","unreviewed",""
"research\source\research-drive\Enshrouded Mods-20260918T044156Z-1-001\Enshrouded Mods\Architect_Mod\Experiments\Lua_Config_Lab\architect_lua_config_lab\ui\resource_view.py","research","experiments","unreviewed",""
"research\source\research-drive\Enshrouded Mods-20260918T044156Z-1-001\Enshrouded Mods\Architect_Mod\Experiments\Lua_Config_Lab\architect_lua_config_lab\ui\search_view.py","research","experiments","unreviewed",""
"research\source\research-drive\Enshrouded Mods-20260918T044156Z-1-001\Enshrouded Mods\Architect_Mod\Experiments\Lua_Config_Lab\docs\CONTROL_CATALOG.md","research","experiments","unreviewed",""
"research\source\research-drive\Enshrouded Mods-20260918T044156Z-1-001\Enshrouded Mods\Architect_Mod\Experiments\Lua_Config_Lab\docs\KNOWN_LIMITATIONS.md","research","experiments","unreviewed",""
"research\source\research-drive\Enshrouded Mods-20260918T044156Z-1-001\Enshrouded Mods\Architect_Mod\Experiments\Lua_Config_Lab\docs\LUA_GENERATOR.md","research","experiments","unreviewed",""
"research\source\research-drive\Enshrouded Mods-20260918T044156Z-1-001\Enshrouded Mods\Architect_Mod\Experiments\Lua_Config_Lab\docs\PROFILE_FORMAT.md","research","experiments","unreviewed",""
"research\source\research-drive\Enshrouded Mods-20260918T044156Z-1-001\Enshrouded Mods\Architect_Mod\Experiments\Lua_Config_Lab\docs\RESOURCE_CATALOG.md","research","experiments","unreviewed",""
"research\source\research-drive\Enshrouded Mods-20260918T044156Z-1-001\Enshrouded Mods\Architect_Mod\Experiments\Lua_Config_Lab\output\baseline_stamina_test\src\mod.lua","research","experiments","unreviewed",""
"research\source\research-drive\Enshrouded Mods-20260918T044156Z-1-001\Enshrouded Mods\Architect_Mod\Experiments\Lua_Config_Lab\run.py","research","experiments","unreviewed",""
"research\source\research-drive\Enshrouded Mods-20260918T044156Z-1-001\Enshrouded Mods\Architect_Mod\Experiments\Lua_Config_Lab\TEST_RESULTS.md","research","experiments","unreviewed",""
"research\source\research-drive\Enshrouded Mods-20260918T044156Z-1-001\Enshrouded Mods\Architect_Mod\Experiments\Lua_Config_Lab\tests\__init__.py","research","experiments","unreviewed",""
"research\source\research-drive\Enshrouded Mods-20260918T044156Z-1-001\Enshrouded Mods\Architect_Mod\Experiments\Lua_Config_Lab\tests\helpers.py","research","experiments","unreviewed",""
"research\source\research-drive\Enshrouded Mods-20260918T044156Z-1-001\Enshrouded Mods\Architect_Mod\Experiments\Lua_Config_Lab\tests\test_control_catalog.py","research","experiments","unreviewed",""
"research\source\research-drive\Enshrouded Mods-20260918T044156Z-1-001\Enshrouded Mods\Architect_Mod\Experiments\Lua_Config_Lab\tests\test_field_paths.py","research","experiments","unreviewed",""
"research\source\research-drive\Enshrouded Mods-20260918T044156Z-1-001\Enshrouded Mods\Architect_Mod\Experiments\Lua_Config_Lab\tests\test_lua_generator.py","research","experiments","unreviewed",""
"research\source\research-drive\Enshrouded Mods-20260918T044156Z-1-001\Enshrouded Mods\Architect_Mod\Experiments\Lua_Config_Lab\tests\test_profiles.py","research","experiments","unreviewed",""
"research\source\research-drive\Enshrouded Mods-20260918T044156Z-1-001\Enshrouded Mods\Architect_Mod\Experiments\Lua_Config_Lab\tests\test_provenance_results.py","research","experiments","unreviewed",""
"research\source\research-drive\Enshrouded Mods-20260918T044156Z-1-001\Enshrouded Mods\Architect_Mod\Experiments\Lua_Config_Lab\tests\test_resource_catalog.py","research","experiments","unreviewed",""
"research\source\research-drive\Enshrouded Mods-20260918T044156Z-1-001\Enshrouded Mods\Architect_Mod\Experiments\Lua_Config_Lab\tests\test_schema_parser.py","research","experiments","unreviewed",""
"research\source\research-drive\Enshrouded Mods-20260918T044156Z-1-001\Enshrouded Mods\Architect_Mod\Experiments\Lua_Config_Lab\tests\test_type_parser.py","research","experiments","unreviewed",""
"research\source\research-drive\Enshrouded Mods-20260918T044156Z-1-001\Enshrouded Mods\Architect_Mod\Experiments\Lua_Config_Lab\tests\test_ui_workflow.py","research","experiments","unreviewed",""
"research\source\research-drive\Enshrouded Mods-20260918T044156Z-1-001\Enshrouded Mods\Architect_Mod\Experiments\Lua_Config_Lab\tests\test_validation.py","research","experiments","unreviewed",""
"research\source\research-drive\Enshrouded Mods-20260918T044156Z-1-001\Enshrouded Mods\Architect_Mod\Experiments\Lua_Config_Lab\tools\build_resource_catalog.py","research","experiments","unreviewed",""
".gitignore","reference","general-modding-development","unreviewed",""
"case-studies\source\mods-drive\Architect_Mod\Code_History\CODE-0015B\Flame_Altar_Tweaks_Enabled.lua","case-study","general-modding-development","unreviewed",""
"case-studies\source\mods-drive\Architect_Mod\Code_History\CODE-0015B\Flame_Altar_Tweaks.lua","case-study","general-modding-development","unreviewed",""
"case-studies\source\mods-drive\Architect_Mod\Code_History\CODE-0015B\HANDOFF.txt","case-study","general-modding-development","unreviewed",""
"case-studies\source\mods-drive\Architect_Mod\Code_History\CODE-0036\CODE-0036_HANDOFF.txt","case-study","general-modding-development","unreviewed",""
"case-studies\source\mods-drive\Architect_Mod\Code_History\CODE-0036A\CODE-0036A_HANDOFF.txt","case-study","general-modding-development","unreviewed",""
"case-studies\source\mods-drive\Architect_Mod\Code_History\CODE-0037\CODE-0037_CODEX_PROMPT.md","case-study","general-modding-development","unreviewed",""
"case-studies\source\mods-drive\Architect_Mod\Code_History\CODE-0037B\CODE-0037B_CODEX_PROMPT.md","case-study","general-modding-development","unreviewed",""
"case-studies\source\mods-drive\Architect_Mod\Code_History\CODE-0037C\CODE-0037C_CODEX_PROMPT.md","case-study","general-modding-development","unreviewed",""
"case-studies\source\mods-drive\Architect_Mod\Code_History\CODE-0037D\CODE-0037D_CODEX_PROMPT.md","case-study","general-modding-development","unreviewed",""
"case-studies\source\mods-drive\Architect_Mod\Code_History\CODE-0037E\CODE-0037E_CODEX_PROMPT.md","case-study","general-modding-development","unreviewed",""
"case-studies\source\mods-drive\Architect_Mod\Code_History\CODE-0037F\CODE-0037F_CODEX_PROMPT.md","case-study","general-modding-development","unreviewed",""
"case-studies\source\mods-drive\Architect_Mod\Code_History\CODE-0041\CODE-0041_HANDOFF.txt","case-study","general-modding-development","unreviewed",""
"case-studies\source\mods-drive\Architect_Mod\Code_History\CODE-0041\CODEX_PROMPT_CODE0041_REPAIR.txt","case-study","general-modding-development","unreviewed",""
"case-studies\source\mods-drive\Architect_Mod\Code_History\CODE-0041A\CODE-0041A_HANDOFF.txt","case-study","general-modding-development","unreviewed",""
"case-studies\source\mods-drive\Architect_Mod\Code_History\CODE-0041A\CODEX_PROMPT_CODE0041A_FINISH_SAFETY.txt","case-study","general-modding-development","unreviewed",""
"case-studies\source\mods-drive\Architect_Mod\Code_History\CODE-0041B\CODE-0041B_HANDOFF.txt","case-study","general-modding-development","unreviewed",""
"case-studies\source\mods-drive\Architect_Mod\Code_History\CODE-0041B\CODEX_PROMPT_CODE0042_F7_REGISTRY_RESPONSIVE.txt","case-study","general-modding-development","unreviewed",""
"case-studies\source\mods-drive\Architect_Mod\Code_History\CODE-0042_INPUT\CODEX_PROMPT_CODE0042_BOOTSTRAP.txt","case-study","general-modding-development","unreviewed",""
"case-studies\source\mods-drive\Architect_Mod\Code_History\CODE-0042\CODEX_PROMPT_CODE0042_CONTINUE.txt","case-study","general-modding-development","unreviewed",""
"case-studies\source\mods-drive\Architect_Mod\Code_History\CODE-0042A\CODE-0042A_HANDOFF.txt","case-study","general-modding-development","unreviewed",""
"case-studies\source\mods-drive\Architect_Mod\Code_History\CODE-0042A\CODEX_PROMPT_CODE0042B_REGISTRY_BINDING.txt","case-study","general-modding-development","unreviewed",""
"case-studies\source\mods-drive\Architect_Mod\Code_History\CODE-0042B\CODE-0042B_HANDOFF.txt","case-study","general-modding-development","unreviewed",""
"case-studies\source\mods-drive\Architect_Mod\Code_History\CODE-0042B\CODEX_PROMPT_CODE0042C_COMPLETE_BINDINGS.txt","case-study","general-modding-development","unreviewed",""
"case-studies\source\mods-drive\Architect_Mod\Code_History\CODE-0042C\CODE-0042C_HANDOFF.txt","case-study","general-modding-development","unreviewed",""
"case-studies\source\mods-drive\Architect_Mod\Code_History\CODE-0042C\CODEX_PROMPT_CODE0042D_BINDING_CLOSURE.txt","case-study","general-modding-development","unreviewed",""
"case-studies\source\mods-drive\Architect_Mod\Code_History\CODE-0042D\CODE-0042D_HANDOFF.txt","case-study","general-modding-development","unreviewed",""
"case-studies\source\mods-drive\Architect_Mod\Code_History\CODE-0042E\CODE-0042E_HANDOFF.txt","case-study","general-modding-development","unreviewed",""
"case-studies\source\mods-drive\Architect_Mod\Code_History\CODE-0042E\CODEX_PROMPT_CODE0042F_COMPLETE_EVENT_CLOSURE.txt","case-study","general-modding-development","unreviewed",""
"case-studies\source\mods-drive\Architect_Mod\Code_History\CODE-0042F\CODE-0042F_HANDOFF.txt","case-study","general-modding-development","unreviewed",""
"case-studies\source\mods-drive\Architect_Mod\Code_History\CODE-0042F\CODEX_PROMPT_CODE0042G_FINISH_EVENT_CLOSURE.txt","case-study","general-modding-development","unreviewed",""
"case-studies\source\mods-drive\Architect_Mod\Code_History\CODE-0042F\CODEX_PROMPT_CODE0042G1_EVENT_CLOSURE_BATCH1.txt","case-study","general-modding-development","unreviewed",""
"case-studies\source\mods-drive\Architect_Mod\Code_History\CODE-0042G1\CODEX_PROMPT_CODE0042G1B_EXECUTE_BATCH1.txt","case-study","general-modding-development","unreviewed",""
"case-studies\source\mods-drive\Architect_Mod\Code_History\CODE-0042G1\CODEX_PROMPT_CODE0042G1C_HOME_ONLY.txt","case-study","general-modding-development","unreviewed",""
"case-studies\source\mods-drive\Architect_Mod\Code_History\CODE-0042G1C\CODEX_PROMPT_CODE0042G1C2_LIFECYCLE.txt","case-study","general-modding-development","unreviewed",""
"case-studies\source\mods-drive\Architect_Mod\Code_History\CODE-0042G1C2\CODEX_PROMPT_CODE0042G1C3_LIFECYCLE_VERIFY.txt","case-study","general-modding-development","unreviewed",""
"case-studies\source\mods-drive\Architect_Mod\Code_History\CODE-0042G1C3\CODEX_PROMPT_CODE0042G1C4_HOME_LIFECYCLE_PROOF.txt","case-study","general-modding-development","unreviewed",""
"case-studies\source\mods-drive\Architect_Mod\Code_History\CODE-0042G1D\CODEX_PROMPT_CODE0042G1E_MOBILITY.txt","case-study","general-modding-development","unreviewed",""
"case-studies\source\mods-drive\Architect_Mod\Code_History\CODE-0042G1E\CODEX_PROMPT_CODE0042G1E2_POSITION_READ_SAFETY.txt","case-study","general-modding-development","unreviewed",""
"case-studies\source\mods-drive\Architect_Mod\Code_History\CODE-0042G1E2\CODEX_PROMPT_CODE0042G1F1_SHELL_UI_LIFETIME.txt","case-study","general-modding-development","unreviewed",""
"case-studies\source\mods-drive\Architect_Mod\Code_History\CODE-0042G1F1\CODEX_PROMPT_CODE0042G1F1A_SHELL_LIFETIME_FIX.txt","case-study","general-modding-development","unreviewed",""
"case-studies\source\mods-drive\Architect_Mod\Code_History\CODE-0042G1F1A\CODEX_PROMPT_CODE0042G1F1B_REGISTRY_SCHEMA.txt","case-study","general-modding-development","unreviewed",""
"case-studies\source\mods-drive\Architect_Mod\Code_History\CODE-0042G1F1B\CODEX_PROMPT_CODE0042G1F1C_POSITION_FAIL_CLOSED.txt","case-study","general-modding-development","unreviewed",""
"case-studies\source\mods-drive\Architect_Mod\Code_History\CODE-0042G1F1C\CODEX_PROMPT_CODE0042G1F2_SCANNER_FAIL_CLOSED.txt","case-study","general-modding-development","unreviewed",""
"case-studies\source\mods-drive\Architect_Mod\Code_History\CODE-0042G2A\CODEX_PROMPT_CODE0042G2B_CRAFTING_PROGRESS.txt","case-study","general-modding-development","unreviewed",""
"case-studies\source\mods-drive\Architect_Mod\Code_History\CODE-0042G2B\CODEX_PROMPT_CODE0042G2C_COMBAT_AI.txt","case-study","general-modding-development","unreviewed",""
"case-studies\source\mods-drive\Architect_Mod\Code_History\CODE-0042G2C\CODEX_PROMPT_CODE0042G2D_WORLD_CAMERA.txt","case-study","general-modding-development","unreviewed",""
"case-studies\source\mods-drive\Architect_Mod\Code_History\CODE-0042G2E\CODEX_PROMPT_CODE0042G3A_ROLE_PRESETS.txt","case-study","general-modding-development","unreviewed",""
"case-studies\source\mods-drive\Architect_Mod\Code_History\CODE-0042G3C\CODEX_PROMPT_CODE0042G3D0_CANONICAL_ENABLED_GATE.txt","case-study","general-modding-development","unreviewed",""
"case-studies\source\mods-drive\Architect_Mod\Code_History\CODE-0042G3D\CODEX_PROMPT_CODE0042G3E_MAP_WAYFINDER.txt","case-study","general-modding-development","unreviewed",""
"case-studies\source\mods-drive\Architect_Mod\Code_History\CODE-0042G3D0\CODEX_PROMPT_CODE0042G3D_CODEX_EVENTS.txt","case-study","general-modding-development","unreviewed",""
"case-studies\source\mods-drive\Architect_Mod\Code_History\CODE-0042G3F\CODEX_PROMPT_CODE0042G4_FULL_F7_ZERO_GAP.txt","case-study","general-modding-development","unreviewed",""
"case-studies\source\mods-drive\Architect_Mod\Code_History\CODE-0042G4A\CODEX_PROMPT_CODE0042G5A_RESPONSIVE_HOME.txt","case-study","general-modding-development","unreviewed",""
"case-studies\source\mods-drive\Architect_Mod\Code_History\CODE-0042G5A\CODEX_PROMPT_CODE0042G5A1_HOME_CLEANUP.txt","case-study","general-modding-development","unreviewed",""
"case-studies\source\mods-drive\Architect_Mod\Code_History\CODE-0042G5C\CODE-0042G5C_CLOSEOUT.md","case-study","general-modding-development","unreviewed",""
"case-studies\source\mods-drive\Architect_Mod\Code_History\CODE-0042G5C\CODEX_GOAL_CODE0042G5C_MOBILITY_RESPONSIVE_CLOSEOUT.txt","case-study","general-modding-development","unreviewed",""
"case-studies\source\mods-drive\Architect_Mod\Code_History\CODE-0042G5D\CODE-0042G5D_CLOSEOUT.md","case-study","general-modding-development","unreviewed",""
"case-studies\source\mods-drive\Architect_Mod\Code_History\CODE-0042G5E\CODE-0042G5E_CLOSEOUT.md","case-study","general-modding-development","unreviewed",""
"case-studies\source\mods-drive\Architect_Mod\Code_History\CODE-0042G5E\CODEX_GOAL_CODE0042G5E_COMBAT_AI_RESPONSIVE_CLOSEOUT.txt","case-study","general-modding-development","unreviewed",""
"case-studies\source\mods-drive\Architect_Mod\Code_History\CODE-0042G5F\CODE-0042G5F_CLOSEOUT.md","case-study","general-modding-development","unreviewed",""
"case-studies\source\mods-drive\Architect_Mod\Code_History\CODE-0042G5F\CODEX_GOAL_CODE0042G5F_WORLD_ENVIRONMENT_RESPONSIVE_CLOSEOUT.txt","case-study","general-modding-development","unreviewed",""
"case-studies\source\mods-drive\Architect_Mod\Code_History\CODE-0042G5G\CODE-0042G5G_CLOSEOUT.md","case-study","general-modding-development","unreviewed",""
"case-studies\source\mods-drive\Architect_Mod\Code_History\CODE-0042G5H\CODE-0042G5H1_CLOSEOUT.md","case-study","general-modding-development","unreviewed",""
"case-studies\source\mods-drive\Architect_Mod\Code_History\CODE-0042G5H\CODEX_GOAL_CODE0042G5H_ENTITIES_AUTHORITY_RESPONSIVE_CLOSEOUT.txt","case-study","general-modding-development","unreviewed",""
"case-studies\source\mods-drive\Architect_Mod\Code_History\CODE-0042G5H\CODEX_GOAL_CODE0042G5H1_CLOSEOUT_REPAIR.txt","case-study","general-modding-development","unreviewed",""
"case-studies\source\mods-drive\Architect_Mod\Code_History\CODE-0042G5I\CODE-0042G5I_CLOSEOUT.md","case-study","general-modding-development","unreviewed",""
"case-studies\source\mods-drive\Architect_Mod\Code_History\CODE-0042G5I\CODEX_GOAL_CODE0042G5I_MODS_CONFIGURATION_RESPONSIVE_CLOSEOUT.txt","case-study","general-modding-development","unreviewed",""
"case-studies\source\mods-drive\Architect_Mod\Code_History\CODE-0042G5J\CODE-0042G5J_CLOSEOUT.md","case-study","general-modding-development","unreviewed",""
"case-studies\source\mods-drive\Architect_Mod\Code_History\CODE-0042G5J\CODEX_GOAL_CODE0042G5J_DEVELOPER_DIAGNOSTICS_RESPONSIVE_CLOSEOUT.txt","case-study","general-modding-development","unreviewed",""
"case-studies\source\mods-drive\Architect_Mod\Code_History\CODE-0042G5K\CODE-0042G5K1_CLOSEOUT.md","case-study","general-modding-development","unreviewed",""
"case-studies\source\mods-drive\Architect_Mod\Code_History\CODE-0042G5K\CODEX_GOAL_CODE0042G5K_ROLE_PRESETS_RESPONSIVE_CLOSEOUT.txt","case-study","general-modding-development","unreviewed",""
"case-studies\source\mods-drive\Architect_Mod\Code_History\CODE-0042G5K\CODEX_GOAL_CODE0042G5K1_CLOSEOUT_REPAIR.txt","case-study","general-modding-development","unreviewed",""
"case-studies\source\mods-drive\Architect_Mod\Code_History\CODE-0043G6A\CODEX_GOAL_CODE0043G6A_FIRST_LIVE_F7_CAPABILITY_CODE0033.txt","case-study","general-modding-development","unreviewed",""
"case-studies\source\mods-drive\Architect_Mod\Code_History\CODE-0044A\candidate\CARRIER_MUTATION_SAFETY.md","case-study","general-modding-development","unreviewed",""
"case-studies\source\mods-drive\Architect_Mod\Code_History\CODE-0044A\candidate\disasm_234.txt","case-study","general-modding-development","unreviewed",""
"case-studies\source\mods-drive\Architect_Mod\Code_History\CODE-0044A\candidate\disasm_func.txt","case-study","general-modding-development","unreviewed",""
"case-studies\source\mods-drive\Architect_Mod\Code_History\CODE-0044A\candidate\disasm_stamina.py","case-study","general-modding-development","unreviewed",""
"case-studies\source\mods-drive\Architect_Mod\Code_History\CODE-0044A\candidate\disasm.py","case-study","general-modding-development","unreviewed",""
"case-studies\source\mods-drive\Architect_Mod\Code_History\CODE-0044A\candidate\disasm.txt","case-study","general-modding-development","unreviewed",""
"case-studies\source\mods-drive\Architect_Mod\Code_History\CODE-0044A\candidate\docs\architecture\Architect-Engineering-State-1076226.md","case-study","general-modding-development","unreviewed",""
"case-studies\source\mods-drive\Architect_Mod\Code_History\CODE-0044A\candidate\docs\architecture\Architect-Product-Vision-v1.md","case-study","general-modding-development","unreviewed",""
"case-studies\source\mods-drive\Architect_Mod\Code_History\CODE-0044A\candidate\docs\architecture\Architect-Project-Model-v1.md","case-study","general-modding-development","unreviewed",""
"case-studies\source\mods-drive\Architect_Mod\Code_History\CODE-0044A\candidate\docs\architecture\Current-UI-Migration-Map-v1.md","case-study","general-modding-development","unreviewed",""
"case-studies\source\mods-drive\Architect_Mod\Code_History\CODE-0044A\candidate\docs\architecture\Feature-Dependency-Roadmap-v1.md","case-study","general-modding-development","unreviewed",""
"case-studies\source\mods-drive\Architect_Mod\Code_History\CODE-0044A\candidate\docs\architecture\Target-Resolver-Contract-v1.md","case-study","general-modding-development","unreviewed",""
"case-studies\source\mods-drive\Architect_Mod\Code_History\CODE-0044A\candidate\docs\architecture\Vanilla-Capability-Map-v1.md","case-study","general-modding-development","unreviewed",""
"case-studies\source\mods-drive\Architect_Mod\Code_History\CODE-0044A\candidate\docs\F8_BACKEND_PROTOCOL.md","case-study","general-modding-development","unreviewed",""
"case-studies\source\mods-drive\Architect_Mod\Code_History\CODE-0044A\candidate\docs\UNDO_REDO_ARCHITECTURE.md","case-study","general-modding-development","unreviewed",""
"case-studies\source\mods-drive\Architect_Mod\Code_History\CODE-0044A\candidate\dump_234.py","case-study","general-modding-development","unreviewed",""
"case-studies\source\mods-drive\Architect_Mod\Code_History\CODE-0044A\candidate\dump_big.py","case-study","general-modding-development","unreviewed",""
"case-studies\source\mods-drive\Architect_Mod\Code_History\CODE-0044A\candidate\dump_cand.py","case-study","general-modding-development","unreviewed",""
"case-studies\source\mods-drive\Architect_Mod\Code_History\CODE-0044A\candidate\dump_full_291.py","case-study","general-modding-development","unreviewed",""
"case-studies\source\mods-drive\Architect_Mod\Code_History\CODE-0044A\candidate\dump_func.py","case-study","general-modding-development","unreviewed",""
"case-studies\source\mods-drive\Architect_Mod\Code_History\CODE-0044A\candidate\dump_loop.txt","case-study","general-modding-development","unreviewed",""
"case-studies\source\mods-drive\Architect_Mod\Code_History\CODE-0044A\candidate\find_func.py","case-study","general-modding-development","unreviewed",""
"case-studies\source\mods-drive\Architect_Mod\Code_History\CODE-0044A\candidate\find_hash.py","case-study","general-modding-development","unreviewed",""
"case-studies\source\mods-drive\Architect_Mod\Code_History\CODE-0044A\candidate\find_refs291.py","case-study","general-modding-development","unreviewed",""
"case-studies\source\mods-drive\Architect_Mod\Code_History\CODE-0044A\candidate\find_start291.py","case-study","general-modding-development","unreviewed",""
"case-studies\source\mods-drive\Architect_Mod\Code_History\CODE-0044A\candidate\find_writes.py","case-study","general-modding-development","unreviewed",""
"case-studies\source\mods-drive\Architect_Mod\Code_History\CODE-0044A\candidate\find_writes2.py","case-study","general-modding-development","unreviewed",""
"case-studies\source\mods-drive\Architect_Mod\Code_History\CODE-0044A\candidate\fix_adapter_final.py","case-study","general-modding-development","unreviewed",""
"case-studies\source\mods-drive\Architect_Mod\Code_History\CODE-0044A\candidate\fix_adapter.py","case-study","general-modding-development","unreviewed",""
"case-studies\source\mods-drive\Architect_Mod\Code_History\CODE-0044A\candidate\fix_adapter2.py","case-study","general-modding-development","unreviewed",""
"case-studies\source\mods-drive\Architect_Mod\Code_History\CODE-0044A\candidate\fix_adapter3.py","case-study","general-modding-development","unreviewed",""
"case-studies\source\mods-drive\Architect_Mod\Code_History\CODE-0044A\candidate\fix_decl.py","case-study","general-modding-development","unreviewed",""
"case-studies\source\mods-drive\Architect_Mod\Code_History\CODE-0044A\candidate\fix_engine_c.py","case-study","general-modding-development","unreviewed",""
"case-studies\source\mods-drive\Architect_Mod\Code_History\CODE-0044A\candidate\fix_header.py","case-study","general-modding-development","unreviewed",""
"case-studies\source\mods-drive\Architect_Mod\Code_History\CODE-0044A\candidate\fix_header2.py","case-study","general-modding-development","unreviewed",""
"case-studies\source\mods-drive\Architect_Mod\Code_History\CODE-0044A\candidate\fix_json_output.py","case-study","general-modding-development","unreviewed",""
"case-studies\source\mods-drive\Architect_Mod\Code_History\CODE-0044A\candidate\fix_newlines.py","case-study","general-modding-development","unreviewed",""
"case-studies\source\mods-drive\Architect_Mod\Code_History\CODE-0044A\candidate\fix_newlines2.py","case-study","general-modding-development","unreviewed",""
"case-studies\source\mods-drive\Architect_Mod\Code_History\CODE-0044A\candidate\fix_offsets.py","case-study","general-modding-development","unreviewed",""
"case-studies\source\mods-drive\Architect_Mod\Code_History\CODE-0044A\candidate\fix_production_binder.py","case-study","general-modding-development","unreviewed",""
"case-studies\source\mods-drive\Architect_Mod\Code_History\CODE-0044A\candidate\fix_ps1.py","case-study","general-modding-development","unreviewed",""
"case-studies\source\mods-drive\Architect_Mod\Code_History\CODE-0044A\candidate\fix_readiness_bytes.py","case-study","general-modding-development","unreviewed",""
"case-studies\source\mods-drive\Architect_Mod\Code_History\CODE-0044A\candidate\fix_readiness.py","case-study","general-modding-development","unreviewed",""
"case-studies\source\mods-drive\Architect_Mod\Code_History\CODE-0044A\candidate\fix_readiness2.py","case-study","general-modding-development","unreviewed",""
"case-studies\source\mods-drive\Architect_Mod\Code_History\CODE-0044A\candidate\fix_readiness3.py","case-study","general-modding-development","unreviewed",""
"case-studies\source\mods-drive\Architect_Mod\Code_History\CODE-0044A\candidate\fix_stealth.py","case-study","general-modding-development","unreviewed",""
"case-studies\source\mods-drive\Architect_Mod\Code_History\CODE-0044A\candidate\full_291.txt","case-study","general-modding-development","unreviewed",""
"case-studies\source\mods-drive\Architect_Mod\Code_History\CODE-0044A\candidate\gen_transparency.py","case-study","general-modding-development","unreviewed",""
"case-studies\source\mods-drive\Architect_Mod\Code_History\CODE-0044A\candidate\insert_adapter.py","case-study","general-modding-development","unreviewed",""
"case-studies\source\mods-drive\Architect_Mod\Code_History\CODE-0044A\candidate\out.txt","case-study","general-modding-development","unreviewed",""
"case-studies\source\mods-drive\Architect_Mod\Code_History\CODE-0044A\candidate\package_output.txt","case-study","general-modding-development","unreviewed",""
"case-studies\source\mods-drive\Architect_Mod\Code_History\CODE-0044A\candidate\parse_all.py","case-study","general-modding-development","unreviewed",""
"case-studies\source\mods-drive\Architect_Mod\Code_History\CODE-0044A\candidate\patch_asm.py","case-study","general-modding-development","unreviewed",""
"case-studies\source\mods-drive\Architect_Mod\Code_History\CODE-0044A\candidate\refactor.py","case-study","general-modding-development","unreviewed",""
"case-studies\source\mods-drive\Architect_Mod\Code_History\CODE-0044A\candidate\replace_gates.py","case-study","general-modding-development","unreviewed",""
"case-studies\source\mods-drive\Architect_Mod\Code_History\CODE-0044A\candidate\src\mod.lua","case-study","general-modding-development","unreviewed",""
"case-studies\source\mods-drive\Architect_Mod\Code_History\CODE-0044A\candidate\track_rbp80.py","case-study","general-modding-development","unreviewed",""
"case-studies\source\mods-drive\Architect_Mod\Code_History\CODE-0044A\candidate\update_code.py","case-study","general-modding-development","unreviewed",""
"case-studies\source\mods-drive\Architect_Mod\Code_History\CODE-0044A\candidate\verify_packaged.py","case-study","general-modding-development","unreviewed",""
"case-studies\source\mods-drive\Architect_Mod\Code_History\CODE-0044A\candidate\xrefs_lea.py","case-study","general-modding-development","unreviewed",""
"case-studies\source\mods-drive\Architect_Mod\Code_History\CODE-0044A\candidate\xrefs.py","case-study","general-modding-development","unreviewed",""
"case-studies\source\mods-drive\Architect_Mod\Code_History\CODE-0044A\package\src\mod.lua","case-study","general-modding-development","unreviewed",""
"case-studies\source\mods-drive\Architect_Mod\Code_History\CODE-0044A\source_diff\mod.lua","case-study","general-modding-development","unreviewed",""
"case-studies\source\mods-drive\Architect_Mod\Code_History\CODE-0044B\CODE-0044B_preset_schema.md","case-study","general-modding-development","unreviewed",""
"case-studies\source\mods-drive\Architect_Mod\Code_History\CODE-LEGACY-0001\mod_architect_wand_v09_pure_weapon_base.lua","case-study","general-modding-development","unreviewed",""
"case-studies\source\mods-drive\Architect_Mod\Code_History\CS-CODE-0001-20260924\README_CreativeStudio_v0.1.0.md","case-study","general-modding-development","unreviewed",""
"case-studies\source\mods-drive\Architect_Mod\Current\src\mod.lua","case-study","general-modding-development","unreviewed",""
"case-studies\source\mods-drive\Canonical Brain\99_ARCHIVE\ENshrouded Mod Development GPT — Core Instructions — source.txt","case-study","general-modding-development","unreviewed",""
"case-studies\source\mods-drive\Control_Center_Next\CHANGELOG.md","case-study","general-modding-development","unreviewed",""
"case-studies\source\mods-drive\Control_Center\core\api_capabilities.py","case-study","general-modding-development","unreviewed",""
"case-studies\source\mods-drive\Control_Center\core\asset_pipeline.py","case-study","general-modding-development","unreviewed",""
"case-studies\source\mods-drive\Control_Center\core\asset_service.py","case-study","general-modding-development","unreviewed",""
"case-studies\source\mods-drive\Control_Center\core\asset_substitution.py","case-study","general-modding-development","unreviewed",""
"case-studies\source\mods-drive\Control_Center\core\blender_export_validator.py","case-study","general-modding-development","unreviewed",""
"case-studies\source\mods-drive\Control_Center\core\build_profiles.py","case-study","general-modding-development","unreviewed",""
"case-studies\source\mods-drive\Control_Center\core\builder_catalog.py","case-study","general-modding-development","unreviewed",""
"case-studies\source\mods-drive\Control_Center\core\capability_status.py","case-study","general-modding-development","unreviewed",""
"case-studies\source\mods-drive\Control_Center\core\catalog_editor.py","case-study","general-modding-development","unreviewed",""
"case-studies\source\mods-drive\Control_Center\core\compatibility_shims.py","case-study","general-modding-development","unreviewed",""
"case-studies\source\mods-drive\Control_Center\core\compatibility.py","case-study","general-modding-development","unreviewed",""
"case-studies\source\mods-drive\Control_Center\core\content_classes.py","case-study","general-modding-development","unreviewed",""
"case-studies\source\mods-drive\Control_Center\core\content_compiler.py","case-study","general-modding-development","unreviewed",""
"case-studies\source\mods-drive\Control_Center\core\content_identity.py","case-study","general-modding-development","unreviewed",""
"case-studies\source\mods-drive\Control_Center\core\content_importer.py","case-study","general-modding-development","unreviewed",""
"case-studies\source\mods-drive\Control_Center\core\content_patch.py","case-study","general-modding-development","unreviewed",""
"case-studies\source\mods-drive\Control_Center\core\content_project.py","case-study","general-modding-development","unreviewed",""
"case-studies\source\mods-drive\Control_Center\core\content_templates.py","case-study","general-modding-development","unreviewed",""
"case-studies\source\mods-drive\Control_Center\core\content_validation.py","case-study","general-modding-development","unreviewed",""
"case-studies\source\mods-drive\Control_Center\core\control_context.py","case-study","general-modding-development","unreviewed",""
"case-studies\source\mods-drive\Control_Center\core\diagnostics.py","case-study","general-modding-development","unreviewed",""
"case-studies\source\mods-drive\Control_Center\core\donor_browser.py","case-study","general-modding-development","unreviewed",""
"case-studies\source\mods-drive\Control_Center\core\enshrouded_save_reader.py","case-study","general-modding-development","unreviewed",""
"case-studies\source\mods-drive\Control_Center\core\evidence.py","case-study","general-modding-development","unreviewed",""
"case-studies\source\mods-drive\Control_Center\core\fork_maintenance.py","case-study","general-modding-development","unreviewed",""
"case-studies\source\mods-drive\Control_Center\core\fuzzing.py","case-study","general-modding-development","unreviewed",""
"case-studies\source\mods-drive\Control_Center\core\gameplay_feasibility.py","case-study","general-modding-development","unreviewed",""
"case-studies\source\mods-drive\Control_Center\core\health_report.py","case-study","general-modding-development","unreviewed",""
"case-studies\source\mods-drive\Control_Center\core\installer.py","case-study","general-modding-development","unreviewed",""
"case-studies\source\mods-drive\Control_Center\core\layout_migration.py","case-study","general-modding-development","unreviewed",""
"case-studies\source\mods-drive\Control_Center\core\live_config.py","case-study","general-modding-development","unreviewed",""
"case-studies\source\mods-drive\Control_Center\core\live_sync.py","case-study","general-modding-development","unreviewed",""
"case-studies\source\mods-drive\Control_Center\core\loader_adapter.py","case-study","general-modding-development","unreviewed",""
"case-studies\source\mods-drive\Control_Center\core\local_mods.py","case-study","general-modding-development","unreviewed",""
"case-studies\source\mods-drive\Control_Center\core\localization_debug.py","case-study","general-modding-development","unreviewed",""
"case-studies\source\mods-drive\Control_Center\core\localization.py","case-study","general-modding-development","unreviewed",""
"case-studies\source\mods-drive\Control_Center\core\lua_assistant.py","case-study","general-modding-development","unreviewed",""
"case-studies\source\mods-drive\Control_Center\core\manager.py","case-study","general-modding-development","unreviewed",""
"case-studies\source\mods-drive\Control_Center\core\migration_assistant.py","case-study","general-modding-development","unreviewed",""
"case-studies\source\mods-drive\Control_Center\core\nexus.py","case-study","general-modding-development","unreviewed",""
"case-studies\source\mods-drive\Control_Center\core\package_collections.py","case-study","general-modding-development","unreviewed",""
"case-studies\source\mods-drive\Control_Center\core\package_security.py","case-study","general-modding-development","unreviewed",""
"case-studies\source\mods-drive\Control_Center\core\package_service.py","case-study","general-modding-development","unreviewed",""
"case-studies\source\mods-drive\Control_Center\core\platform_services.py","case-study","general-modding-development","unreviewed",""
"case-studies\source\mods-drive\Control_Center\core\profile_launch.py","case-study","general-modding-development","unreviewed",""
"case-studies\source\mods-drive\Control_Center\core\publication.py","case-study","general-modding-development","unreviewed",""
"case-studies\source\mods-drive\Control_Center\core\recipe_ui_adapter.py","case-study","general-modding-development","unreviewed",""
"case-studies\source\mods-drive\Control_Center\core\recovery.py","case-study","general-modding-development","unreviewed",""
"case-studies\source\mods-drive\Control_Center\core\registry.py","case-study","general-modding-development","unreviewed",""
"case-studies\source\mods-drive\Control_Center\core\relationship_graph.py","case-study","general-modding-development","unreviewed",""
"case-studies\source\mods-drive\Control_Center\core\release_service.py","case-study","general-modding-development","unreviewed",""
"case-studies\source\mods-drive\Control_Center\core\resource_inspector.py","case-study","general-modding-development","unreviewed",""
"case-studies\source\mods-drive\Control_Center\core\save_backup.py","case-study","general-modding-development","unreviewed",""
"case-studies\source\mods-drive\Control_Center\core\schema_profiles.py","case-study","general-modding-development","unreviewed",""
"case-studies\source\mods-drive\Control_Center\core\sdk.py","case-study","general-modding-development","unreviewed",""
"case-studies\source\mods-drive\Control_Center\core\shape_generator.py","case-study","general-modding-development","unreviewed",""
"case-studies\source\mods-drive\Control_Center\core\template_graph.py","case-study","general-modding-development","unreviewed",""
"case-studies\source\mods-drive\Control_Center\core\trainer_table.py","case-study","general-modding-development","unreviewed",""
"case-studies\source\mods-drive\Control_Center\core\update_migration.py","case-study","general-modding-development","unreviewed",""
"case-studies\source\mods-drive\Control_Center\core\update_recovery.py","case-study","general-modding-development","unreviewed",""
"case-studies\source\mods-drive\Control_Center\core\visual_colors.py","case-study","general-modding-development","unreviewed",""
"case-studies\source\mods-drive\Control_Center\custom_content\projects\blue_bed\src\localization_payload.lua","case-study","general-modding-development","unreviewed",""
"case-studies\source\mods-drive\Control_Center\custom_content\projects\blue_bed\src\mod.lua","case-study","general-modding-development","unreviewed",""
"case-studies\source\mods-drive\Control_Center\custom_content\projects\twilight_blue_bed\src\localization_payload.lua","case-study","general-modding-development","unreviewed",""
"case-studies\source\mods-drive\Control_Center\custom_content\projects\twilight_blue_bed\src\mod.lua","case-study","general-modding-development","unreviewed",""
"case-studies\source\mods-drive\Control_Center\docs\ANIMATION_GRAPH_VARIANT_AUTHORING.md","case-study","general-modding-development","unreviewed",""
"case-studies\source\mods-drive\Control_Center\docs\BEGINNER_CONTENT_WIZARD_GUIDE.md","case-study","general-modding-development","unreviewed",""
"case-studies\source\mods-drive\Control_Center\docs\BUILDER_GUIDE.md","case-study","general-modding-development","unreviewed",""
"case-studies\source\mods-drive\Control_Center\docs\CLONE_AND_PATCH_GUIDE.md","case-study","general-modding-development","unreviewed",""
"case-studies\source\mods-drive\Control_Center\docs\CONTENT_WIZARD_UI_TARGET.md","case-study","general-modding-development","unreviewed",""
"case-studies\source\mods-drive\Control_Center\docs\CONTROL_CENTER_ROADMAP.md","case-study","general-modding-development","unreviewed",""
"case-studies\source\mods-drive\Control_Center\docs\EML_API_GUIDE.md","case-study","general-modding-development","unreviewed",""
"case-studies\source\mods-drive\Control_Center\docs\MASTER_TRAINER_REPAIR_REPORT.md","case-study","general-modding-development","unreviewed",""
"case-studies\source\mods-drive\Control_Center\docs\MOD_AUTHOR_GUIDE.md","case-study","general-modding-development","unreviewed",""
"case-studies\source\mods-drive\Control_Center\docs\MOD_INSTALLATION_GUIDE.md","case-study","general-modding-development","unreviewed",""
"case-studies\source\mods-drive\Control_Center\docs\POST_1.0.2_WORKING_TREE_BOUNDARY_20260927.md","case-study","general-modding-development","unreviewed",""
"case-studies\source\mods-drive\Control_Center\docs\RECOVERY_GUIDE.md","case-study","general-modding-development","unreviewed",""
"case-studies\source\mods-drive\Control_Center\docs\RETROFIT_STATUS_MATRIX_20260926.md","case-study","general-modding-development","unreviewed",""
"case-studies\source\mods-drive\Control_Center\docs\SAVE_BACKUP_GUIDE.md","case-study","general-modding-development","unreviewed",""
"case-studies\source\mods-drive\Control_Center\docs\SECURITY_AND_SAFETY_POLICY.md","case-study","general-modding-development","unreviewed",""
"case-studies\source\mods-drive\Control_Center\docs\TROUBLESHOOTING_GUIDE.md","case-study","general-modding-development","unreviewed",""
"case-studies\source\mods-drive\Control_Center\docs\TUNING_GUIDE.md","case-study","general-modding-development","unreviewed",""
"case-studies\source\mods-drive\Control_Center\docs\UPDATE_MIGRATION_GUIDE.md","case-study","general-modding-development","unreviewed",""
"case-studies\source\mods-drive\Control_Center\docs\UPDATE_RECOVERY_WORKFLOW.md","case-study","general-modding-development","unreviewed",""
"case-studies\source\mods-drive\Control_Center\docs\USER_GUIDE.md","case-study","general-modding-development","unreviewed",""
"case-studies\source\mods-drive\Control_Center\docs\VISUAL_SUBSTITUTION_GUIDE.md","case-study","general-modding-development","unreviewed",""
"case-studies\source\mods-drive\Control_Center\gui\app.py","case-study","general-modding-development","unreviewed",""
"case-studies\source\mods-drive\Control_Center\gui\control_center.py","case-study","general-modding-development","unreviewed",""
"case-studies\source\mods-drive\Control_Center\gui\launcher.py","case-study","general-modding-development","unreviewed",""
"case-studies\source\mods-drive\Control_Center\gui\simple_editor.py","case-study","general-modding-development","unreviewed",""
"case-studies\source\mods-drive\Control_Center\gui\visual_builder.py","case-study","general-modding-development","unreviewed",""
"case-studies\source\mods-drive\Control_Center\modules\actor_scaling_proportions\patch.lua","case-study","general-modding-development","unreviewed",""
"case-studies\source\mods-drive\Control_Center\modules\architect_companion\patch.lua","case-study","general-modding-development","unreviewed",""
"case-studies\source\mods-drive\Control_Center\modules\buffs_and_status\patch.lua","case-study","general-modding-development","unreviewed",""
"case-studies\source\mods-drive\Control_Center\modules\crafting_and_recipes\patch.lua","case-study","general-modding-development","unreviewed",""
"case-studies\source\mods-drive\Control_Center\modules\custom_alchemy_and_potions\patch.lua","case-study","general-modding-development","unreviewed",""
"case-studies\source\mods-drive\Control_Center\modules\custom_art_and_paintings\patch.lua","case-study","general-modding-development","unreviewed",""
"case-studies\source\mods-drive\Control_Center\modules\custom_color_palettes\patch.lua","case-study","general-modding-development","unreviewed",""
"case-studies\source\mods-drive\Control_Center\modules\custom_farming_and_botany\patch.lua","case-study","general-modding-development","unreviewed",""
"case-studies\source\mods-drive\Control_Center\modules\custom_furniture\patch.lua","case-study","general-modding-development","unreviewed",""
"case-studies\source\mods-drive\Control_Center\modules\custom_hair_and_beards\patch.lua","case-study","general-modding-development","unreviewed",""
"case-studies\source\mods-drive\Control_Center\modules\custom_music_and_midi\patch.lua","case-study","general-modding-development","unreviewed",""
"case-studies\source\mods-drive\Control_Center\modules\custom_pets_and_npcs\patch.lua","case-study","general-modding-development","unreviewed",""
"case-studies\source\mods-drive\Control_Center\modules\custom_spells_and_magic\patch.lua","case-study","general-modding-development","unreviewed",""
"case-studies\source\mods-drive\Control_Center\modules\custom_weapons_and_armor\patch.lua","case-study","general-modding-development","unreviewed",""
"case-studies\source\mods-drive\Control_Center\modules\environment_time_weather\patch.lua","case-study","general-modding-development","unreviewed",""
"case-studies\source\mods-drive\Control_Center\modules\loot_and_chests\patch.lua","case-study","general-modding-development","unreviewed",""
"case-studies\source\mods-drive\Control_Center\modules\music_and_instruments\patch.lua","case-study","general-modding-development","unreviewed",""
"case-studies\source\mods-drive\Control_Center\modules\progression_balancing\patch.lua","case-study","general-modding-development","unreviewed",""
"case-studies\source\mods-drive\Control_Center\modules\skills_and_perks\patch.lua","case-study","general-modding-development","unreviewed",""
"case-studies\source\mods-drive\Control_Center\modules\starter_loadout\patch.lua","case-study","general-modding-development","unreviewed",""
"case-studies\source\mods-drive\Control_Center\modules\survival_qol\patch.lua","case-study","general-modding-development","unreviewed",""
"case-studies\source\mods-drive\Control_Center\modules\terraforming_and_mining\patch.lua","case-study","general-modding-development","unreviewed",""
"case-studies\source\mods-drive\Control_Center\modules\world_and_difficulty\patch.lua","case-study","general-modding-development","unreviewed",""
"case-studies\source\mods-drive\Control_Center\packaging\RELEASE_README_1.0.2.md","case-study","general-modding-development","unreviewed",""
"case-studies\source\mods-drive\Control_Center\packaging\RELEASE_README.md","case-study","general-modding-development","unreviewed",""
"case-studies\source\mods-drive\Control_Center\packaging\version_info.txt","case-study","general-modding-development","unreviewed",""
"case-studies\source\mods-drive\Control_Center\sdk\examples\bed_clone.lua","case-study","general-modding-development","unreviewed",""
"case-studies\source\mods-drive\Control_Center\staging\compiled_visual_substitution_fixture_20260927\src\localization_payload.lua","case-study","general-modding-development","unreviewed",""
"case-studies\source\mods-drive\Control_Center\staging\compiled_visual_substitution_fixture_20260927\src\mod.lua","case-study","general-modding-development","unreviewed",""
"case-studies\source\mods-drive\Control_Center\staging\Trainer_GUI\bridge.py","case-study","general-modding-development","unreviewed",""
"case-studies\source\mods-drive\Control_Center\staging\Trainer_GUI\trainer_gui.py","case-study","general-modding-development","unreviewed",""
"case-studies\source\mods-drive\Control_Center\staging\Trainer_GUI\trainer_table.py","case-study","general-modding-development","unreviewed",""
"case-studies\source\mods-drive\EmberVault-Control-Center\control_center\__init__.py","case-study","general-modding-development","unreviewed",""
"case-studies\source\mods-drive\EmberVault-Control-Center\control_center\app.py","case-study","general-modding-development","unreviewed",""
"case-studies\source\mods-drive\EmberVault-Control-Center\control_center\backend.py","case-study","general-modding-development","unreviewed",""
"case-studies\source\mods-drive\EmberVault-Control-Center\core\__init__.py","case-study","general-modding-development","unreviewed",""
"case-studies\source\mods-drive\EmberVault-Control-Center\core\application.py","case-study","general-modding-development","unreviewed",""
"case-studies\source\mods-drive\EmberVault-Control-Center\core\catalog.py","case-study","general-modding-development","unreviewed",""
"case-studies\source\mods-drive\EmberVault-Control-Center\core\characters.py","case-study","general-modding-development","unreviewed",""
"case-studies\source\mods-drive\EmberVault-Control-Center\core\community_sync.py","case-study","general-modding-development","unreviewed",""
"case-studies\source\mods-drive\EmberVault-Control-Center\core\compatibility.py","case-study","general-modding-development","unreviewed",""
"case-studies\source\mods-drive\EmberVault-Control-Center\core\content.py","case-study","general-modding-development","unreviewed",""
"case-studies\source\mods-drive\EmberVault-Control-Center\core\distribution.py","case-study","general-modding-development","unreviewed",""
"case-studies\source\mods-drive\EmberVault-Control-Center\core\game_detection.py","case-study","general-modding-development","unreviewed",""
"case-studies\source\mods-drive\EmberVault-Control-Center\core\integration.py","case-study","general-modding-development","unreviewed",""
"case-studies\source\mods-drive\EmberVault-Control-Center\core\launch.py","case-study","general-modding-development","unreviewed",""
"case-studies\source\mods-drive\EmberVault-Control-Center\core\logging_service.py","case-study","general-modding-development","unreviewed",""
"case-studies\source\mods-drive\EmberVault-Control-Center\core\migrations.py","case-study","general-modding-development","unreviewed",""
"case-studies\source\mods-drive\EmberVault-Control-Center\core\modules.py","case-study","general-modding-development","unreviewed",""
"case-studies\source\mods-drive\EmberVault-Control-Center\core\operations.py","case-study","general-modding-development","unreviewed",""
"case-studies\source\mods-drive\EmberVault-Control-Center\core\packages.py","case-study","general-modding-development","unreviewed",""
"case-studies\source\mods-drive\EmberVault-Control-Center\core\profiles.py","case-study","general-modding-development","unreviewed",""
"case-studies\source\mods-drive\EmberVault-Control-Center\core\promotion.py","case-study","general-modding-development","unreviewed",""
"case-studies\source\mods-drive\EmberVault-Control-Center\core\release.py","case-study","general-modding-development","unreviewed",""
"case-studies\source\mods-drive\EmberVault-Control-Center\core\risk.py","case-study","general-modding-development","unreviewed",""
"case-studies\source\mods-drive\EmberVault-Control-Center\core\save_manager.py","case-study","general-modding-development","unreviewed",""
"case-studies\source\mods-drive\EmberVault-Control-Center\core\save_workflow.py","case-study","general-modding-development","unreviewed",""
"case-studies\source\mods-drive\EmberVault-Control-Center\core\storage.py","case-study","general-modding-development","unreviewed",""
"case-studies\source\mods-drive\EmberVault-Control-Center\core\trainer.py","case-study","general-modding-development","unreviewed",""
"case-studies\source\mods-drive\EmberVault-Control-Center\core\troubleshooter.py","case-study","general-modding-development","unreviewed",""
"case-studies\source\mods-drive\EmberVault-Control-Center\core\tuning_adapter.py","case-study","general-modding-development","unreviewed",""
"case-studies\source\mods-drive\EmberVault-Control-Center\docs\ARCHITECTURE.md","case-study","general-modding-development","unreviewed",""
"case-studies\source\mods-drive\EmberVault-Control-Center\docs\CAPABILITY_GOVERNANCE.md","case-study","general-modding-development","unreviewed",""
"case-studies\source\mods-drive\EmberVault-Control-Center\docs\CAPABILITY_PROMOTION.md","case-study","general-modding-development","unreviewed",""
"case-studies\source\mods-drive\EmberVault-Control-Center\docs\EMBERVAULT_ROADMAP.md","case-study","general-modding-development","unreviewed",""
"case-studies\source\mods-drive\EmberVault-Control-Center\docs\EML_WRITE_TRANSACTION.md","case-study","general-modding-development","unreviewed",""
"case-studies\source\mods-drive\EmberVault-Control-Center\docs\INTEGRATION_CONTRACT.md","case-study","general-modding-development","unreviewed",""
"case-studies\source\mods-drive\EmberVault-Control-Center\docs\MODULE_BOUNDARIES.md","case-study","general-modding-development","unreviewed",""
"case-studies\source\mods-drive\EmberVault-Control-Center\docs\RELEASE_CHECKLIST.md","case-study","general-modding-development","unreviewed",""
"case-studies\source\mods-drive\EmberVault-Control-Center\docs\RELEASE_NOTES.md","case-study","general-modding-development","unreviewed",""
"case-studies\source\mods-drive\EmberVault-Control-Center\docs\ROADMAP_STATUS.md","case-study","general-modding-development","unreviewed",""
"case-studies\source\mods-drive\EmberVault-Control-Center\docs\STAGE_0_CONTRACTS.md","case-study","general-modding-development","unreviewed",""
"case-studies\source\mods-drive\EmberVault-Control-Center\docs\STAGE_14_INTEGRATION.md","case-study","general-modding-development","unreviewed",""
"case-studies\source\mods-drive\EmberVault-Control-Center\docs\STAGE_18_STATUS.md","case-study","general-modding-development","unreviewed",""
"case-studies\source\mods-drive\EmberVault-Control-Center\docs\STAGE_19_STATUS.md","case-study","general-modding-development","unreviewed",""
"case-studies\source\mods-drive\EmberVault-Control-Center\docs\STAGE_20_STATUS.md","case-study","general-modding-development","unreviewed",""
"case-studies\source\mods-drive\EmberVault-Control-Center\docs\STAGE_21_STATUS.md","case-study","general-modding-development","unreviewed",""
"case-studies\source\mods-drive\EmberVault-Control-Center\docs\STAGE_22_STATUS.md","case-study","general-modding-development","unreviewed",""
"case-studies\source\mods-drive\EmberVault-Control-Center\docs\STAGE_23_STATUS.md","case-study","general-modding-development","unreviewed",""
"case-studies\source\mods-drive\EmberVault-Control-Center\docs\STAGE_24_STATUS.md","case-study","general-modding-development","unreviewed",""
"case-studies\source\mods-drive\EmberVault-Control-Center\docs\STAGE_25_26_STATUS.md","case-study","general-modding-development","unreviewed",""
"case-studies\source\mods-drive\EmberVault-Control-Center\docs\TERMINOLOGY.md","case-study","general-modding-development","unreviewed",""
"case-studies\source\mods-drive\EmberVault-Control-Center\docs\USER_GUIDE.md","case-study","general-modding-development","unreviewed",""
"case-studies\source\mods-drive\EmberVault-Control-Center\docs\WEBSITE_HANDOFF.md","case-study","general-modding-development","unreviewed",""
"case-studies\source\mods-drive\EmberVault-Control-Center\embervault_control_center.egg-info\dependency_links.txt","case-study","general-modding-development","unreviewed",""
"case-studies\source\mods-drive\EmberVault-Control-Center\embervault_control_center.egg-info\entry_points.txt","case-study","general-modding-development","unreviewed",""
"case-studies\source\mods-drive\EmberVault-Control-Center\embervault_control_center.egg-info\requires.txt","case-study","general-modding-development","unreviewed",""
"case-studies\source\mods-drive\EmberVault-Control-Center\embervault_control_center.egg-info\SOURCES.txt","case-study","general-modding-development","unreviewed",""
"case-studies\source\mods-drive\EmberVault-Control-Center\embervault_control_center.egg-info\top_level.txt","case-study","general-modding-development","unreviewed",""
"case-studies\source\mods-drive\EmberVault-Control-Center\logs\events.jsonl","case-study","general-modding-development","unreviewed",""
"case-studies\source\mods-drive\EmberVault-Control-Center\modules\content-creator\content_stub.py","case-study","general-modding-development","unreviewed",""
"case-studies\source\mods-drive\EmberVault-Control-Center\modules\example\module.py","case-study","general-modding-development","unreviewed",""
"case-studies\source\mods-drive\EmberVault-Control-Center\modules\trainer\trainer_stub.py","case-study","general-modding-development","unreviewed",""
"case-studies\source\mods-drive\EmberVault-Control-Center\templates\module\module.py","case-study","general-modding-development","unreviewed",""
"case-studies\source\mods-drive\EmberVault\community_service.py","case-study","general-modding-development","unreviewed",""
"case-studies\source\mods-drive\EmberVault\docs\COMMUNITY_PLATFORM.md","case-study","general-modding-development","unreviewed",""
"case-studies\source\mods-drive\EmberVault\docs\DEPLOYMENT.md","case-study","general-modding-development","unreviewed",""
"case-studies\source\mods-drive\EmberVault\docs\RELEASE_CHECKLIST.md","case-study","general-modding-development","unreviewed",""
"case-studies\source\mods-drive\Emberworks\builders_wand\__init__.py","case-study","general-modding-development","unreviewed",""
"case-studies\source\mods-drive\Emberworks\builders_wand\engine.py","case-study","general-modding-development","unreviewed",""
"case-studies\source\mods-drive\Emberworks\chiselcraft\__init__.py","case-study","general-modding-development","unreviewed",""
"case-studies\source\mods-drive\Emberworks\chiselcraft\engine.py","case-study","general-modding-development","unreviewed",""
"case-studies\source\mods-drive\Emberworks\construction_sdk\__init__.py","case-study","general-modding-development","unreviewed",""
"case-studies\source\mods-drive\Emberworks\construction_sdk\models.py","case-study","general-modding-development","unreviewed",""
"case-studies\source\mods-drive\Emberworks\construction_sdk\operations.py","case-study","general-modding-development","unreviewed",""
"case-studies\source\mods-drive\Emberworks\construction_sdk\preview.py","case-study","general-modding-development","unreviewed",""
"case-studies\source\mods-drive\Emberworks\emberworks_mods.egg-info\dependency_links.txt","case-study","general-modding-development","unreviewed",""
"case-studies\source\mods-drive\Emberworks\emberworks_mods.egg-info\SOURCES.txt","case-study","general-modding-development","unreviewed",""
"case-studies\source\mods-drive\Emberworks\emberworks_mods.egg-info\top_level.txt","case-study","general-modding-development","unreviewed",""
"case-studies\source\mods-drive\Emberworks\framed_architecture\__init__.py","case-study","general-modding-development","unreviewed",""
"case-studies\source\mods-drive\Emberworks\framed_architecture\engine.py","case-study","general-modding-development","unreviewed",""
"case-studies\source\mods-drive\Emberworks\HANDOFF_STATUS.md","case-study","general-modding-development","unreviewed",""
"case-studies\source\mods-drive\Emberworks\INSTALL.md","case-study","general-modding-development","unreviewed",""
"case-studies\source\mods-drive\Emberworks\kinetic_works\__init__.py","case-study","general-modding-development","unreviewed",""
"case-studies\source\mods-drive\Emberworks\kinetic_works\engine.py","case-study","general-modding-development","unreviewed",""
"case-studies\source\mods-drive\Emberworks\package_mods.py","case-study","general-modding-development","unreviewed",""
"case-studies\source\mods-drive\Emberworks\restoration\__init__.py","case-study","general-modding-development","unreviewed",""
"case-studies\source\mods-drive\Emberworks\restoration\engine.py","case-study","general-modding-development","unreviewed",""
"case-studies\source\mods-drive\Emberworks\STATUS.md","case-study","general-modding-development","unreviewed",""
"case-studies\source\mods-drive\Emberworks\verify_build.py","case-study","general-modding-development","unreviewed",""
"case-studies\source\mods-drive\Emberworks\worldwright\__init__.py","case-study","general-modding-development","unreviewed",""
"case-studies\source\mods-drive\Emberworks\worldwright\__main__.py","case-study","general-modding-development","unreviewed",""
"case-studies\source\mods-drive\Emberworks\worldwright\engine.py","case-study","general-modding-development","unreviewed",""
"case-studies\source\mods-drive\Emberworks\zooping\__init__.py","case-study","general-modding-development","unreviewed",""
"case-studies\source\mods-drive\Emberworks\zooping\engine.py","case-study","general-modding-development","unreviewed",""
"implementations\source\mods-drive\Cheat Tables\check_mana_signature.py","implementation","general-modding-development","unreviewed",""
"implementations\source\mods-drive\Cheat Tables\compare_mana_matches.py","implementation","general-modding-development","unreviewed",""
"implementations\source\mods-drive\Cheat Tables\Enshrouded_Independent_Feature_Status.md","implementation","general-modding-development","unreviewed",""
"implementations\source\mods-drive\Cheat Tables\Enshrouded_Independent_Phase1_Validation.md","implementation","general-modding-development","unreviewed",""
"implementations\source\mods-drive\Cheat Tables\Enshrouded_Independent_Phase1.CT","implementation","general-modding-development","unreviewed",""
"implementations\source\mods-drive\Cheat Tables\Enshrouded_Low_Risk_Feature_Specs.md","implementation","general-modding-development","unreviewed",""
"implementations\source\mods-drive\Cheat Tables\Enshrouded_Mana_Independent_Prototype.CT","implementation","general-modding-development","unreviewed",""
"implementations\source\mods-drive\Cheat Tables\Enshrouded_Mana_Independent_Prototype.md","implementation","general-modding-development","unreviewed",""
"implementations\source\mods-drive\Cheat Tables\Enshrouded_Master_Trainer_Repair_Report.md","implementation","general-modding-development","unreviewed",""
"implementations\source\mods-drive\Cheat Tables\Enshrouded_Master_Trainer_Repaired.CT","implementation","general-modding-development","unreviewed",""
"implementations\source\mods-drive\Cheat Tables\Enshrouded_Master_Trainer.CT","implementation","general-modding-development","unreviewed",""
"implementations\source\mods-drive\Cheat Tables\Trainer_GUI\backups\trainer_gui_tk_backup.py","implementation","general-modding-development","unreviewed",""
"implementations\source\mods-drive\Cheat Tables\Trainer_GUI\bridge_client.py","implementation","general-modding-development","unreviewed",""
"implementations\source\mods-drive\Cheat Tables\Trainer_GUI\BRIDGE_PROTOCOL.md","implementation","general-modding-development","unreviewed",""
"implementations\source\mods-drive\Cheat Tables\Trainer_GUI\bridge.py","implementation","general-modding-development","unreviewed",""
"implementations\source\mods-drive\Cheat Tables\Trainer_GUI\cheat_engine_bridge.lua","implementation","general-modding-development","unreviewed",""
"implementations\source\mods-drive\Cheat Tables\Trainer_GUI\json.lua","implementation","general-modding-development","unreviewed",""
"implementations\source\mods-drive\Cheat Tables\Trainer_GUI\requirements.txt","implementation","general-modding-development","unreviewed",""
"implementations\source\mods-drive\Cheat Tables\Trainer_GUI\startup_diagnostic.txt","implementation","general-modding-development","unreviewed",""
"implementations\source\mods-drive\Cheat Tables\Trainer_GUI\trainer_gui_qt.py","implementation","general-modding-development","unreviewed",""
"implementations\source\mods-drive\Cheat Tables\Trainer_GUI\trainer_gui.py","implementation","general-modding-development","unreviewed",""
"implementations\source\mods-drive\Cheat Tables\Trainer_GUI\trainer_table.py","implementation","general-modding-development","unreviewed",""
"implementations\source\mods-drive\Cheat Tables\validate_independent_table.py","implementation","general-modding-development","unreviewed",""
"implementations\source\mods-drive\Enshrouded_Implementation_Patterns.md","implementation","general-modding-development","unreviewed",""
"implementations\source\mods-drive\Enshrouded_Independent_Build_Plan.md","implementation","general-modding-development","unreviewed",""
"implementations\source\mods-drive\Export\F7_ACTION_COVERAGE_REPORT.md","implementation","general-modding-development","unreviewed",""
"implementations\source\mods-drive\Export\Handoffs\Custom_GPT_v1.0\CUSTOM_GPT_INSTRUCTIONS_v1.0.txt","implementation","general-modding-development","unreviewed",""
"implementations\source\mods-drive\Export\Handoffs\Master-Feature-Report.txt","implementation","general-modding-development","unreviewed",""
"implementations\source\mods-drive\Export\Reports\F7_ACTION_COVERAGE_REPORT.md","implementation","general-modding-development","unreviewed",""
"implementations\source\mods-drive\Incoming\2026-09-17\INC-0005\Flame_Altar_Tweaks.lua","implementation","general-modding-development","unreviewed",""
"implementations\source\mods-drive\Incoming\2026-09-17\INC-0010\enshrouded_1013216.CT","implementation","general-modding-development","unreviewed",""
"implementations\source\mods-drive\Incoming\2026-09-17\INC-0010\enshrouded.CT","implementation","general-modding-development","unreviewed",""
"implementations\source\mods-drive\Incoming\2026-09-18\INC-0013\Pasted markdown.md","implementation","general-modding-development","unreviewed",""
"implementations\source\mods-drive\Incoming\2026-09-18\INC-0015\INC-0015_root_cause_report.md","implementation","general-modding-development","unreviewed",""
"implementations\source\mods-drive\Incoming\2026-09-18\INC-0017\F7_ACTION_COVERAGE_REPORT.md","implementation","general-modding-development","unreviewed",""
"implementations\source\mods-drive\Incoming\2026-09-18\INC-0017\INC0016_REPAIR_WALKTHROUGH.md","implementation","general-modding-development","unreviewed",""
"implementations\source\mods-drive\Incoming\2026-09-18\INC-0019\agent_ui_stabilization_report.md","implementation","general-modding-development","unreviewed",""
"implementations\source\mods-drive\Incoming\2026-09-19\INC-0031\INC-0031_exact_zip_root_cause.md","implementation","general-modding-development","unreviewed",""
"implementations\source\mods-drive\Incoming\2026-09-19\INC-0040\stamina_authority_phase1_report.md","implementation","general-modding-development","unreviewed",""
"implementations\source\mods-drive\Incoming\2026-09-19\INC-0041\stamina_phase2_summary.md","implementation","general-modding-development","unreviewed",""
"implementations\source\mods-drive\Incoming\2026-09-19\INC-0043\stamina_siteA_pointer_provenance.md","implementation","general-modding-development","unreviewed",""
"implementations\source\mods-drive\Incoming\2026-09-19\INC-0052\enshrouded_1013216.CT","implementation","general-modding-development","unreviewed",""
"implementations\source\mods-drive\Incoming\2026-09-19\INC-0055\enshrouded_1013216.CT","implementation","general-modding-development","unreviewed",""
"implementations\source\mods-drive\Incoming\2026-09-19\INC-0058\enshrouded (1).CT","implementation","general-modding-development","unreviewed",""
"implementations\source\mods-drive\Incoming\2026-09-20\INC-0060\enshrouded_1013216.CT","implementation","general-modding-development","unreviewed",""
"implementations\source\mods-drive\Incoming\2026-09-20\INC-0060\enshrouded.CT","implementation","general-modding-development","unreviewed",""
"implementations\source\mods-drive\Incoming\2026-09-20\INC-0061\enshrouded_1013216.CT","implementation","general-modding-development","unreviewed",""
"implementations\source\mods-drive\Incoming\2026-09-20\INC-0061\enshrouded.CT","implementation","general-modding-development","unreviewed",""
"implementations\source\mods-drive\Incoming\2026-09-20\INC-0062\CODEX_PROMPT_F7_V042_RESPONSIVE_REFACTOR.txt","implementation","general-modding-development","unreviewed",""
"implementations\source\mods-drive\Incoming\2026-09-21\INC-0063\INTAKE.md","implementation","general-modding-development","unreviewed",""
"implementations\source\mods-drive\Incoming\2026-09-21\INC-0064\base.lua","implementation","general-modding-development","unreviewed",""
"implementations\source\mods-drive\Incoming\2026-09-21\INC-0064\INC-0064-intake.txt","implementation","general-modding-development","unreviewed",""
"implementations\source\mods-drive\Incoming\2026-09-21\INC-0064\types.lua","implementation","general-modding-development","unreviewed",""
"implementations\source\mods-drive\Incoming\2026-09-24\INC-0065\Enshrouded_Master_Trainer.CT","implementation","general-modding-development","unreviewed",""
"implementations\source\mods-drive\Incoming\2026-09-25\INC-0067\Enshrouded_Master_Trainer_Repair_Report.md","implementation","general-modding-development","unreviewed",""
"implementations\source\mods-drive\Incoming\2026-09-25\INC-0067\Enshrouded_Master_Trainer.CT","implementation","general-modding-development","unreviewed",""
"LICENSE","reference","general-modding-development","unreviewed",""
"research\FINDINGS.md","research","general-modding-development","unreviewed",""
"research\INDEX.md","research","general-modding-development","unreviewed",""
"research\MODDING_SURFACE.md","research","general-modding-development","unreviewed",""
"research\RECORD_TEMPLATE.md","research","general-modding-development","unreviewed",""
"research\source\mods-drive\Architect_Mod\Code_History\CODE-0037-working\architect_toolkit\docs\research\Backend-CODE-0031-LiveBackendFoundation.md","research","general-modding-development","unreviewed",""
"research\source\mods-drive\Architect_Mod\Code_History\CODE-0037-working\architect_toolkit\docs\research\CameraFOV-CODE-0032-LiveResourceDiscovery.md","research","general-modding-development","unreviewed",""
"research\source\mods-drive\Architect_Mod\Code_History\CODE-0037-working\architect_toolkit\docs\research\CODE-0032-First-Live-Cheat-Sprint.md","research","general-modding-development","unreviewed",""
"research\source\mods-drive\Architect_Mod\Code_History\CODE-0037-working\architect_toolkit\docs\research\CODE-0033-Movement-Stamina-Correlation.md","research","general-modding-development","unreviewed",""
"research\source\mods-drive\Architect_Mod\Code_History\CODE-0037-working\architect_toolkit\docs\research\EntityInspector-CODE-0027.md","research","general-modding-development","unreviewed",""
"research\source\mods-drive\Architect_Mod\Code_History\CODE-0037-working\architect_toolkit\docs\research\EntityInspector-CODE-0029-ECSSystemRecovery.md","research","general-modding-development","unreviewed",""
"research\source\mods-drive\Architect_Mod\Code_History\CODE-0037-working\architect_toolkit\docs\research\ParentFrameLifetimeCorrelation-Qualification-v1.md","research","general-modding-development","unreviewed",""
"research\source\mods-drive\Architect_Mod\Code_History\CODE-0037-working\architect_toolkit\docs\research\ParentRelaySafetyClosure-Qualification-v1.md","research","general-modding-development","unreviewed",""
"research\source\mods-drive\Architect_Mod\Code_History\CODE-0037-working\architect_toolkit\temp_zip\architect_toolkit\docs\research\Backend-CODE-0031-LiveBackendFoundation.md","research","general-modding-development","unreviewed",""
"research\source\mods-drive\Architect_Mod\Code_History\CODE-0037-working\architect_toolkit\temp_zip\architect_toolkit\docs\research\CameraFOV-CODE-0032-LiveResourceDiscovery.md","research","general-modding-development","unreviewed",""
"research\source\mods-drive\Architect_Mod\Code_History\CODE-0037-working\architect_toolkit\temp_zip\architect_toolkit\docs\research\CODE-0032-First-Live-Cheat-Sprint.md","research","general-modding-development","unreviewed",""
"research\source\mods-drive\Architect_Mod\Code_History\CODE-0037-working\architect_toolkit\temp_zip\architect_toolkit\docs\research\CODE-0033-Movement-Stamina-Correlation.md","research","general-modding-development","unreviewed",""
"research\source\mods-drive\Architect_Mod\Code_History\CODE-0037-working\architect_toolkit\temp_zip\architect_toolkit\docs\research\EntityInspector-CODE-0027.md","research","general-modding-development","unreviewed",""
"research\source\mods-drive\Architect_Mod\Code_History\CODE-0037-working\architect_toolkit\temp_zip\architect_toolkit\docs\research\EntityInspector-CODE-0029-ECSSystemRecovery.md","research","general-modding-development","unreviewed",""
"research\source\mods-drive\Architect_Mod\Code_History\CODE-0037-working\architect_toolkit\temp_zip\architect_toolkit\docs\research\ParentFrameLifetimeCorrelation-Qualification-v1.md","research","general-modding-development","unreviewed",""
"research\source\mods-drive\Architect_Mod\Code_History\CODE-0037-working\architect_toolkit\temp_zip\architect_toolkit\docs\research\ParentRelaySafetyClosure-Qualification-v1.md","research","general-modding-development","unreviewed",""
"research\source\mods-drive\Architect_Mod\Code_History\CODE-0041\CODE-0041_POST_CODEX_AUDIT.md","research","general-modding-development","unreviewed",""
"research\source\mods-drive\Architect_Mod\Code_History\CODE-0041A\CODE-0041A_AUDIT.md","research","general-modding-development","unreviewed",""
"research\source\mods-drive\Architect_Mod\Code_History\CODE-0041B\CODE-0041B_AUDIT.md","research","general-modding-development","unreviewed",""
"research\source\mods-drive\Architect_Mod\Code_History\CODE-0042A\CODE-0042A_CATALOG_SLICE_AUDIT.md","research","general-modding-development","unreviewed",""
"research\source\mods-drive\Architect_Mod\Code_History\CODE-0042B\CODE-0042B_AUDIT.md","research","general-modding-development","unreviewed",""
"research\source\mods-drive\Architect_Mod\Code_History\CODE-0042C\CODE-0042C_AUDIT.md","research","general-modding-development","unreviewed",""
"research\source\mods-drive\Architect_Mod\Code_History\CODE-0042D\CODE-0042D_AUDIT.md","research","general-modding-development","unreviewed",""
"research\source\mods-drive\Architect_Mod\Code_History\CODE-0042E\CODE-0042E_AUDIT.md","research","general-modding-development","unreviewed",""
"research\source\mods-drive\Architect_Mod\Code_History\CODE-0042F\CODE-0042F_AUDIT.md","research","general-modding-development","unreviewed",""
"research\source\mods-drive\Architect_Mod\Code_History\CODE-0042F\CODE-0042F2_AUDIT_NOTE.md","research","general-modding-development","unreviewed",""
"research\source\mods-drive\Architect_Mod\Code_History\CODE-0042G1\CODE-0042G1_AUDIT.md","research","general-modding-development","unreviewed",""
"research\source\mods-drive\Architect_Mod\Code_History\CODE-0042G1C\CODE-0042G1C_AUDIT.md","research","general-modding-development","unreviewed",""
"research\source\mods-drive\Architect_Mod\Code_History\CODE-0042G1C2\CODE-0042G1C2_AUDIT.md","research","general-modding-development","unreviewed",""
"research\source\mods-drive\Architect_Mod\Code_History\CODE-0042G1C3\CODE-0042G1C3_AUDIT.md","research","general-modding-development","unreviewed",""
"research\source\mods-drive\Architect_Mod\Code_History\CODE-0042G1C4\CODE-0042G1C4_AUDIT.md","research","general-modding-development","unreviewed",""
"research\source\mods-drive\Architect_Mod\Code_History\CODE-0042G1D\CODE-0042G1D_AUDIT.md","research","general-modding-development","unreviewed",""
"research\source\mods-drive\Architect_Mod\Code_History\CODE-0042G1E\CODE-0042G1E_AUDIT.md","research","general-modding-development","unreviewed",""
"research\source\mods-drive\Architect_Mod\Code_History\CODE-0042G1E2\CODE-0042G1E2_AUDIT.md","research","general-modding-development","unreviewed",""
"research\source\mods-drive\Architect_Mod\Code_History\CODE-0042G1F1\CODE-0042G1F1_AUDIT.md","research","general-modding-development","unreviewed",""
"research\source\mods-drive\Architect_Mod\Code_History\CODE-0042G1F1A\CODE-0042G1F1A_REGISTRY_SCHEMA_AUDIT.md","research","general-modding-development","unreviewed",""
"research\source\mods-drive\Architect_Mod\Code_History\CODE-0042G1F1B\CODE-0042G1F1B_AUDIT.md","research","general-modding-development","unreviewed",""
"research\source\mods-drive\Architect_Mod\Code_History\CODE-0042G1F1C\CODE-0042G1F1C_AUDIT.md","research","general-modding-development","unreviewed",""
"research\source\mods-drive\Architect_Mod\Code_History\CODE-0042G1F2\CODE-0042G1F2_AUDIT.md","research","general-modding-development","unreviewed",""
"research\source\mods-drive\Architect_Mod\Code_History\CODE-0042G2A\CODE-0042G2A_AUDIT.md","research","general-modding-development","unreviewed",""
"research\source\mods-drive\Architect_Mod\Code_History\CODE-0042G2B\CODE-0042G2B_AUDIT.md","research","general-modding-development","unreviewed",""
"research\source\mods-drive\Architect_Mod\Code_History\CODE-0042G2C\CODE-0042G2C_AUDIT.md","research","general-modding-development","unreviewed",""
"research\source\mods-drive\Architect_Mod\Code_History\CODE-0042G2D\CODE-0042G2D_AUDIT.md","research","general-modding-development","unreviewed",""
"research\source\mods-drive\Architect_Mod\Code_History\CODE-0042G2E\CODE-0042G2E_AUDIT.md","research","general-modding-development","unreviewed",""
"research\source\mods-drive\Architect_Mod\Code_History\CODE-0042G3A\CODE-0042G3A_AUDIT.md","research","general-modding-development","unreviewed",""
"research\source\mods-drive\Architect_Mod\Code_History\CODE-0042G3A1\CODE-0042G3A1_AUDIT.md","research","general-modding-development","unreviewed",""
"research\source\mods-drive\Architect_Mod\Code_History\CODE-0042G3B\CODE-0042G3B_AUDIT.md","research","general-modding-development","unreviewed",""
"research\source\mods-drive\Architect_Mod\Code_History\CODE-0042G3C\CODE-0042G3C_AUDIT.md","research","general-modding-development","unreviewed",""
"research\source\mods-drive\Architect_Mod\Code_History\CODE-0042G3D\CODE-0042G3D_AUDIT.md","research","general-modding-development","unreviewed",""
"research\source\mods-drive\Architect_Mod\Code_History\CODE-0042G3D0\CODE-0042G3D0_AUDIT.md","research","general-modding-development","unreviewed",""
"research\source\mods-drive\Architect_Mod\Code_History\CODE-0042G3E\CODE-0042G3E_AUDIT.md","research","general-modding-development","unreviewed",""
"research\source\mods-drive\Architect_Mod\Code_History\CODE-0042G3F\CODE-0042G3F_AUDIT.md","research","general-modding-development","unreviewed",""
"research\source\mods-drive\Architect_Mod\Code_History\CODE-0042G4\CODE-0042G4_AUDIT.md","research","general-modding-development","unreviewed",""
"research\source\mods-drive\Architect_Mod\Code_History\CODE-0042G4\CODEX_PROMPT_CODE0042G4A_AUDIT_BOUNDARY_REPAIR.txt","research","general-modding-development","unreviewed",""
"research\source\mods-drive\Architect_Mod\Code_History\CODE-0042G4A\CODE-0042G4A_AUDIT.md","research","general-modding-development","unreviewed",""
"research\source\mods-drive\Architect_Mod\Code_History\CODE-0042G5A\CODE-0042G5A_AUDIT.md","research","general-modding-development","unreviewed",""
"research\source\mods-drive\Architect_Mod\Code_History\CODE-0042G5A1\CODE-0042G5A1_AUDIT.md","research","general-modding-development","unreviewed",""
"research\source\mods-drive\Architect_Mod\Code_History\CODE-0042G5B\CODE-0042G5B_AUDIT.md","research","general-modding-development","unreviewed",""
"research\source\mods-drive\Architect_Mod\Code_History\CODE-0042G5B1_PARTIAL\CODE-0042G5B1_PARTIAL_AUDIT.md","research","general-modding-development","unreviewed",""
"research\source\mods-drive\Architect_Mod\Code_History\CODE-0042G5B1R7\CODE-0042G5B1R7_NOOP_AUDIT.md","research","general-modding-development","unreviewed",""
"research\source\mods-drive\Architect_Mod\Code_History\CODE-0042G5C\CODE-0042G5C_GOAL_AUDIT.md","research","general-modding-development","unreviewed",""
"research\source\mods-drive\Architect_Mod\Code_History\CODE-0042G5D\CODE-0042G5D_GOAL_AUDIT.md","research","general-modding-development","unreviewed",""
"research\source\mods-drive\Architect_Mod\Code_History\CODE-0042G5E\CODE-0042G5E_GOAL_AUDIT.md","research","general-modding-development","unreviewed",""
"research\source\mods-drive\Architect_Mod\Code_History\CODE-0042G5F\CODE-0042G5F_GOAL_AUDIT.md","research","general-modding-development","unreviewed",""
"research\source\mods-drive\Architect_Mod\Code_History\CODE-0042G5G\CODE-0042G5G_GOAL_AUDIT.md","research","general-modding-development","unreviewed",""
"research\source\mods-drive\Architect_Mod\Code_History\CODE-0042G5H\CODE-0042G5H_CLOSEOUT_BLOCKER_AUDIT.md","research","general-modding-development","unreviewed",""
"research\source\mods-drive\Architect_Mod\Code_History\CODE-0042G5H\CODE-0042G5H_GOAL_AUDIT.md","research","general-modding-development","unreviewed",""
"research\source\mods-drive\Architect_Mod\Code_History\CODE-0042G5I\CODE-0042G5I_GOAL_AUDIT.md","research","general-modding-development","unreviewed",""
"research\source\mods-drive\Architect_Mod\Code_History\CODE-0042G5J\CODE-0042G5J_GOAL_AUDIT.md","research","general-modding-development","unreviewed",""
"research\source\mods-drive\Architect_Mod\Code_History\CODE-0042G5K\CODE-0042G5K_CLOSEOUT_BLOCKER_AUDIT.md","research","general-modding-development","unreviewed",""
"research\source\mods-drive\Architect_Mod\Code_History\CODE-0042G5K\CODE-0042G5K_GOAL_AUDIT.md","research","general-modding-development","unreviewed",""
"research\source\mods-drive\Architect_Mod\Code_History\CODE-0043G6A\CODE-0043G6A_GOAL_AUDIT.md","research","general-modding-development","unreviewed",""
"research\source\mods-drive\Architect_Mod\Code_History\CODE-0044A\candidate\analysis.txt","research","general-modding-development","unreviewed",""
"research\source\mods-drive\Architect_Mod\Code_History\CODE-0044A\candidate\detailed_audit.py","research","general-modding-development","unreviewed",""
"research\source\mods-drive\Architect_Mod\Code_History\CODE-0044A\candidate\docs\research\Backend-CODE-0031-LiveBackendFoundation.md","research","general-modding-development","unreviewed",""
"research\source\mods-drive\Architect_Mod\Code_History\CODE-0044A\candidate\docs\research\CameraFOV-CODE-0032-LiveResourceDiscovery.md","research","general-modding-development","unreviewed",""
"research\source\mods-drive\Architect_Mod\Code_History\CODE-0044A\candidate\docs\research\CODE-0032-First-Live-Cheat-Sprint.md","research","general-modding-development","unreviewed",""
"research\source\mods-drive\Architect_Mod\Code_History\CODE-0044A\candidate\docs\research\CODE-0033-Movement-Stamina-Correlation.md","research","general-modding-development","unreviewed",""
"research\source\mods-drive\Architect_Mod\Code_History\CODE-0044A\candidate\docs\research\EntityInspector-CODE-0027.md","research","general-modding-development","unreviewed",""
"research\source\mods-drive\Architect_Mod\Code_History\CODE-0044A\candidate\docs\research\EntityInspector-CODE-0029-ECSSystemRecovery.md","research","general-modding-development","unreviewed",""
"research\source\mods-drive\Architect_Mod\Code_History\CODE-0044A\candidate\docs\research\ParentFrameLifetimeCorrelation-Qualification-v1.md","research","general-modding-development","unreviewed",""
"research\source\mods-drive\Architect_Mod\Code_History\CODE-0044A\candidate\docs\research\ParentRelaySafetyClosure-Qualification-v1.md","research","general-modding-development","unreviewed",""
"research\source\mods-drive\Architect_Mod\Code_History\CODE-0044A\candidate\micro_audit.py","research","general-modding-development","unreviewed",""
"research\source\mods-drive\Architect_Mod\Code_History\CODE-0044A\candidate\parse_analysis.py","research","general-modding-development","unreviewed",""
"research\source\mods-drive\Architect_Mod\Code_History\CODE-0044A\source_diff\tools_CODE-0044A\ArchitectShapeCatalogAudit.txt","research","general-modding-development","unreviewed",""
"research\source\mods-drive\Architect_Mod\Code_History\CODE-0044B\CODE-0044B_catalog_audit.txt","research","general-modding-development","unreviewed",""
"research\source\mods-drive\Architect_Mod\Code_History\CODE-0044B\CODE-0044B_geometry_audit.txt","research","general-modding-development","unreviewed",""
"research\source\mods-drive\Architect_Mod\Research\Core\CARRIER_MUTATION_SAFETY.md","research","general-modding-development","unreviewed",""
"research\source\mods-drive\Architect_Mod\Research\Core\UNDO_REDO_ARCHITECTURE.md","research","general-modding-development","unreviewed",""
"research\source\mods-drive\Architect_Mod\Research\INC-0060_External_Cheat_Mod_Deep_Dive\1013216_F7_Coverage.csv","research","general-modding-development","unreviewed",""
"research\source\mods-drive\Architect_Mod\Research\INC-0060_External_Cheat_Mod_Deep_Dive\1013216_Fixed_Teleport_Locations.csv","research","general-modding-development","unreviewed",""
"research\source\mods-drive\Architect_Mod\Research\INC-0060_External_Cheat_Mod_Deep_Dive\1013216_Stats_Current_Build_Mapping.csv","research","general-modding-development","unreviewed",""
"research\source\mods-drive\Architect_Mod\Research\INC-0060_External_Cheat_Mod_Deep_Dive\All_Cheat_Table_Trees.txt","research","general-modding-development","unreviewed",""
"research\source\mods-drive\Architect_Mod\Research\INC-0060_External_Cheat_Mod_Deep_Dive\Cross_Table_AOB_Duplicates.txt","research","general-modding-development","unreviewed",""
"research\source\mods-drive\Architect_Mod\Research\INC-0060_External_Cheat_Mod_Deep_Dive\Current_Build_Attribute_Map_1076226.csv","research","general-modding-development","unreviewed",""
"research\source\mods-drive\Architect_Mod\Research\INC-0060_External_Cheat_Mod_Deep_Dive\F7_Capability_Normalization.csv","research","general-modding-development","unreviewed",""
"research\source\mods-drive\Architect_Mod\Research\INC-0060_External_Cheat_Mod_Deep_Dive\INC-0060_External_Cheat_Mod_Deep_Dive.md","research","general-modding-development","unreviewed",""
"research\source\mods-drive\Architect_Mod\Research\UI\F8_BACKEND_PROTOCOL.md","research","general-modding-development","unreviewed",""
"research\source\mods-drive\Cheat Tables\audit_ct.py","research","general-modding-development","unreviewed",""
"research\source\mods-drive\Cheat Tables\Enshrouded_Reverse_Analysis_Report.md","research","general-modding-development","unreviewed",""
"research\source\mods-drive\Control_Center_Next\knowledge\guides\BEGINNER_CONTENT_WIZARD_GUIDE.md","research","general-modding-development","unreviewed",""
"research\source\mods-drive\Control_Center_Next\knowledge\guides\BLENDERTOOLS_GUIDE.md","research","general-modding-development","unreviewed",""
"research\source\mods-drive\Control_Center_Next\knowledge\guides\BUILDER_GUIDE.md","research","general-modding-development","unreviewed",""
"research\source\mods-drive\Control_Center_Next\knowledge\guides\CAPABILITY_LIMITATIONS.md","research","general-modding-development","unreviewed",""
"research\source\mods-drive\Control_Center_Next\knowledge\guides\CLONE_AND_PATCH_GUIDE.md","research","general-modding-development","unreviewed",""
"research\source\mods-drive\Control_Center_Next\knowledge\guides\EML_API_GUIDE.md","research","general-modding-development","unreviewed",""
"research\source\mods-drive\Control_Center_Next\knowledge\guides\MOD_AUTHOR_GUIDE.md","research","general-modding-development","unreviewed",""
"research\source\mods-drive\Control_Center_Next\knowledge\guides\MOD_INSTALLATION_GUIDE.md","research","general-modding-development","unreviewed",""
"research\source\mods-drive\Control_Center_Next\knowledge\guides\RECOVERY_GUIDE.md","research","general-modding-development","unreviewed",""
"research\source\mods-drive\Control_Center_Next\knowledge\guides\RESEARCH_LAB_GUIDE.md","research","general-modding-development","unreviewed",""
"research\source\mods-drive\Control_Center_Next\knowledge\guides\SAVE_BACKUP_GUIDE.md","research","general-modding-development","unreviewed",""
"research\source\mods-drive\Control_Center_Next\knowledge\guides\SECURITY_AND_SAFETY_POLICY.md","research","general-modding-development","unreviewed",""
"research\source\mods-drive\Control_Center_Next\knowledge\guides\TROUBLESHOOTING_GUIDE.md","research","general-modding-development","unreviewed",""
"research\source\mods-drive\Control_Center_Next\knowledge\guides\TUNING_GUIDE.md","research","general-modding-development","unreviewed",""
"research\source\mods-drive\Control_Center_Next\knowledge\guides\USER_GUIDE.md","research","general-modding-development","unreviewed",""
"research\source\mods-drive\Control_Center_Next\knowledge\guides\VISUAL_SUBSTITUTION_GUIDE.md","research","general-modding-development","unreviewed",""
"research\source\mods-drive\Control_Center_Next\knowledge\guides\WORLD_GENERATION_RESEARCH_GUIDE.md","research","general-modding-development","unreviewed",""
"research\source\mods-drive\Control_Center\core\persistence_analysis.py","research","general-modding-development","unreviewed",""
"research\source\mods-drive\Control_Center\core\research_lab.py","research","general-modding-development","unreviewed",""
"research\source\mods-drive\Control_Center\docs\RESEARCH_LAB_GUIDE.md","research","general-modding-development","unreviewed",""
"research\source\mods-drive\Control_Center\docs\RESEARCH_LAB_ICON_EVIDENCE_20260927.md","research","general-modding-development","unreviewed",""
"research\source\mods-drive\Control_Center\docs\RETROFIT_COMPLETION_AUDIT_20260926.md","research","general-modding-development","unreviewed",""
"research\source\mods-drive\Control_Center\docs\WORLD_GENERATION_RESEARCH_GUIDE.md","research","general-modding-development","unreviewed",""
"research\source\mods-drive\Control_Center\modules\knowledge_and_map\patch.lua","research","general-modding-development","unreviewed",""
"research\source\mods-drive\Control_Center\research\ACCELERATED_NEXT_ACTIONS_20260928.md","research","general-modding-development","unreviewed",""
"research\source\mods-drive\Control_Center\research\AI_ATTACK_DEPENDENCY_MAPPING_20260928.md","research","general-modding-development","unreviewed",""
"research\source\mods-drive\Control_Center\research\AI_DONOR_CLONE_PLAN_20260928.md","research","general-modding-development","unreviewed",""
"research\source\mods-drive\Control_Center\research\AI_EVENT_DEPENDENCY_CLOSURE_20260928.md","research","general-modding-development","unreviewed",""
"research\source\mods-drive\Control_Center\research\AI_SEQUENCE_CLONE_PLAN_20260928.md","research","general-modding-development","unreviewed",""
"research\source\mods-drive\Control_Center\research\ASSET_PUBLICATION_FINDINGS_1076226.md","research","general-modding-development","unreviewed",""
"research\source\mods-drive\Control_Center\research\BED_VISUAL_FIELD_EVIDENCE_20260927.md","research","general-modding-development","unreviewed",""
"research\source\mods-drive\Control_Center\research\BUILDER_ASSISTANCE_BOUNDARY_20260927.md","research","general-modding-development","unreviewed",""
"research\source\mods-drive\Control_Center\research\CAPABILITY_LIMITATIONS_REPORT_20260927.md","research","general-modding-development","unreviewed",""
"research\source\mods-drive\Control_Center\research\CATALOG_PREVIEW_BOUNDARY_20260928.md","research","general-modding-development","unreviewed",""
"research\source\mods-drive\Control_Center\research\CATALOG_PREVIEW_COOKING_SCALE_EVIDENCE_20260929.md","research","general-modding-development","unreviewed",""
"research\source\mods-drive\Control_Center\research\CATALOG_PREVIEW_EXPOSURE_EVIDENCE_20260929.md","research","general-modding-development","unreviewed",""
"research\source\mods-drive\Control_Center\research\CATALOG_PREVIEW_IMAGE_ONLY_EVIDENCE_20260929.md","research","general-modding-development","unreviewed",""
"research\source\mods-drive\Control_Center\research\CATALOG_PREVIEW_MODEL_SCENE_ONLY_EVIDENCE_20260929.md","research","general-modding-development","unreviewed",""
"research\source\mods-drive\Control_Center\research\CATALOG_PREVIEW_RENDER_CONTROLS_EVIDENCE_20260929.md","research","general-modding-development","unreviewed",""
"research\source\mods-drive\Control_Center\research\CATALOG_TRACE_QUICKSTART.md","research","general-modding-development","unreviewed",""
"research\source\mods-drive\Control_Center\research\CONTENT_DEFINITION_CUSTOMIZATION_CONTRACT_20260927.md","research","general-modding-development","unreviewed",""
"research\source\mods-drive\Control_Center\research\CUSTOM_ICON_IMPORT_EVIDENCE_20260927.md","research","general-modding-development","unreviewed",""
"research\source\mods-drive\Control_Center\research\CUSTOM_ICON_IMPORT_ROUTE_20260927.md","research","general-modding-development","unreviewed",""
"research\source\mods-drive\Control_Center\research\DEVELOPMENT_ACCELERATION_PLAN_20260927.md","research","general-modding-development","unreviewed",""
"research\source\mods-drive\Control_Center\research\EML_LUA_EXECUTION_GUARD_20260928.md","research","general-modding-development","unreviewed",""
"research\source\mods-drive\Control_Center\research\EML_MAPPED_VARIANT_BOUNDARY_20260928.md","research","general-modding-development","unreviewed",""
"research\source\mods-drive\Control_Center\research\EML_MAPPED_VARIANT_PAIRS_UPGRADE_20260928.md","research","general-modding-development","unreviewed",""
"research\source\mods-drive\Control_Center\research\EML_PROXY_PANIC_SAFE_INITIALIZATION_20260928.md","research","general-modding-development","unreviewed",""
"research\source\mods-drive\Control_Center\research\EML_RESOURCE_REGISTRATION_UPGRADE_20260926.md","research","general-modding-development","unreviewed",""
"research\source\mods-drive\Control_Center\research\EML_TEMPLATE_RESOURCE_ACCESS_ANALYSIS_20260927.md","research","general-modding-development","unreviewed",""
"research\source\mods-drive\Control_Center\research\EML_TEXTURE_MUTATION_API_BOUNDARY_20260929.md","research","general-modding-development","unreviewed",""
"research\source\mods-drive\Control_Center\research\EML_Tuning_Control_Audit_2026-09-25.md","research","general-modding-development","unreviewed",""
"research\source\mods-drive\Control_Center\research\ENSHROUDED_CONTENT_LOADER_DETAILED_SUMMARY_20260926.md","research","general-modding-development","unreviewed",""
"research\source\mods-drive\Control_Center\research\EVIDENCE_INDEX_20260927.md","research","general-modding-development","unreviewed",""
"research\source\mods-drive\Control_Center\research\EXTERNAL_BLENDER_TOOLS_COMPARISON_20260928.md","research","general-modding-development","unreviewed",""
"research\source\mods-drive\Control_Center\research\EXTERNAL_SAVE_EXPLORER_COMPARISON_20260928.md","research","general-modding-development","unreviewed",""
"research\source\mods-drive\Control_Center\research\FBUIBUNDLE_PREVIEW_CANDIDATES_20260928.md","research","general-modding-development","unreviewed",""
"research\source\mods-drive\Control_Center\research\INTERACTION_DONOR_SEARCH_20260928.md","research","general-modding-development","unreviewed",""
"research\source\mods-drive\Control_Center\research\ISOLATED_FULL_ICON_MODEL_SMOKE_EVIDENCE_20260927.md","research","general-modding-development","unreviewed",""
"research\source\mods-drive\Control_Center\research\LOCALIZATION_COMBINED_BED_LIVE_SMOKE_20260927.md","research","general-modding-development","unreviewed",""
"research\source\mods-drive\Control_Center\research\LOCALIZATION_TAG_ONLY_LIVE_SMOKE_20260927.md","research","general-modding-development","unreviewed",""
"research\source\mods-drive\Control_Center\research\LOCALIZATION_UI_VALIDATION_20260926.md","research","general-modding-development","unreviewed",""
"research\source\mods-drive\Control_Center\research\LOCALIZATION_UI_VALIDATION_RUNBOOK_20260927.md","research","general-modding-development","unreviewed",""
"research\source\mods-drive\Control_Center\research\LOG_ROTATION_RECOVERY_20260927.md","research","general-modding-development","unreviewed",""
"research\source\mods-drive\Control_Center\research\MATERIAL_TEXTURE_ASSIGNMENT_BOUNDARY_20260929.md","research","general-modding-development","unreviewed",""
"research\source\mods-drive\Control_Center\research\MILESTONE_1_CAPABILITY_REPORT_20260927.md","research","general-modding-development","unreviewed",""
"research\source\mods-drive\Control_Center\research\MILESTONE_2_PLATFORM_PROGRESS_20260927.md","research","general-modding-development","unreviewed",""
"research\source\mods-drive\Control_Center\research\MODULE_MATURITY_MIGRATION_20260927.md","research","general-modding-development","unreviewed",""
"research\source\mods-drive\Control_Center\research\ORIGINAL_ASSET_IMPORT_BOUNDARY_20260928.md","research","general-modding-development","unreviewed",""
"research\source\mods-drive\Control_Center\research\PHASE1_CAPABILITY_MATRIX_20260927.md","research","general-modding-development","unreviewed",""
"research\source\mods-drive\Control_Center\research\PHASED_PLATFORM_ROADMAP_20260927.md","research","general-modding-development","unreviewed",""
"research\source\mods-drive\Control_Center\research\PROJECT_COMPLETION_AUDIT_20260928.md","research","general-modding-development","unreviewed",""
"research\source\mods-drive\Control_Center\research\QUEST_CLONE_PLAN_20260928.md","research","general-modding-development","unreviewed",""
"research\source\mods-drive\Control_Center\research\RECIPE_CUSTOMIZATION_AUTHORING_20260928.md","research","general-modding-development","unreviewed",""
"research\source\mods-drive\Control_Center\research\RECIPE_CUSTOMIZATION_EVIDENCE_20260928.md","research","general-modding-development","unreviewed",""
"research\source\mods-drive\Control_Center\research\RECIPE_KNOWLEDGE_REQUIREMENT_EVIDENCE_20260928.md","research","general-modding-development","unreviewed",""
"research\source\mods-drive\Control_Center\research\RECIPE_SCHEMA_DISCOVERY_20260928.md","research","general-modding-development","unreviewed",""
"research\source\mods-drive\Control_Center\research\RECIPE_WORKSHOP_REQUIREMENTS_EVIDENCE_20260928.md","research","general-modding-development","unreviewed",""
"research\source\mods-drive\Control_Center\research\REGISTERED_VISUAL_SUBSTITUTION_LIVE_SMOKE_20260927.md","research","general-modding-development","unreviewed",""
"research\source\mods-drive\Control_Center\research\REGISTRY_TYPED_ARRAY_FINDINGS_20260927.md","research","general-modding-development","unreviewed",""
"research\source\mods-drive\Control_Center\research\RENDER_MODEL_GUID_EVIDENCE_20260927.md","research","general-modding-development","unreviewed",""
"research\source\mods-drive\Control_Center\research\RENDERMODEL_EXTERNAL_PUBLICATION_EVIDENCE_20260929.md","research","general-modding-development","unreviewed",""
"research\source\mods-drive\Control_Center\research\RENDERMODEL_MATERIAL_GRAPH_BOUNDARY_20260929.md","research","general-modding-development","unreviewed",""
"research\source\mods-drive\Control_Center\research\STABLE_LOADER_SMOKE_EVIDENCE_20260927_2150.md","research","general-modding-development","unreviewed",""
"research\source\mods-drive\Control_Center\research\STABLE_LOADER_SMOKE_EVIDENCE_20260927.md","research","general-modding-development","unreviewed",""
"research\source\mods-drive\Control_Center\research\STABLE_LOADER_SMOKE_EVIDENCE_20260928.md","research","general-modding-development","unreviewed",""
"research\source\mods-drive\Control_Center\research\staging\catalog_preview_cleared_fallbacks_20260929_r2\src\mod.lua","research","general-modding-development","unreviewed",""
"research\source\mods-drive\Control_Center\research\staging\catalog_preview_cooking_scale_20260929\src\mod.lua","research","general-modding-development","unreviewed",""
"research\source\mods-drive\Control_Center\research\staging\catalog_preview_exposure_20260929\src\mod.lua","research","general-modding-development","unreviewed",""
"research\source\mods-drive\Control_Center\research\staging\catalog_preview_image_only_20260929_r2\src\mod.lua","research","general-modding-development","unreviewed",""
"research\source\mods-drive\Control_Center\research\staging\catalog_preview_image_only_20260929\src\mod.lua","research","general-modding-development","unreviewed",""
"research\source\mods-drive\Control_Center\research\staging\catalog_preview_model_scene_only_20260929\src\mod.lua","research","general-modding-development","unreviewed",""
"research\source\mods-drive\Control_Center\research\staging\catalog_preview_r34_image_only\src\mod.lua","research","general-modding-development","unreviewed",""
"research\source\mods-drive\Control_Center\research\staging\catalog_preview_r34_model_scene\src\mod.lua","research","general-modding-development","unreviewed",""
"research\source\mods-drive\Control_Center\research\staging\catalog_preview_r34_render_controls\src\mod.lua","research","general-modding-development","unreviewed",""
"research\source\mods-drive\Control_Center\research\staging\catalog_preview_r35_iconRenderCookingScale\src\mod.lua","research","general-modding-development","unreviewed",""
"research\source\mods-drive\Control_Center\research\staging\catalog_preview_r35_iconRenderGlobalScale\src\mod.lua","research","general-modding-development","unreviewed",""
"research\source\mods-drive\Control_Center\research\staging\catalog_preview_r35_overrideSceneExposure\src\mod.lua","research","general-modding-development","unreviewed",""
"research\source\mods-drive\Control_Center\research\staging\catalog_preview_r35b_iconRenderCookingScale\src\mod.lua","research","general-modding-development","unreviewed",""
"research\source\mods-drive\Control_Center\research\staging\catalog_preview_r35b_iconRenderGlobalScale\src\mod.lua","research","general-modding-development","unreviewed",""
"research\source\mods-drive\Control_Center\research\staging\catalog_preview_r35b_iconRenderOffset\src\mod.lua","research","general-modding-development","unreviewed",""
"research\source\mods-drive\Control_Center\research\staging\catalog_preview_r35b_overrideSceneExposure\src\mod.lua","research","general-modding-development","unreviewed",""
"research\source\mods-drive\Control_Center\research\staging\catalog_preview_render_controls_20260929\src\mod.lua","research","general-modding-development","unreviewed",""
"research\source\mods-drive\Control_Center\research\staging\visual_substitution_r37_material\src\mod.lua","research","general-modding-development","unreviewed",""
"research\source\mods-drive\Control_Center\research\staging\visual_substitution_r37b_material\src\mod.lua","research","general-modding-development","unreviewed",""
"research\source\mods-drive\Control_Center\research\STEAM_LAUNCH_PATH_20260927.md","research","general-modding-development","unreviewed",""
"research\source\mods-drive\Control_Center\research\TEMPLATE_VARIANT_FULL_PIPELINE_20260927.md","research","general-modding-development","unreviewed",""
"research\source\mods-drive\Control_Center\research\TEMPLATE_VISUAL_CANDIDATE_159B_PLAN_20260927.md","research","general-modding-development","unreviewed",""
"research\source\mods-drive\Control_Center\research\templates\CONTENT_DEFINITION_WITH_ICON.md","research","general-modding-development","unreviewed",""
"research\source\mods-drive\Control_Center\research\tools\find_icon_pairs.py","research","general-modding-development","unreviewed",""
"research\source\mods-drive\Control_Center\research\tools\verify_icon_import_log.py","research","general-modding-development","unreviewed",""
"research\source\mods-drive\Control_Center\research\TUNING_COVERAGE_FINDINGS_20260927.md","research","general-modding-development","unreviewed",""
"research\source\mods-drive\Control_Center\research\UI_CATALOG_CLONING_20260926.md","research","general-modding-development","unreviewed",""
"research\source\mods-drive\Control_Center\research\UI_ICON_RESOURCE_SCHEMA_20260926.md","research","general-modding-development","unreviewed",""
"research\source\mods-drive\Control_Center\research\VISUAL_CANDIDATE_159B_DEPENDENCIES_20260927.md","research","general-modding-development","unreviewed",""
"research\source\mods-drive\Control_Center\research\VISUAL_CANDIDATE_GENERATION_EVIDENCE_20260927.md","research","general-modding-development","unreviewed",""
"research\source\mods-drive\Control_Center\research\VISUAL_CANDIDATE_GRAPH_LIVE_SMOKE_20260927.md","research","general-modding-development","unreviewed",""
"research\source\mods-drive\Control_Center\research\VISUAL_CANDIDATE_LIVE_SMOKE_20260927.md","research","general-modding-development","unreviewed",""
"research\source\mods-drive\Control_Center\research\VISUAL_CANDIDATE_SEARCH_20260927.md","research","general-modding-development","unreviewed",""
"research\source\mods-drive\Control_Center\research\VISUAL_SUBSTITUTION_COMPARISON_FINDINGS_20260927.md","research","general-modding-development","unreviewed",""
"research\source\mods-drive\Control_Center\research\VISUAL_SUBSTITUTION_SESSION_CHECKLIST_20260928.md","research","general-modding-development","unreviewed",""
"research\source\mods-drive\Control_Center\research\VISUAL_VARIANT_MANUAL_VALIDATION_RUNBOOK_20260929.md","research","general-modding-development","unreviewed",""
"research\source\mods-drive\Control_Center\tools\audit_documentation.py","research","general-modding-development","unreviewed",""
"research\source\mods-drive\Control_Center\tools\launch_research_session.py","research","general-modding-development","unreviewed",""
"research\source\mods-drive\Control_Center\tools\prepare_research_cycle.py","research","general-modding-development","unreviewed",""
"research\source\mods-drive\Control_Center\tools\verify_capability_audit.py","research","general-modding-development","unreviewed",""
"research\source\mods-drive\Control_Center\tools\verify_completion_audit.py","research","general-modding-development","unreviewed",""
"research\source\mods-drive\Control_Center\tools\verify_research_cycle.py","research","general-modding-development","unreviewed",""
"research\source\mods-drive\Control_Center\tools\verify_research_session_launch.py","research","general-modding-development","unreviewed",""
"research\source\mods-drive\EmberVault-Control-Center\core\knowledge.py","research","general-modding-development","unreviewed",""
"research\source\mods-drive\EmberVault-Control-Center\core\research.py","research","general-modding-development","unreviewed",""
"research\source\mods-drive\EmberVault-Control-Center\docs\COMPLETION_AUDIT.md","research","general-modding-development","unreviewed",""
"research\source\mods-drive\EmberVault-Control-Center\modules\research\research_stub.py","research","general-modding-development","unreviewed",""
"research\source\mods-drive\EmberVault-Control-Center\modules\tuning-audit\tuning_stub.py","research","general-modding-development","unreviewed",""
"research\source\mods-drive\EmberVault\content\knowledge\reading-status-labels.md","research","general-modding-development","unreviewed",""
"research\source\mods-drive\EmberVault\content\research\capability-audit-20260927.md","research","general-modding-development","unreviewed",""
"research\source\mods-drive\EmberVault\content\research\furniture-clone-registration.md","research","general-modding-development","unreviewed",""
"research\source\mods-drive\Emberworks\completion_audit.py","research","general-modding-development","unreviewed",""
"research\source\mods-drive\Incoming\2026-09-18\INC-0011\deep_dive_report.md","research","general-modding-development","unreviewed",""
"research\source\mods-drive\Incoming\2026-09-18\INC-0012\INC-0012_deep_dive.md","research","general-modding-development","unreviewed",""
"research\source\mods-drive\Incoming\2026-09-18\INC-0016\INC-0016_deep_dive.md","research","general-modding-development","unreviewed",""
"research\source\mods-drive\Incoming\2026-09-19\INC-0041\stamina_phase2_analysis_transcript.txt","research","general-modding-development","unreviewed",""
"research\source\mods-drive\Incoming\2026-09-19\INC-0054\INC-0054_deep_dive.md","research","general-modding-development","unreviewed",""
"research\source\mods-drive\Incoming\2026-09-20\INC-0061\EMBER_LOOT_RESEARCH.md","research","general-modding-development","unreviewed",""
"research\source\mods-drive\Incoming\2026-09-20\INC-0061\INC-0061_ANALYSIS_NOTES.md","research","general-modding-development","unreviewed",""
"research\source\mods-drive\Incoming\2026-09-20\INC-0062\INC-0062_DEEP_DIVE.md","research","general-modding-development","unreviewed",""
"research\source\research-drive\Control_Center_2_v0.1 (1)\Control_Center_2\cc2\__init__.py","research","general-modding-development","unreviewed",""
"research\source\research-drive\Control_Center_2_v0.1 (1)\Control_Center_2\cc2\__main__.py","research","general-modding-development","unreviewed",""
"research\source\research-drive\Control_Center_2_v0.1 (1)\Control_Center_2\cc2\catalog.py","research","general-modding-development","unreviewed",""
"research\source\research-drive\Control_Center_2_v0.1 (1)\Control_Center_2\cc2\graph.py","research","general-modding-development","unreviewed",""
"research\source\research-drive\Control_Center_2_v0.1 (1)\Control_Center_2\cc2\legacy_audit.py","research","general-modding-development","unreviewed",""
"research\source\research-drive\Control_Center_2_v0.1 (1)\Control_Center_2\cc2\planner.py","research","general-modding-development","unreviewed",""
"research\source\research-drive\Control_Center_2_v0.1 (1)\Control_Center_2\cc2\ui.py","research","general-modding-development","unreviewed",""
"research\source\research-drive\Control_Center_2_v0.1 (1)\Control_Center_2\cc2\wizard.py","research","general-modding-development","unreviewed",""
"research\source\research-drive\Control_Center_2_v0.1 (1)\Control_Center_2\docs\EML_EVIDENCE_REPORT.md","research","general-modding-development","unreviewed",""
"research\source\research-drive\Control_Center_2_v0.1 (1)\Control_Center_2\docs\FINDINGS.md","research","general-modding-development","unreviewed",""
"research\source\research-drive\Control_Center_2_v0.1 (1)\Control_Center_2\LICENSE_NOTES.md","research","general-modding-development","unreviewed",""
"research\source\research-drive\Control_Center_2_v0.1 (1)\Control_Center_2\workspace\diagnostics\cc2_diagnostics_20260924_081353.md","research","general-modding-development","unreviewed",""
"research\source\research-drive\Control_Center_2_v0.1 (1)\Control_Center_2\workspace\diagnostics\cc2_diagnostics_20260924_100026.md","research","general-modding-development","unreviewed",""
"research\source\research-drive\Control_Center_2_v0.1 (1)\Control_Center_2\workspace\diagnostics\cc2_diagnostics_20260924_115140.md","research","general-modding-development","unreviewed",""
"research\source\research-drive\Control_Center_2_v0.1 (1)\Control_Center_2\workspace\diagnostics\cc2_diagnostics_20260924_120022.md","research","general-modding-development","unreviewed",""
"research\source\research-drive\Control_Center_2_v0.1 (1)\Control_Center_2\workspace\diagnostics\cc2_diagnostics_20260924_131103.md","research","general-modding-development","unreviewed",""
"research\source\research-drive\Control_Center_2_v0.1 (1)\Control_Center_2\workspace\rake_graph.md","research","general-modding-development","unreviewed",""
"research\source\research-drive\Enshrouded Mods-20260918T044156Z-1-001\Enshrouded Mods\Architect_Mod\Code_History\CODE-0015B\Flame_Altar_Tweaks_Enabled.lua","research","general-modding-development","unreviewed",""
"research\source\research-drive\Enshrouded Mods-20260918T044156Z-1-001\Enshrouded Mods\Architect_Mod\Code_History\CODE-0015B\Flame_Altar_Tweaks.lua","research","general-modding-development","unreviewed",""
"research\source\research-drive\Enshrouded Mods-20260918T044156Z-1-001\Enshrouded Mods\Architect_Mod\Code_History\CODE-0015B\HANDOFF.txt","research","general-modding-development","unreviewed",""
"research\source\research-drive\Enshrouded Mods-20260918T044156Z-1-001\Enshrouded Mods\Architect_Mod\Code_History\CODE-LEGACY-0001\mod_architect_wand_v09_pure_weapon_base.lua","research","general-modding-development","unreviewed",""
"research\source\research-drive\Enshrouded Mods-20260918T044156Z-1-001\Enshrouded Mods\Architect_Mod\Research\Core\CARRIER_MUTATION_SAFETY.md","research","general-modding-development","unreviewed",""
"research\source\research-drive\Enshrouded Mods-20260918T044156Z-1-001\Enshrouded Mods\Architect_Mod\Research\Core\UNDO_REDO_ARCHITECTURE.md","research","general-modding-development","unreviewed",""
"research\source\research-drive\Enshrouded Mods-20260918T044156Z-1-001\Enshrouded Mods\Architect_Mod\Research\UI\F8_BACKEND_PROTOCOL.md","research","general-modding-development","unreviewed",""
"research\source\research-drive\Enshrouded Mods-20260918T044156Z-1-001\Enshrouded Mods\Canonical Brain\99_ARCHIVE\ENshrouded Mod Development GPT — Core Instructions — source.txt","research","general-modding-development","unreviewed",""
"research\source\research-drive\Enshrouded Mods-20260918T044156Z-1-001\Enshrouded Mods\Export\F7_ACTION_COVERAGE_REPORT.md","research","general-modding-development","unreviewed",""
"research\source\research-drive\Enshrouded Mods-20260918T044156Z-1-001\Enshrouded Mods\Export\Handoffs\Architect-Toolkit-—-Master-Realignment-Handoff.txt","research","general-modding-development","unreviewed",""
"research\source\research-drive\Enshrouded Mods-20260918T044156Z-1-001\Enshrouded Mods\Export\Handoffs\Custom_GPT_v1.0\CUSTOM_GPT_INSTRUCTIONS_v1.0.txt","research","general-modding-development","unreviewed",""
"research\source\research-drive\Enshrouded Mods-20260918T044156Z-1-001\Enshrouded Mods\Export\Handoffs\Master-Feature-Report.txt","research","general-modding-development","unreviewed",""
"research\source\research-drive\Enshrouded Mods-20260918T044156Z-1-001\Enshrouded Mods\Export\Reports\F7_ACTION_COVERAGE_REPORT.md","research","general-modding-development","unreviewed",""
"research\source\research-drive\Enshrouded Mods-20260918T044156Z-1-001\Enshrouded Mods\Incoming\2026-09-17\INC-0005\Flame_Altar_Tweaks.lua","research","general-modding-development","unreviewed",""
"research\source\research-drive\Enshrouded Mods-20260918T044156Z-1-001\Enshrouded Mods\Incoming\2026-09-17\INC-0010\enshrouded_1013216.CT","research","general-modding-development","unreviewed",""
"research\source\research-drive\Enshrouded Mods-20260918T044156Z-1-001\Enshrouded Mods\Incoming\2026-09-17\INC-0010\enshrouded.CT","research","general-modding-development","unreviewed",""
"tools\source\mods-drive\analyze_feature_xrefs.py","tool","general-modding-development","unreviewed",""
"tools\source\mods-drive\Architect_Mod\Code_History\CODE-0037-working\architect_toolkit\build_scripts\build_codex.py","tool","general-modding-development","unreviewed",""
"tools\source\mods-drive\Architect_Mod\Code_History\CODE-0037-working\architect_toolkit\build_scripts\build_dll.py","tool","general-modding-development","unreviewed",""
"tools\source\mods-drive\Architect_Mod\Code_History\CODE-0037-working\architect_toolkit\build_scripts\package_toolkit.py","tool","general-modding-development","unreviewed",""
"tools\source\mods-drive\Architect_Mod\Code_History\CODE-0037-working\architect_toolkit\CARRIER_MUTATION_SAFETY.md","tool","general-modding-development","unreviewed",""
"tools\source\mods-drive\Architect_Mod\Code_History\CODE-0037-working\architect_toolkit\docs\architecture\Architect-Engineering-State-1076226.md","tool","general-modding-development","unreviewed",""
"tools\source\mods-drive\Architect_Mod\Code_History\CODE-0037-working\architect_toolkit\docs\architecture\Architect-Product-Vision-v1.md","tool","general-modding-development","unreviewed",""
"tools\source\mods-drive\Architect_Mod\Code_History\CODE-0037-working\architect_toolkit\docs\architecture\Architect-Project-Model-v1.md","tool","general-modding-development","unreviewed",""
"tools\source\mods-drive\Architect_Mod\Code_History\CODE-0037-working\architect_toolkit\docs\architecture\Current-UI-Migration-Map-v1.md","tool","general-modding-development","unreviewed",""
"tools\source\mods-drive\Architect_Mod\Code_History\CODE-0037-working\architect_toolkit\docs\architecture\Feature-Dependency-Roadmap-v1.md","tool","general-modding-development","unreviewed",""
"tools\source\mods-drive\Architect_Mod\Code_History\CODE-0037-working\architect_toolkit\docs\architecture\Target-Resolver-Contract-v1.md","tool","general-modding-development","unreviewed",""
"tools\source\mods-drive\Architect_Mod\Code_History\CODE-0037-working\architect_toolkit\docs\architecture\Vanilla-Capability-Map-v1.md","tool","general-modding-development","unreviewed",""
"tools\source\mods-drive\Architect_Mod\Code_History\CODE-0037-working\architect_toolkit\docs\F8_BACKEND_PROTOCOL.md","tool","general-modding-development","unreviewed",""
"tools\source\mods-drive\Architect_Mod\Code_History\CODE-0037-working\architect_toolkit\docs\UNDO_REDO_ARCHITECTURE.md","tool","general-modding-development","unreviewed",""
"tools\source\mods-drive\Architect_Mod\Code_History\CODE-0037-working\architect_toolkit\fix_adapter_final.py","tool","general-modding-development","unreviewed",""
"tools\source\mods-drive\Architect_Mod\Code_History\CODE-0037-working\architect_toolkit\fix_adapter.py","tool","general-modding-development","unreviewed",""
"tools\source\mods-drive\Architect_Mod\Code_History\CODE-0037-working\architect_toolkit\fix_adapter2.py","tool","general-modding-development","unreviewed",""
"tools\source\mods-drive\Architect_Mod\Code_History\CODE-0037-working\architect_toolkit\fix_adapter3.py","tool","general-modding-development","unreviewed",""
"tools\source\mods-drive\Architect_Mod\Code_History\CODE-0037-working\architect_toolkit\fix_decl.py","tool","general-modding-development","unreviewed",""
"tools\source\mods-drive\Architect_Mod\Code_History\CODE-0037-working\architect_toolkit\fix_engine_c.py","tool","general-modding-development","unreviewed",""
"tools\source\mods-drive\Architect_Mod\Code_History\CODE-0037-working\architect_toolkit\fix_header.py","tool","general-modding-development","unreviewed",""
"tools\source\mods-drive\Architect_Mod\Code_History\CODE-0037-working\architect_toolkit\fix_header2.py","tool","general-modding-development","unreviewed",""
"tools\source\mods-drive\Architect_Mod\Code_History\CODE-0037-working\architect_toolkit\fix_json_output.py","tool","general-modding-development","unreviewed",""
"tools\source\mods-drive\Architect_Mod\Code_History\CODE-0037-working\architect_toolkit\fix_newlines.py","tool","general-modding-development","unreviewed",""
"tools\source\mods-drive\Architect_Mod\Code_History\CODE-0037-working\architect_toolkit\fix_newlines2.py","tool","general-modding-development","unreviewed",""
"tools\source\mods-drive\Architect_Mod\Code_History\CODE-0037-working\architect_toolkit\fix_offsets.py","tool","general-modding-development","unreviewed",""
"tools\source\mods-drive\Architect_Mod\Code_History\CODE-0037-working\architect_toolkit\fix_production_binder.py","tool","general-modding-development","unreviewed",""
"tools\source\mods-drive\Architect_Mod\Code_History\CODE-0037-working\architect_toolkit\fix_ps1.py","tool","general-modding-development","unreviewed",""
"tools\source\mods-drive\Architect_Mod\Code_History\CODE-0037-working\architect_toolkit\fix_readiness_bytes.py","tool","general-modding-development","unreviewed",""
"tools\source\mods-drive\Architect_Mod\Code_History\CODE-0037-working\architect_toolkit\fix_readiness.py","tool","general-modding-development","unreviewed",""
"tools\source\mods-drive\Architect_Mod\Code_History\CODE-0037-working\architect_toolkit\fix_readiness2.py","tool","general-modding-development","unreviewed",""
"tools\source\mods-drive\Architect_Mod\Code_History\CODE-0037-working\architect_toolkit\fix_readiness3.py","tool","general-modding-development","unreviewed",""
"tools\source\mods-drive\Architect_Mod\Code_History\CODE-0037-working\architect_toolkit\fix_stealth.py","tool","general-modding-development","unreviewed",""
"tools\source\mods-drive\Architect_Mod\Code_History\CODE-0037-working\architect_toolkit\gen_transparency.py","tool","general-modding-development","unreviewed",""
"tools\source\mods-drive\Architect_Mod\Code_History\CODE-0037-working\architect_toolkit\insert_adapter.py","tool","general-modding-development","unreviewed",""
"tools\source\mods-drive\Architect_Mod\Code_History\CODE-0037-working\architect_toolkit\out.txt","tool","general-modding-development","unreviewed",""
"tools\source\mods-drive\Architect_Mod\Code_History\CODE-0037-working\architect_toolkit\package_output.txt","tool","general-modding-development","unreviewed",""
"tools\source\mods-drive\Architect_Mod\Code_History\CODE-0037-working\architect_toolkit\patch_asm.py","tool","general-modding-development","unreviewed",""
"tools\source\mods-drive\Architect_Mod\Code_History\CODE-0037-working\architect_toolkit\refactor.py","tool","general-modding-development","unreviewed",""
"tools\source\mods-drive\Architect_Mod\Code_History\CODE-0037-working\architect_toolkit\replace_gates.py","tool","general-modding-development","unreviewed",""
"tools\source\mods-drive\Architect_Mod\Code_History\CODE-0037-working\architect_toolkit\src\mod.lua","tool","general-modding-development","unreviewed",""
"tools\source\mods-drive\Architect_Mod\Code_History\CODE-0037-working\architect_toolkit\temp_verify\architect_toolkit\temp_inspect\architect_toolkit\tools\ArchitectCore\__init__.py","tool","general-modding-development","unreviewed",""
"tools\source\mods-drive\Architect_Mod\Code_History\CODE-0037-working\architect_toolkit\temp_verify\architect_toolkit\temp_inspect\architect_toolkit\tools\ArchitectCore\contracts.py","tool","general-modding-development","unreviewed",""
"tools\source\mods-drive\Architect_Mod\Code_History\CODE-0037-working\architect_toolkit\temp_verify\architect_toolkit\temp_inspect\architect_toolkit\tools\ArchitectCore\query.py","tool","general-modding-development","unreviewed",""
"tools\source\mods-drive\Architect_Mod\Code_History\CODE-0037-working\architect_toolkit\temp_verify\architect_toolkit\temp_inspect\architect_toolkit\tools\ArchitectCore\recommend.py","tool","general-modding-development","unreviewed",""
"tools\source\mods-drive\Architect_Mod\Code_History\CODE-0037-working\architect_toolkit\temp_verify\architect_toolkit\temp_inspect\architect_toolkit\tools\ArchitectCore\target_reflection.py","tool","general-modding-development","unreviewed",""
"tools\source\mods-drive\Architect_Mod\Code_History\CODE-0037-working\architect_toolkit\temp_verify\architect_toolkit\temp_inspect\architect_toolkit\tools\ArchitectCore\target.py","tool","general-modding-development","unreviewed",""
"tools\source\mods-drive\Architect_Mod\Code_History\CODE-0037-working\architect_toolkit\temp_verify\architect_toolkit\temp_inspect\architect_toolkit\tools\ArchitectProductPath\__init__.py","tool","general-modding-development","unreviewed",""
"tools\source\mods-drive\Architect_Mod\Code_History\CODE-0037-working\architect_toolkit\temp_verify\architect_toolkit\temp_inspect\architect_toolkit\tools\ArchitectProductPath\product_path_staging.py","tool","general-modding-development","unreviewed",""
"tools\source\mods-drive\Architect_Mod\Code_History\CODE-0037-working\architect_toolkit\temp_verify\architect_toolkit\temp_inspect\architect_toolkit\tools\ArchitectVoxel\__init__.py","tool","general-modding-development","unreviewed",""
"tools\source\mods-drive\Architect_Mod\Code_History\CODE-0037-working\architect_toolkit\temp_verify\architect_toolkit\temp_inspect\architect_toolkit\tools\ArchitectVoxel\architect_voxel.py","tool","general-modding-development","unreviewed",""
"tools\source\mods-drive\Architect_Mod\Code_History\CODE-0037-working\architect_toolkit\temp_verify\architect_toolkit\temp_inspect\architect_toolkit\tools\ArchitectVoxel\chunk_planner.py","tool","general-modding-development","unreviewed",""
"tools\source\mods-drive\Architect_Mod\Code_History\CODE-0037-working\architect_toolkit\temp_verify\architect_toolkit\temp_inspect\architect_toolkit\tools\ArchitectVoxel\f8_protocol.py","tool","general-modding-development","unreviewed",""
"tools\source\mods-drive\Architect_Mod\Code_History\CODE-0037-working\architect_toolkit\temp_verify\architect_toolkit\temp_inspect\architect_toolkit\tools\ArchitectVoxel\generate_reports.py","tool","general-modding-development","unreviewed",""
"tools\source\mods-drive\Architect_Mod\Code_History\CODE-0037-working\architect_toolkit\temp_verify\architect_toolkit\temp_inspect\architect_toolkit\tools\CameraFov\discover_camera_fov.py","tool","general-modding-development","unreviewed",""
"tools\source\mods-drive\Architect_Mod\Code_History\CODE-0037-working\architect_toolkit\temp_verify\architect_toolkit\temp_inspect\architect_toolkit\tools\CheatSprint\analyze_candidates.py","tool","general-modding-development","unreviewed",""
"tools\source\mods-drive\Architect_Mod\Code_History\CODE-0037-working\architect_toolkit\temp_verify\architect_toolkit\temp_inspect\architect_toolkit\tools\EntityInspector\analyze_entity_targeting.py","tool","general-modding-development","unreviewed",""
"tools\source\mods-drive\Architect_Mod\Code_History\CODE-0037-working\architect_toolkit\temp_verify\architect_toolkit\temp_inspect\architect_toolkit\tools\EntityInspector\recover_ecs_registry_consumers.py","tool","general-modding-development","unreviewed",""
"tools\source\mods-drive\Architect_Mod\Code_History\CODE-0037-working\architect_toolkit\temp_verify\architect_toolkit\temp_inspect\architect_toolkit\tools\run_offline_regression.py","tool","general-modding-development","unreviewed",""
"tools\source\mods-drive\Architect_Mod\Code_History\CODE-0037-working\architect_toolkit\temp_zip\architect_toolkit\build_scripts\build_codex.py","tool","general-modding-development","unreviewed",""
"tools\source\mods-drive\Architect_Mod\Code_History\CODE-0037-working\architect_toolkit\temp_zip\architect_toolkit\build_scripts\build_dll.py","tool","general-modding-development","unreviewed",""
"tools\source\mods-drive\Architect_Mod\Code_History\CODE-0037-working\architect_toolkit\temp_zip\architect_toolkit\build_scripts\package_toolkit.py","tool","general-modding-development","unreviewed",""
"tools\source\mods-drive\Architect_Mod\Code_History\CODE-0037-working\architect_toolkit\temp_zip\architect_toolkit\CARRIER_MUTATION_SAFETY.md","tool","general-modding-development","unreviewed",""
"tools\source\mods-drive\Architect_Mod\Code_History\CODE-0037-working\architect_toolkit\temp_zip\architect_toolkit\docs\architecture\Architect-Engineering-State-1076226.md","tool","general-modding-development","unreviewed",""
"tools\source\mods-drive\Architect_Mod\Code_History\CODE-0037-working\architect_toolkit\temp_zip\architect_toolkit\docs\architecture\Architect-Product-Vision-v1.md","tool","general-modding-development","unreviewed",""
"tools\source\mods-drive\Architect_Mod\Code_History\CODE-0037-working\architect_toolkit\temp_zip\architect_toolkit\docs\architecture\Architect-Project-Model-v1.md","tool","general-modding-development","unreviewed",""
"tools\source\mods-drive\Architect_Mod\Code_History\CODE-0037-working\architect_toolkit\temp_zip\architect_toolkit\docs\architecture\Current-UI-Migration-Map-v1.md","tool","general-modding-development","unreviewed",""
"tools\source\mods-drive\Architect_Mod\Code_History\CODE-0037-working\architect_toolkit\temp_zip\architect_toolkit\docs\architecture\Feature-Dependency-Roadmap-v1.md","tool","general-modding-development","unreviewed",""
"tools\source\mods-drive\Architect_Mod\Code_History\CODE-0037-working\architect_toolkit\temp_zip\architect_toolkit\docs\architecture\Target-Resolver-Contract-v1.md","tool","general-modding-development","unreviewed",""
"tools\source\mods-drive\Architect_Mod\Code_History\CODE-0037-working\architect_toolkit\temp_zip\architect_toolkit\docs\architecture\Vanilla-Capability-Map-v1.md","tool","general-modding-development","unreviewed",""
"tools\source\mods-drive\Architect_Mod\Code_History\CODE-0037-working\architect_toolkit\temp_zip\architect_toolkit\docs\F8_BACKEND_PROTOCOL.md","tool","general-modding-development","unreviewed",""
"tools\source\mods-drive\Architect_Mod\Code_History\CODE-0037-working\architect_toolkit\temp_zip\architect_toolkit\docs\UNDO_REDO_ARCHITECTURE.md","tool","general-modding-development","unreviewed",""
"tools\source\mods-drive\Architect_Mod\Code_History\CODE-0037-working\architect_toolkit\temp_zip\architect_toolkit\fix_readiness.py","tool","general-modding-development","unreviewed",""
"tools\source\mods-drive\Architect_Mod\Code_History\CODE-0037-working\architect_toolkit\temp_zip\architect_toolkit\gen_transparency.py","tool","general-modding-development","unreviewed",""
"tools\source\mods-drive\Architect_Mod\Code_History\CODE-0037-working\architect_toolkit\temp_zip\architect_toolkit\src\mod.lua","tool","general-modding-development","unreviewed",""
"tools\source\mods-drive\Architect_Mod\Code_History\CODE-0037-working\architect_toolkit\temp_zip\architect_toolkit\tools\ArchitectCore\__init__.py","tool","general-modding-development","unreviewed",""
"tools\source\mods-drive\Architect_Mod\Code_History\CODE-0037-working\architect_toolkit\temp_zip\architect_toolkit\tools\ArchitectCore\contracts.py","tool","general-modding-development","unreviewed",""
"tools\source\mods-drive\Architect_Mod\Code_History\CODE-0037-working\architect_toolkit\temp_zip\architect_toolkit\tools\ArchitectCore\query.py","tool","general-modding-development","unreviewed",""
"tools\source\mods-drive\Architect_Mod\Code_History\CODE-0037-working\architect_toolkit\temp_zip\architect_toolkit\tools\ArchitectCore\recommend.py","tool","general-modding-development","unreviewed",""
"tools\source\mods-drive\Architect_Mod\Code_History\CODE-0037-working\architect_toolkit\temp_zip\architect_toolkit\tools\ArchitectCore\target_reflection.py","tool","general-modding-development","unreviewed",""
"tools\source\mods-drive\Architect_Mod\Code_History\CODE-0037-working\architect_toolkit\temp_zip\architect_toolkit\tools\ArchitectCore\target.py","tool","general-modding-development","unreviewed",""
"tools\source\mods-drive\Architect_Mod\Code_History\CODE-0037-working\architect_toolkit\temp_zip\architect_toolkit\tools\ArchitectProductPath\__init__.py","tool","general-modding-development","unreviewed",""
"tools\source\mods-drive\Architect_Mod\Code_History\CODE-0037-working\architect_toolkit\temp_zip\architect_toolkit\tools\ArchitectProductPath\product_path_staging.py","tool","general-modding-development","unreviewed",""
"tools\source\mods-drive\Architect_Mod\Code_History\CODE-0037-working\architect_toolkit\temp_zip\architect_toolkit\tools\ArchitectVoxel\__init__.py","tool","general-modding-development","unreviewed",""
"tools\source\mods-drive\Architect_Mod\Code_History\CODE-0037-working\architect_toolkit\temp_zip\architect_toolkit\tools\ArchitectVoxel\architect_voxel.py","tool","general-modding-development","unreviewed",""
"tools\source\mods-drive\Architect_Mod\Code_History\CODE-0037-working\architect_toolkit\temp_zip\architect_toolkit\tools\ArchitectVoxel\chunk_planner.py","tool","general-modding-development","unreviewed",""
"tools\source\mods-drive\Architect_Mod\Code_History\CODE-0037-working\architect_toolkit\temp_zip\architect_toolkit\tools\ArchitectVoxel\f8_protocol.py","tool","general-modding-development","unreviewed",""
"tools\source\mods-drive\Architect_Mod\Code_History\CODE-0037-working\architect_toolkit\temp_zip\architect_toolkit\tools\ArchitectVoxel\generate_reports.py","tool","general-modding-development","unreviewed",""
"tools\source\mods-drive\Architect_Mod\Code_History\CODE-0037-working\architect_toolkit\temp_zip\architect_toolkit\tools\CameraFov\discover_camera_fov.py","tool","general-modding-development","unreviewed",""
"tools\source\mods-drive\Architect_Mod\Code_History\CODE-0037-working\architect_toolkit\temp_zip\architect_toolkit\tools\CheatSprint\analyze_candidates.py","tool","general-modding-development","unreviewed",""
"tools\source\mods-drive\Architect_Mod\Code_History\CODE-0037-working\architect_toolkit\temp_zip\architect_toolkit\tools\EntityInspector\analyze_entity_targeting.py","tool","general-modding-development","unreviewed",""
"tools\source\mods-drive\Architect_Mod\Code_History\CODE-0037-working\architect_toolkit\temp_zip\architect_toolkit\tools\EntityInspector\recover_ecs_registry_consumers.py","tool","general-modding-development","unreviewed",""
"tools\source\mods-drive\Architect_Mod\Code_History\CODE-0037-working\architect_toolkit\temp_zip\architect_toolkit\tools\run_offline_regression.py","tool","general-modding-development","unreviewed",""
"tools\source\mods-drive\Architect_Mod\Code_History\CODE-0037-working\architect_toolkit\tools\ArchitectCore\__init__.py","tool","general-modding-development","unreviewed",""
"tools\source\mods-drive\Architect_Mod\Code_History\CODE-0037-working\architect_toolkit\tools\ArchitectCore\contracts.py","tool","general-modding-development","unreviewed",""
"tools\source\mods-drive\Architect_Mod\Code_History\CODE-0037-working\architect_toolkit\tools\ArchitectCore\query.py","tool","general-modding-development","unreviewed",""
"tools\source\mods-drive\Architect_Mod\Code_History\CODE-0037-working\architect_toolkit\tools\ArchitectCore\recommend.py","tool","general-modding-development","unreviewed",""
"tools\source\mods-drive\Architect_Mod\Code_History\CODE-0037-working\architect_toolkit\tools\ArchitectCore\target_reflection.py","tool","general-modding-development","unreviewed",""
"tools\source\mods-drive\Architect_Mod\Code_History\CODE-0037-working\architect_toolkit\tools\ArchitectCore\target.py","tool","general-modding-development","unreviewed",""
"tools\source\mods-drive\Architect_Mod\Code_History\CODE-0037-working\architect_toolkit\tools\ArchitectProductPath\__init__.py","tool","general-modding-development","unreviewed",""
"tools\source\mods-drive\Architect_Mod\Code_History\CODE-0037-working\architect_toolkit\tools\ArchitectProductPath\product_path_staging.py","tool","general-modding-development","unreviewed",""
"tools\source\mods-drive\Architect_Mod\Code_History\CODE-0037-working\architect_toolkit\tools\ArchitectVoxel\__init__.py","tool","general-modding-development","unreviewed",""
"tools\source\mods-drive\Architect_Mod\Code_History\CODE-0037-working\architect_toolkit\tools\ArchitectVoxel\architect_voxel.py","tool","general-modding-development","unreviewed",""
"tools\source\mods-drive\Architect_Mod\Code_History\CODE-0037-working\architect_toolkit\tools\ArchitectVoxel\chunk_planner.py","tool","general-modding-development","unreviewed",""
"tools\source\mods-drive\Architect_Mod\Code_History\CODE-0037-working\architect_toolkit\tools\ArchitectVoxel\f8_protocol.py","tool","general-modding-development","unreviewed",""
"tools\source\mods-drive\Architect_Mod\Code_History\CODE-0037-working\architect_toolkit\tools\ArchitectVoxel\generate_reports.py","tool","general-modding-development","unreviewed",""
"tools\source\mods-drive\Architect_Mod\Code_History\CODE-0037-working\architect_toolkit\tools\CameraFov\discover_camera_fov.py","tool","general-modding-development","unreviewed",""
"tools\source\mods-drive\Architect_Mod\Code_History\CODE-0037-working\architect_toolkit\tools\CheatSprint\analyze_candidates.py","tool","general-modding-development","unreviewed",""
"tools\source\mods-drive\Architect_Mod\Code_History\CODE-0037-working\architect_toolkit\tools\EntityInspector\analyze_entity_targeting.py","tool","general-modding-development","unreviewed",""
"tools\source\mods-drive\Architect_Mod\Code_History\CODE-0037-working\architect_toolkit\tools\EntityInspector\recover_ecs_registry_consumers.py","tool","general-modding-development","unreviewed",""
"tools\source\mods-drive\Architect_Mod\Code_History\CODE-0037-working\architect_toolkit\tools\run_offline_regression.py","tool","general-modding-development","unreviewed",""
"tools\source\mods-drive\Architect_Mod\Code_History\CODE-0037-working\architect_toolkit\update_code.py","tool","general-modding-development","unreviewed",""
"tools\source\mods-drive\Architect_Mod\Code_History\CODE-0037-working\architect_toolkit\verify_packaged.py","tool","general-modding-development","unreviewed",""
"tools\source\mods-drive\Architect_Mod\Code_History\CODE-0043G6A\source_diff_INC0062\build_scripts__build_dll.py","tool","general-modding-development","unreviewed",""
"tools\source\mods-drive\Architect_Mod\Code_History\CODE-0043G6A\source_diff\build_scripts__build_dll.py","tool","general-modding-development","unreviewed",""
"tools\source\mods-drive\Architect_Mod\Code_History\CODE-0044A\candidate\analyze_rvas.py","tool","general-modding-development","unreviewed",""
"tools\source\mods-drive\Architect_Mod\Code_History\CODE-0044A\candidate\build_scripts\build_codex.py","tool","general-modding-development","unreviewed",""
"tools\source\mods-drive\Architect_Mod\Code_History\CODE-0044A\candidate\build_scripts\build_dll.py","tool","general-modding-development","unreviewed",""
"tools\source\mods-drive\Architect_Mod\Code_History\CODE-0044A\candidate\build_scripts\package_toolkit.py","tool","general-modding-development","unreviewed",""
"tools\source\mods-drive\Architect_Mod\Code_History\CODE-0044A\candidate\tools\ArchitectCore\__init__.py","tool","general-modding-development","unreviewed",""
"tools\source\mods-drive\Architect_Mod\Code_History\CODE-0044A\candidate\tools\ArchitectCore\contracts.py","tool","general-modding-development","unreviewed",""
"tools\source\mods-drive\Architect_Mod\Code_History\CODE-0044A\candidate\tools\ArchitectCore\query.py","tool","general-modding-development","unreviewed",""
"tools\source\mods-drive\Architect_Mod\Code_History\CODE-0044A\candidate\tools\ArchitectCore\recommend.py","tool","general-modding-development","unreviewed",""
"tools\source\mods-drive\Architect_Mod\Code_History\CODE-0044A\candidate\tools\ArchitectCore\target_reflection.py","tool","general-modding-development","unreviewed",""
"tools\source\mods-drive\Architect_Mod\Code_History\CODE-0044A\candidate\tools\ArchitectCore\target.py","tool","general-modding-development","unreviewed",""
"tools\source\mods-drive\Architect_Mod\Code_History\CODE-0044A\candidate\tools\ArchitectProductPath\__init__.py","tool","general-modding-development","unreviewed",""
"tools\source\mods-drive\Architect_Mod\Code_History\CODE-0044A\candidate\tools\ArchitectProductPath\product_path_staging.py","tool","general-modding-development","unreviewed",""
"tools\source\mods-drive\Architect_Mod\Code_History\CODE-0044A\candidate\tools\ArchitectVoxel\__init__.py","tool","general-modding-development","unreviewed",""
"tools\source\mods-drive\Architect_Mod\Code_History\CODE-0044A\candidate\tools\ArchitectVoxel\architect_voxel.py","tool","general-modding-development","unreviewed",""
"tools\source\mods-drive\Architect_Mod\Code_History\CODE-0044A\candidate\tools\ArchitectVoxel\chunk_planner.py","tool","general-modding-development","unreviewed",""
"tools\source\mods-drive\Architect_Mod\Code_History\CODE-0044A\candidate\tools\ArchitectVoxel\f8_protocol.py","tool","general-modding-development","unreviewed",""
"tools\source\mods-drive\Architect_Mod\Code_History\CODE-0044A\candidate\tools\ArchitectVoxel\generate_reports.py","tool","general-modding-development","unreviewed",""
"tools\source\mods-drive\Architect_Mod\Code_History\CODE-0044A\candidate\tools\CameraFov\discover_camera_fov.py","tool","general-modding-development","unreviewed",""
"tools\source\mods-drive\Architect_Mod\Code_History\CODE-0044A\candidate\tools\CheatSprint\analyze_candidates.py","tool","general-modding-development","unreviewed",""
"tools\source\mods-drive\Architect_Mod\Code_History\CODE-0044A\candidate\tools\EntityInspector\analyze_entity_targeting.py","tool","general-modding-development","unreviewed",""
"tools\source\mods-drive\Architect_Mod\Code_History\CODE-0044A\candidate\tools\EntityInspector\recover_ecs_registry_consumers.py","tool","general-modding-development","unreviewed",""
"tools\source\mods-drive\Architect_Mod\Code_History\CODE-0044A\candidate\tools\run_offline_regression.py","tool","general-modding-development","unreviewed",""
"tools\source\mods-drive\Architect_Mod\Code_History\CODE-0044B\source_diff\build_scripts\build_dll.py","tool","general-modding-development","unreviewed",""
"tools\source\mods-drive\Architect_Mod\Code_History\CODE-0044B\source_diff\build_scripts\package_code0044b.py","tool","general-modding-development","unreviewed",""
"tools\source\mods-drive\Architect_Mod\Code_History\CODE-0044B\source_diff\tools\ArchitectVoxel\golden_code0044b.py","tool","general-modding-development","unreviewed",""
"tools\source\mods-drive\Control_Center\docs\BLENDERTOOLS_GUIDE.md","tool","general-modding-development","unreviewed",""
"tools\source\mods-drive\Control_Center\tools\analyze_catalog_preview.py","tool","general-modding-development","unreviewed",""
"tools\source\mods-drive\Control_Center\tools\analyze_voxel_world_dependencies.py","tool","general-modding-development","unreviewed",""
"tools\source\mods-drive\Control_Center\tools\apply_smoke_profile.py","tool","general-modding-development","unreviewed",""
"tools\source\mods-drive\Control_Center\tools\build_cleanroom_master_trainer.py","tool","general-modding-development","unreviewed",""
"tools\source\mods-drive\Control_Center\tools\build_documentation_bundle.py","tool","general-modding-development","unreviewed",""
"tools\source\mods-drive\Control_Center\tools\build_tuning_candidates.py","tool","general-modding-development","unreviewed",""
"tools\source\mods-drive\Control_Center\tools\build_visual_substitution_evidence.py","tool","general-modding-development","unreviewed",""
"tools\source\mods-drive\Control_Center\tools\build_visual_variant.py","tool","general-modding-development","unreviewed",""
"tools\source\mods-drive\Control_Center\tools\build_world_generation_plan.py","tool","general-modding-development","unreviewed",""
"tools\source\mods-drive\Control_Center\tools\compile_content_definition.py","tool","general-modding-development","unreviewed",""
"tools\source\mods-drive\Control_Center\tools\find_ui_preview_fields.py","tool","general-modding-development","unreviewed",""
"tools\source\mods-drive\Control_Center\tools\find_visual_candidates.py","tool","general-modding-development","unreviewed",""
"tools\source\mods-drive\Control_Center\tools\inspect_save.py","tool","general-modding-development","unreviewed",""
"tools\source\mods-drive\Control_Center\tools\plan_catalog_preview_batch.py","tool","general-modding-development","unreviewed",""
"tools\source\mods-drive\Control_Center\tools\plan_update_recovery.py","tool","general-modding-development","unreviewed",""
"tools\source\mods-drive\Control_Center\tools\plan_visual_substitution_batch.py","tool","general-modding-development","unreviewed",""
"tools\source\mods-drive\Control_Center\tools\report_build_plan.py","tool","general-modding-development","unreviewed",""
"tools\source\mods-drive\Control_Center\tools\report_gameplay_feasibility.py","tool","general-modding-development","unreviewed",""
"tools\source\mods-drive\Control_Center\tools\report_localization_boundary.py","tool","general-modding-development","unreviewed",""
"tools\source\mods-drive\Control_Center\tools\report_module_graph.py","tool","general-modding-development","unreviewed",""
"tools\source\mods-drive\Control_Center\tools\report_patch_plan.py","tool","general-modding-development","unreviewed",""
"tools\source\mods-drive\Control_Center\tools\report_tuning_coverage.py","tool","general-modding-development","unreviewed",""
"tools\source\mods-drive\Control_Center\tools\report_visual_candidate_dependencies.py","tool","general-modding-development","unreviewed",""
"tools\source\mods-drive\Control_Center\tools\report_visual_dependencies.py","tool","general-modding-development","unreviewed",""
"tools\source\mods-drive\Control_Center\tools\rotate_eml_logs.py","tool","general-modding-development","unreviewed",""
"tools\source\mods-drive\Control_Center\tools\run_portable_launch_smoke.py","tool","general-modding-development","unreviewed",""
"tools\source\mods-drive\Control_Center\tools\run_scheduled_save_backup.py","tool","general-modding-development","unreviewed",""
"tools\source\mods-drive\Control_Center\tools\save_backup.py","tool","general-modding-development","unreviewed",""
"tools\source\mods-drive\Control_Center\tools\validate_catalog_preview_matrix.py","tool","general-modding-development","unreviewed",""
"tools\source\mods-drive\Control_Center\tools\validate_content_definition.py","tool","general-modding-development","unreviewed",""
"tools\source\mods-drive\Control_Center\tools\validate_external_content_route.py","tool","general-modding-development","unreviewed",""
"tools\source\mods-drive\Control_Center\tools\validate_world_generation_plan.py","tool","general-modding-development","unreviewed",""
"tools\source\mods-drive\Control_Center\tools\verify_ai_sequence_evidence.py","tool","general-modding-development","unreviewed",""
"tools\source\mods-drive\Control_Center\tools\verify_animation_dependency_type_evidence.py","tool","general-modding-development","unreviewed",""
"tools\source\mods-drive\Control_Center\tools\verify_animation_graph_attachment_evidence.py","tool","general-modding-development","unreviewed",""
"tools\source\mods-drive\Control_Center\tools\verify_animation_graph_clone_evidence.py","tool","general-modding-development","unreviewed",""
"tools\source\mods-drive\Control_Center\tools\verify_animation_graph_dependency_evidence.py","tool","general-modding-development","unreviewed",""
"tools\source\mods-drive\Control_Center\tools\verify_animation_graph_donor_evidence.py","tool","general-modding-development","unreviewed",""
"tools\source\mods-drive\Control_Center\tools\verify_animation_graph_edit_evidence.py","tool","general-modding-development","unreviewed",""
"tools\source\mods-drive\Control_Center\tools\verify_asset_import_boundary.py","tool","general-modding-development","unreviewed",""
"tools\source\mods-drive\Control_Center\tools\verify_authoring_templates.py","tool","general-modding-development","unreviewed",""
"tools\source\mods-drive\Control_Center\tools\verify_blender_export.py","tool","general-modding-development","unreviewed",""
"tools\source\mods-drive\Control_Center\tools\verify_catalog_preview_batch.py","tool","general-modding-development","unreviewed",""
"tools\source\mods-drive\Control_Center\tools\verify_eml_build_evidence.py","tool","general-modding-development","unreviewed",""
"tools\source\mods-drive\Control_Center\tools\verify_fog_voxel_mapping_evidence.py","tool","general-modding-development","unreviewed",""
"tools\source\mods-drive\Control_Center\tools\verify_furniture_donor_coverage.py","tool","general-modding-development","unreviewed",""
"tools\source\mods-drive\Control_Center\tools\verify_furniture_matrix_evidence.py","tool","general-modding-development","unreviewed",""
"tools\source\mods-drive\Control_Center\tools\verify_game_screenshot_evidence.py","tool","general-modding-development","unreviewed",""
"tools\source\mods-drive\Control_Center\tools\verify_gameplay_feasibility.py","tool","general-modding-development","unreviewed",""
"tools\source\mods-drive\Control_Center\tools\verify_installer_smoke.py","tool","general-modding-development","unreviewed",""
"tools\source\mods-drive\Control_Center\tools\verify_installer_source.py","tool","general-modding-development","unreviewed",""
"tools\source\mods-drive\Control_Center\tools\verify_live_loader.py","tool","general-modding-development","unreviewed",""
"tools\source\mods-drive\Control_Center\tools\verify_localization_boundary_report.py","tool","general-modding-development","unreviewed",""
"tools\source\mods-drive\Control_Center\tools\verify_localization_evidence.py","tool","general-modding-development","unreviewed",""
"tools\source\mods-drive\Control_Center\tools\verify_localization_session_evidence.py","tool","general-modding-development","unreviewed",""
"tools\source\mods-drive\Control_Center\tools\verify_milestone.py","tool","general-modding-development","unreviewed",""
"tools\source\mods-drive\Control_Center\tools\verify_portable_launch_smoke.py","tool","general-modding-development","unreviewed",""
"tools\source\mods-drive\Control_Center\tools\verify_post_rollback_stable_launch.py","tool","general-modding-development","unreviewed",""
"tools\source\mods-drive\Control_Center\tools\verify_quest_prototype_evidence.py","tool","general-modding-development","unreviewed",""
"tools\source\mods-drive\Control_Center\tools\verify_recipe_customization_evidence.py","tool","general-modding-development","unreviewed",""
"tools\source\mods-drive\Control_Center\tools\verify_release.py","tool","general-modding-development","unreviewed",""
"tools\source\mods-drive\Control_Center\tools\verify_save_backup_evidence.py","tool","general-modding-development","unreviewed",""
"tools\source\mods-drive\Control_Center\tools\verify_scene_resource_family_evidence.py","tool","general-modding-development","unreviewed",""
"tools\source\mods-drive\Control_Center\tools\verify_scene_voxel_pair_evidence.py","tool","general-modding-development","unreviewed",""
"tools\source\mods-drive\Control_Center\tools\verify_template_candidate.py","tool","general-modding-development","unreviewed",""
"tools\source\mods-drive\Control_Center\tools\verify_tuning_coverage.py","tool","general-modding-development","unreviewed",""
"tools\source\mods-drive\Control_Center\tools\verify_typed_color_combination_evidence.py","tool","general-modding-development","unreviewed",""
"tools\source\mods-drive\Control_Center\tools\verify_visual_substitution_batch.py","tool","general-modding-development","unreviewed",""
"tools\source\mods-drive\Control_Center\tools\verify_visual_substitution_matrix.py","tool","general-modding-development","unreviewed",""
"tools\source\mods-drive\Control_Center\tools\verify_visual_substitution_session.py","tool","general-modding-development","unreviewed",""
"tools\source\mods-drive\Control_Center\tools\verify_voxel_material_full_evidence.py","tool","general-modding-development","unreviewed",""
"tools\source\mods-drive\Control_Center\tools\verify_voxel_material_guid_evidence.py","tool","general-modding-development","unreviewed",""
"tools\source\mods-drive\Control_Center\tools\verify_voxel_world_dependency_map.py","tool","general-modding-development","unreviewed",""
"tools\source\mods-drive\Control_Center\tools\verify_voxel_world_donor_evidence.py","tool","general-modding-development","unreviewed",""
"tools\source\mods-drive\Control_Center\tools\verify_water_displacing_evidence.py","tool","general-modding-development","unreviewed",""
"tools\source\mods-drive\Control_Center\tools\verify_water_world_donor_evidence.py","tool","general-modding-development","unreviewed",""
"tools\source\mods-drive\EmberVault-Control-Center\tools\build_distribution.py","tool","general-modding-development","unreviewed",""
"tools\source\mods-drive\EmberVault-Control-Center\tools\sync_catalog.py","tool","general-modding-development","unreviewed",""
"tools\source\mods-drive\EmberVault-Control-Center\tools\verify_catalog.py","tool","general-modding-development","unreviewed",""
"tools\source\mods-drive\EmberVault-Control-Center\tools\verify_distribution.py","tool","general-modding-development","unreviewed",""
"tools\source\mods-drive\EmberVault-Control-Center\tools\verify_release.py","tool","general-modding-development","unreviewed",""
"tools\source\mods-drive\EmberVault\tools\verify_catalog.py","tool","general-modding-development","unreviewed",""
"tools\source\mods-drive\EmberVault\tools\verify_site.py","tool","general-modding-development","unreviewed",""
"tools\source\mods-drive\Export\Handoffs\Architect-Toolkit-—-Master-Realignment-Handoff.txt","tool","general-modding-development","unreviewed",""
"tools\source\mods-drive\Incoming\2026-09-18\INC-0021\task-8492_transcript.txt","tool","general-modding-development","unreviewed",""
"tools\source\mods-drive\Incoming\2026-09-19\INC-0023\patch_harness_hardening_transcript.txt","tool","general-modding-development","unreviewed",""
"tools\source\mods-drive\Incoming\2026-09-19\INC-0025\final_offline_patch_gate_transcript.txt","tool","general-modding-development","unreviewed",""
"tools\source\mods-drive\Incoming\2026-09-19\INC-0029\direct_patch_routing_fix_transcript.txt","tool","general-modding-development","unreviewed",""
"tools\source\mods-drive\Incoming\2026-09-19\INC-0033\production_binder_finalization_transcript.txt","tool","general-modding-development","unreviewed",""
"tools\source\mods-drive\Incoming\2026-09-19\INC-0034\final_verified_baseline_transcript.txt","tool","general-modding-development","unreviewed",""
"case-studies\source\mods-drive\Architect_Mod\Code_History\CODE-0042G1C4\CODEX_PROMPT_CODE0042G1D_PLAYER_VITALS.txt","case-study","players-settings-admin","unreviewed",""
"case-studies\source\mods-drive\Architect_Mod\Code_History\CODE-0042G3A1\CODEX_PROMPT_CODE0042G3B_SETTINGS_DEV.txt","case-study","players-settings-admin","unreviewed",""
"case-studies\source\mods-drive\Architect_Mod\Code_History\CODE-0042G3B\CODEX_PROMPT_CODE0042G3C_MULTIPLAYER_QUESTS.txt","case-study","players-settings-admin","unreviewed",""
"case-studies\source\mods-drive\Architect_Mod\Code_History\CODE-0042G5A1\CODEX_PROMPT_CODE0042G5B_RESPONSIVE_PLAYER.txt","case-study","players-settings-admin","unreviewed",""
"case-studies\source\mods-drive\Architect_Mod\Code_History\CODE-0042G5B\CODEX_PROMPT_CODE0042G5B1_PLAYER_PARITY_REPAIR.txt","case-study","players-settings-admin","unreviewed",""
"case-studies\source\mods-drive\Architect_Mod\Code_History\CODE-0042G5B1_PARTIAL\CODEX_PROMPT_CODE0042G5B1R_COMPLETE_PLAYER_PARITY.txt","case-study","players-settings-admin","unreviewed",""
"case-studies\source\mods-drive\Architect_Mod\Code_History\CODE-0044A\candidate\docs\CODE-0023-AdminAction-Registry.md","case-study","players-settings-admin","unreviewed",""
"case-studies\source\mods-drive\Architect_Mod\Code_History\CODE-0044A\candidate\docs\F7_ADMIN_FRAMEWORK_V1.md","case-study","players-settings-admin","unreviewed",""
"case-studies\source\mods-drive\Architect_Mod\Code_History\CODE-0044A\candidate\docs\MULTIPLAYER_ADMIN_ARCHITECTURE_V1.md","case-study","players-settings-admin","unreviewed",""
"case-studies\source\mods-drive\Control_Center_Next\bridge_server.py","case-study","players-settings-admin","unreviewed",""
"case-studies\source\mods-drive\EmberVault-Control-Center\core\game_settings.py","case-study","players-settings-admin","unreviewed",""
"case-studies\source\mods-drive\EmberVault-Control-Center\core\settings.py","case-study","players-settings-admin","unreviewed",""
"case-studies\source\mods-drive\EmberVault-Control-Center\docs\GAME_SETTINGS_BOUNDARY.md","case-study","players-settings-admin","unreviewed",""
"experiments\source\mods-drive\Architect_Mod\Code_History\CODE-0037-working\architect_toolkit\temp_verify\architect_toolkit\temp_inspect\architect_toolkit\temp_zip_extract\architect_toolkit\tools\AdminConsole\tests\test_admin_action_registry.py","experiment","players-settings-admin","unreviewed",""
"experiments\source\mods-drive\Architect_Mod\Code_History\CODE-0037-working\architect_toolkit\temp_verify\architect_toolkit\temp_inspect\architect_toolkit\temp_zip_extract\architect_toolkit\tools\AdminConsole\tests\test_backend_framework.py","experiment","players-settings-admin","unreviewed",""
"experiments\source\mods-drive\Architect_Mod\Code_History\CODE-0037-working\architect_toolkit\temp_verify\architect_toolkit\temp_inspect\architect_toolkit\temp_zip_extract\architect_toolkit\tools\GameSettingsMapper\tests\__init__.py","experiment","players-settings-admin","unreviewed",""
"experiments\source\mods-drive\Architect_Mod\Code_History\CODE-0037-working\architect_toolkit\temp_verify\architect_toolkit\temp_inspect\architect_toolkit\temp_zip_extract\architect_toolkit\tools\GameSettingsMapper\tests\test_game_settings_dataflow.py","experiment","players-settings-admin","unreviewed",""
"experiments\source\mods-drive\Architect_Mod\Code_History\CODE-0037-working\architect_toolkit\temp_verify\architect_toolkit\temp_inspect\architect_toolkit\temp_zip_extract\architect_toolkit\tools\GameSettingsMapper\tests\test_game_settings_mapper.py","experiment","players-settings-admin","unreviewed",""
"experiments\source\mods-drive\Architect_Mod\Code_History\CODE-0037-working\architect_toolkit\temp_verify\architect_toolkit\temp_inspect\architect_toolkit\temp_zip_extract\architect_toolkit\tools\PlayerDiscovery\tests\__init__.py","experiment","players-settings-admin","unreviewed",""
"experiments\source\mods-drive\Architect_Mod\Code_History\CODE-0037-working\architect_toolkit\temp_verify\architect_toolkit\temp_inspect\architect_toolkit\temp_zip_extract\architect_toolkit\tools\PlayerDiscovery\tests\test_player_discovery.py","experiment","players-settings-admin","unreviewed",""
"experiments\source\mods-drive\Architect_Mod\Code_History\CODE-0037-working\architect_toolkit\temp_verify\architect_toolkit\temp_inspect\architect_toolkit\tools\AdminConsole\tests\test_admin_action_registry.py","experiment","players-settings-admin","unreviewed",""
"experiments\source\mods-drive\Architect_Mod\Code_History\CODE-0037-working\architect_toolkit\temp_verify\architect_toolkit\temp_inspect\architect_toolkit\tools\AdminConsole\tests\test_backend_framework.py","experiment","players-settings-admin","unreviewed",""
"experiments\source\mods-drive\Architect_Mod\Code_History\CODE-0037-working\architect_toolkit\temp_verify\architect_toolkit\temp_inspect\architect_toolkit\tools\GameSettingsMapper\tests\test_game_settings_dataflow.py","experiment","players-settings-admin","unreviewed",""
"experiments\source\mods-drive\Architect_Mod\Code_History\CODE-0037-working\architect_toolkit\temp_verify\architect_toolkit\temp_inspect\architect_toolkit\tools\GameSettingsMapper\tests\test_game_settings_mapper.py","experiment","players-settings-admin","unreviewed",""
"experiments\source\mods-drive\Architect_Mod\Code_History\CODE-0037-working\architect_toolkit\temp_zip_extract\architect_toolkit\tools\AdminConsole\tests\test_admin_action_registry.py","experiment","players-settings-admin","unreviewed",""
"experiments\source\mods-drive\Architect_Mod\Code_History\CODE-0037-working\architect_toolkit\temp_zip_extract\architect_toolkit\tools\AdminConsole\tests\test_backend_framework.py","experiment","players-settings-admin","unreviewed",""
"experiments\source\mods-drive\Architect_Mod\Code_History\CODE-0037-working\architect_toolkit\temp_zip_extract\architect_toolkit\tools\GameSettingsMapper\tests\__init__.py","experiment","players-settings-admin","unreviewed",""
"experiments\source\mods-drive\Architect_Mod\Code_History\CODE-0037-working\architect_toolkit\temp_zip_extract\architect_toolkit\tools\GameSettingsMapper\tests\test_game_settings_dataflow.py","experiment","players-settings-admin","unreviewed",""
"experiments\source\mods-drive\Architect_Mod\Code_History\CODE-0037-working\architect_toolkit\temp_zip_extract\architect_toolkit\tools\GameSettingsMapper\tests\test_game_settings_mapper.py","experiment","players-settings-admin","unreviewed",""
"experiments\source\mods-drive\Architect_Mod\Code_History\CODE-0037-working\architect_toolkit\temp_zip_extract\architect_toolkit\tools\PlayerDiscovery\tests\__init__.py","experiment","players-settings-admin","unreviewed",""
"experiments\source\mods-drive\Architect_Mod\Code_History\CODE-0037-working\architect_toolkit\temp_zip_extract\architect_toolkit\tools\PlayerDiscovery\tests\test_player_discovery.py","experiment","players-settings-admin","unreviewed",""
"experiments\source\mods-drive\Architect_Mod\Code_History\CODE-0037-working\architect_toolkit\temp_zip\architect_toolkit\temp_zip_extract\architect_toolkit\tools\AdminConsole\tests\test_admin_action_registry.py","experiment","players-settings-admin","unreviewed",""
"experiments\source\mods-drive\Architect_Mod\Code_History\CODE-0037-working\architect_toolkit\temp_zip\architect_toolkit\temp_zip_extract\architect_toolkit\tools\AdminConsole\tests\test_backend_framework.py","experiment","players-settings-admin","unreviewed",""
"experiments\source\mods-drive\Architect_Mod\Code_History\CODE-0037-working\architect_toolkit\temp_zip\architect_toolkit\temp_zip_extract\architect_toolkit\tools\GameSettingsMapper\tests\__init__.py","experiment","players-settings-admin","unreviewed",""
"experiments\source\mods-drive\Architect_Mod\Code_History\CODE-0037-working\architect_toolkit\temp_zip\architect_toolkit\temp_zip_extract\architect_toolkit\tools\GameSettingsMapper\tests\test_game_settings_dataflow.py","experiment","players-settings-admin","unreviewed",""
"experiments\source\mods-drive\Architect_Mod\Code_History\CODE-0037-working\architect_toolkit\temp_zip\architect_toolkit\temp_zip_extract\architect_toolkit\tools\GameSettingsMapper\tests\test_game_settings_mapper.py","experiment","players-settings-admin","unreviewed",""
"experiments\source\mods-drive\Architect_Mod\Code_History\CODE-0037-working\architect_toolkit\temp_zip\architect_toolkit\temp_zip_extract\architect_toolkit\tools\PlayerDiscovery\tests\__init__.py","experiment","players-settings-admin","unreviewed",""
"experiments\source\mods-drive\Architect_Mod\Code_History\CODE-0037-working\architect_toolkit\temp_zip\architect_toolkit\temp_zip_extract\architect_toolkit\tools\PlayerDiscovery\tests\test_player_discovery.py","experiment","players-settings-admin","unreviewed",""
"experiments\source\mods-drive\Architect_Mod\Code_History\CODE-0037-working\architect_toolkit\temp_zip\architect_toolkit\tools\AdminConsole\tests\test_admin_action_registry.py","experiment","players-settings-admin","unreviewed",""
"experiments\source\mods-drive\Architect_Mod\Code_History\CODE-0037-working\architect_toolkit\temp_zip\architect_toolkit\tools\AdminConsole\tests\test_backend_framework.py","experiment","players-settings-admin","unreviewed",""
"experiments\source\mods-drive\Architect_Mod\Code_History\CODE-0037-working\architect_toolkit\temp_zip\architect_toolkit\tools\GameSettingsMapper\tests\__init__.py","experiment","players-settings-admin","unreviewed",""
"experiments\source\mods-drive\Architect_Mod\Code_History\CODE-0037-working\architect_toolkit\temp_zip\architect_toolkit\tools\GameSettingsMapper\tests\test_game_settings_dataflow.py","experiment","players-settings-admin","unreviewed",""
"experiments\source\mods-drive\Architect_Mod\Code_History\CODE-0037-working\architect_toolkit\temp_zip\architect_toolkit\tools\GameSettingsMapper\tests\test_game_settings_mapper.py","experiment","players-settings-admin","unreviewed",""
"experiments\source\mods-drive\Architect_Mod\Code_History\CODE-0037-working\architect_toolkit\temp_zip\architect_toolkit\tools\PlayerDiscovery\tests\__init__.py","experiment","players-settings-admin","unreviewed",""
"experiments\source\mods-drive\Architect_Mod\Code_History\CODE-0037-working\architect_toolkit\temp_zip\architect_toolkit\tools\PlayerDiscovery\tests\test_player_discovery.py","experiment","players-settings-admin","unreviewed",""
"experiments\source\mods-drive\Architect_Mod\Code_History\CODE-0037-working\architect_toolkit\tools\AdminConsole\tests\test_admin_action_registry.py","experiment","players-settings-admin","unreviewed",""
"experiments\source\mods-drive\Architect_Mod\Code_History\CODE-0037-working\architect_toolkit\tools\AdminConsole\tests\test_backend_framework.py","experiment","players-settings-admin","unreviewed",""
"experiments\source\mods-drive\Architect_Mod\Code_History\CODE-0037-working\architect_toolkit\tools\GameSettingsMapper\tests\__init__.py","experiment","players-settings-admin","unreviewed",""
"experiments\source\mods-drive\Architect_Mod\Code_History\CODE-0037-working\architect_toolkit\tools\GameSettingsMapper\tests\test_game_settings_dataflow.py","experiment","players-settings-admin","unreviewed",""
"experiments\source\mods-drive\Architect_Mod\Code_History\CODE-0037-working\architect_toolkit\tools\GameSettingsMapper\tests\test_game_settings_mapper.py","experiment","players-settings-admin","unreviewed",""
"experiments\source\mods-drive\Architect_Mod\Code_History\CODE-0037-working\architect_toolkit\tools\PlayerDiscovery\tests\__init__.py","experiment","players-settings-admin","unreviewed",""
"experiments\source\mods-drive\Architect_Mod\Code_History\CODE-0037-working\architect_toolkit\tools\PlayerDiscovery\tests\test_player_discovery.py","experiment","players-settings-admin","unreviewed",""
"experiments\source\mods-drive\Architect_Mod\Code_History\CODE-0044A\candidate\tools\AdminConsole\tests\test_admin_action_registry.py","experiment","players-settings-admin","unreviewed",""
"experiments\source\mods-drive\Architect_Mod\Code_History\CODE-0044A\candidate\tools\AdminConsole\tests\test_backend_framework.py","experiment","players-settings-admin","unreviewed",""
"experiments\source\mods-drive\Architect_Mod\Code_History\CODE-0044A\candidate\tools\GameSettingsMapper\tests\__init__.py","experiment","players-settings-admin","unreviewed",""
"experiments\source\mods-drive\Architect_Mod\Code_History\CODE-0044A\candidate\tools\GameSettingsMapper\tests\test_game_settings_dataflow.py","experiment","players-settings-admin","unreviewed",""
"experiments\source\mods-drive\Architect_Mod\Code_History\CODE-0044A\candidate\tools\GameSettingsMapper\tests\test_game_settings_mapper.py","experiment","players-settings-admin","unreviewed",""
"experiments\source\mods-drive\Architect_Mod\Code_History\CODE-0044A\candidate\tools\PlayerDiscovery\tests\__init__.py","experiment","players-settings-admin","unreviewed",""
"experiments\source\mods-drive\Architect_Mod\Code_History\CODE-0044A\candidate\tools\PlayerDiscovery\tests\test_player_discovery.py","experiment","players-settings-admin","unreviewed",""
"experiments\source\mods-drive\Control_Center_Next\test_bridge_server.py","experiment","players-settings-admin","unreviewed",""
"experiments\source\mods-drive\Control_Center\tests\test_verify_multiplayer_authority_report.py","experiment","players-settings-admin","unreviewed",""
"implementations\source\mods-drive\Incoming\2026-09-19\INC-0059\enshrouded_server.ct","implementation","players-settings-admin","unreviewed",""
"implementations\source\mods-drive\Incoming\2026-09-20\INC-0060\enshrouded_server.ct","implementation","players-settings-admin","unreviewed",""
"implementations\source\mods-drive\Incoming\2026-09-20\INC-0061\enshrouded_server.ct","implementation","players-settings-admin","unreviewed",""
"research\source\mods-drive\_static_audit_20260926\EML Beginners Guide 135 0.1.0 2026-08-24T01-41Z Jmd9c7ISd\User_1_Regular_Player.md","research","players-settings-admin","unreviewed",""
"research\source\mods-drive\_static_audit_20260926\EML Beginners Guide 135 0.1.0 2026-08-24T01-41Z Jmd9c7ISd\User_4_GPortal_Server_Admin.md","research","players-settings-admin","unreviewed",""
"research\source\mods-drive\Architect_Mod\Code_History\CODE-0037-working\architect_toolkit\docs\research\ClientPlayerInput-StaticMap-v1.md","research","players-settings-admin","unreviewed",""
"research\source\mods-drive\Architect_Mod\Code_History\CODE-0037-working\architect_toolkit\docs\research\GameSettings-CODE-0023-Static.md","research","players-settings-admin","unreviewed",""
"research\source\mods-drive\Architect_Mod\Code_History\CODE-0037-working\architect_toolkit\docs\research\GameSettings-CODE-0024-Dispatch-Readback.md","research","players-settings-admin","unreviewed",""
"research\source\mods-drive\Architect_Mod\Code_History\CODE-0037-working\architect_toolkit\docs\research\GameSettings-CODE-0025-DataFlow.md","research","players-settings-admin","unreviewed",""
"research\source\mods-drive\Architect_Mod\Code_History\CODE-0037-working\architect_toolkit\docs\research\PlayerDiscovery-CODE-0022B-Static.md","research","players-settings-admin","unreviewed",""
"research\source\mods-drive\Architect_Mod\Code_History\CODE-0037-working\architect_toolkit\docs\research\PlayerDiscovery-F7-CODE-0022B.md","research","players-settings-admin","unreviewed",""
"research\source\mods-drive\Architect_Mod\Code_History\CODE-0037-working\architect_toolkit\temp_verify\architect_toolkit\temp_inspect\architect_toolkit\temp_zip_extract\architect_toolkit\docs\research\ClientPlayerInput-StaticMap-v1.md","research","players-settings-admin","unreviewed",""
"research\source\mods-drive\Architect_Mod\Code_History\CODE-0037-working\architect_toolkit\temp_verify\architect_toolkit\temp_inspect\architect_toolkit\temp_zip_extract\architect_toolkit\docs\research\GameSettings-CODE-0023-Static.md","research","players-settings-admin","unreviewed",""
"research\source\mods-drive\Architect_Mod\Code_History\CODE-0037-working\architect_toolkit\temp_verify\architect_toolkit\temp_inspect\architect_toolkit\temp_zip_extract\architect_toolkit\docs\research\GameSettings-CODE-0024-Dispatch-Readback.md","research","players-settings-admin","unreviewed",""
"research\source\mods-drive\Architect_Mod\Code_History\CODE-0037-working\architect_toolkit\temp_verify\architect_toolkit\temp_inspect\architect_toolkit\temp_zip_extract\architect_toolkit\docs\research\GameSettings-CODE-0025-DataFlow.md","research","players-settings-admin","unreviewed",""
"research\source\mods-drive\Architect_Mod\Code_History\CODE-0037-working\architect_toolkit\temp_verify\architect_toolkit\temp_inspect\architect_toolkit\temp_zip_extract\architect_toolkit\docs\research\PlayerDiscovery-CODE-0022B-Static.md","research","players-settings-admin","unreviewed",""
"research\source\mods-drive\Architect_Mod\Code_History\CODE-0037-working\architect_toolkit\temp_verify\architect_toolkit\temp_inspect\architect_toolkit\temp_zip_extract\architect_toolkit\docs\research\PlayerDiscovery-F7-CODE-0022B.md","research","players-settings-admin","unreviewed",""
"research\source\mods-drive\Architect_Mod\Code_History\CODE-0037-working\architect_toolkit\temp_verify\architect_toolkit\temp_inspect\architect_toolkit\temp_zip_extract\architect_toolkit\tools\AdminConsole\audit_lua_capabilities.py","research","players-settings-admin","unreviewed",""
"research\source\mods-drive\Architect_Mod\Code_History\CODE-0037-working\architect_toolkit\temp_verify\architect_toolkit\temp_inspect\architect_toolkit\tools\AdminConsole\audit_lua_capabilities.py","research","players-settings-admin","unreviewed",""
"research\source\mods-drive\Architect_Mod\Code_History\CODE-0037-working\architect_toolkit\temp_zip_extract\architect_toolkit\docs\research\ClientPlayerInput-StaticMap-v1.md","research","players-settings-admin","unreviewed",""
"research\source\mods-drive\Architect_Mod\Code_History\CODE-0037-working\architect_toolkit\temp_zip_extract\architect_toolkit\docs\research\GameSettings-CODE-0023-Static.md","research","players-settings-admin","unreviewed",""
"research\source\mods-drive\Architect_Mod\Code_History\CODE-0037-working\architect_toolkit\temp_zip_extract\architect_toolkit\docs\research\GameSettings-CODE-0024-Dispatch-Readback.md","research","players-settings-admin","unreviewed",""
"research\source\mods-drive\Architect_Mod\Code_History\CODE-0037-working\architect_toolkit\temp_zip_extract\architect_toolkit\docs\research\GameSettings-CODE-0025-DataFlow.md","research","players-settings-admin","unreviewed",""
"research\source\mods-drive\Architect_Mod\Code_History\CODE-0037-working\architect_toolkit\temp_zip_extract\architect_toolkit\docs\research\PlayerDiscovery-CODE-0022B-Static.md","research","players-settings-admin","unreviewed",""
"research\source\mods-drive\Architect_Mod\Code_History\CODE-0037-working\architect_toolkit\temp_zip_extract\architect_toolkit\docs\research\PlayerDiscovery-F7-CODE-0022B.md","research","players-settings-admin","unreviewed",""
"research\source\mods-drive\Architect_Mod\Code_History\CODE-0037-working\architect_toolkit\temp_zip_extract\architect_toolkit\tools\AdminConsole\audit_lua_capabilities.py","research","players-settings-admin","unreviewed",""
"research\source\mods-drive\Architect_Mod\Code_History\CODE-0037-working\architect_toolkit\temp_zip\architect_toolkit\docs\research\ClientPlayerInput-StaticMap-v1.md","research","players-settings-admin","unreviewed",""
"research\source\mods-drive\Architect_Mod\Code_History\CODE-0037-working\architect_toolkit\temp_zip\architect_toolkit\docs\research\GameSettings-CODE-0023-Static.md","research","players-settings-admin","unreviewed",""
"research\source\mods-drive\Architect_Mod\Code_History\CODE-0037-working\architect_toolkit\temp_zip\architect_toolkit\docs\research\GameSettings-CODE-0024-Dispatch-Readback.md","research","players-settings-admin","unreviewed",""
"research\source\mods-drive\Architect_Mod\Code_History\CODE-0037-working\architect_toolkit\temp_zip\architect_toolkit\docs\research\GameSettings-CODE-0025-DataFlow.md","research","players-settings-admin","unreviewed",""
"research\source\mods-drive\Architect_Mod\Code_History\CODE-0037-working\architect_toolkit\temp_zip\architect_toolkit\docs\research\PlayerDiscovery-CODE-0022B-Static.md","research","players-settings-admin","unreviewed",""
"research\source\mods-drive\Architect_Mod\Code_History\CODE-0037-working\architect_toolkit\temp_zip\architect_toolkit\docs\research\PlayerDiscovery-F7-CODE-0022B.md","research","players-settings-admin","unreviewed",""
"research\source\mods-drive\Architect_Mod\Code_History\CODE-0037-working\architect_toolkit\temp_zip\architect_toolkit\temp_zip_extract\architect_toolkit\docs\research\ClientPlayerInput-StaticMap-v1.md","research","players-settings-admin","unreviewed",""
"research\source\mods-drive\Architect_Mod\Code_History\CODE-0037-working\architect_toolkit\temp_zip\architect_toolkit\temp_zip_extract\architect_toolkit\docs\research\GameSettings-CODE-0023-Static.md","research","players-settings-admin","unreviewed",""
"research\source\mods-drive\Architect_Mod\Code_History\CODE-0037-working\architect_toolkit\temp_zip\architect_toolkit\temp_zip_extract\architect_toolkit\docs\research\GameSettings-CODE-0024-Dispatch-Readback.md","research","players-settings-admin","unreviewed",""
"research\source\mods-drive\Architect_Mod\Code_History\CODE-0037-working\architect_toolkit\temp_zip\architect_toolkit\temp_zip_extract\architect_toolkit\docs\research\GameSettings-CODE-0025-DataFlow.md","research","players-settings-admin","unreviewed",""
"research\source\mods-drive\Architect_Mod\Code_History\CODE-0037-working\architect_toolkit\temp_zip\architect_toolkit\temp_zip_extract\architect_toolkit\docs\research\PlayerDiscovery-CODE-0022B-Static.md","research","players-settings-admin","unreviewed",""
"research\source\mods-drive\Architect_Mod\Code_History\CODE-0037-working\architect_toolkit\temp_zip\architect_toolkit\temp_zip_extract\architect_toolkit\docs\research\PlayerDiscovery-F7-CODE-0022B.md","research","players-settings-admin","unreviewed",""
"research\source\mods-drive\Architect_Mod\Code_History\CODE-0037-working\architect_toolkit\temp_zip\architect_toolkit\temp_zip_extract\architect_toolkit\tools\AdminConsole\audit_lua_capabilities.py","research","players-settings-admin","unreviewed",""
"research\source\mods-drive\Architect_Mod\Code_History\CODE-0037-working\architect_toolkit\temp_zip\architect_toolkit\tools\AdminConsole\audit_lua_capabilities.py","research","players-settings-admin","unreviewed",""
"research\source\mods-drive\Architect_Mod\Code_History\CODE-0037-working\architect_toolkit\tools\AdminConsole\audit_lua_capabilities.py","research","players-settings-admin","unreviewed",""
"research\source\mods-drive\Architect_Mod\Code_History\CODE-0044A\candidate\docs\research\ClientPlayerInput-StaticMap-v1.md","research","players-settings-admin","unreviewed",""
"research\source\mods-drive\Architect_Mod\Code_History\CODE-0044A\candidate\docs\research\GameSettings-CODE-0023-Static.md","research","players-settings-admin","unreviewed",""
"research\source\mods-drive\Architect_Mod\Code_History\CODE-0044A\candidate\docs\research\GameSettings-CODE-0024-Dispatch-Readback.md","research","players-settings-admin","unreviewed",""
"research\source\mods-drive\Architect_Mod\Code_History\CODE-0044A\candidate\docs\research\GameSettings-CODE-0025-DataFlow.md","research","players-settings-admin","unreviewed",""
"research\source\mods-drive\Architect_Mod\Code_History\CODE-0044A\candidate\docs\research\PlayerDiscovery-CODE-0022B-Static.md","research","players-settings-admin","unreviewed",""
"research\source\mods-drive\Architect_Mod\Code_History\CODE-0044A\candidate\docs\research\PlayerDiscovery-F7-CODE-0022B.md","research","players-settings-admin","unreviewed",""
"research\source\mods-drive\Architect_Mod\Code_History\CODE-0044A\candidate\tools\AdminConsole\audit_lua_capabilities.py","research","players-settings-admin","unreviewed",""
"research\source\mods-drive\Architect_Mod\Research\F7-Admin-Capability-Catalog-2026-09-17.md","research","players-settings-admin","unreviewed",""
"research\source\mods-drive\Architect_Mod\Research\F7-Admin-Program-Plan-2026-09-17.md","research","players-settings-admin","unreviewed",""
"research\source\mods-drive\Architect_Mod\Research\INC-0060_External_Cheat_Mod_Deep_Dive\Vanilla_GameSettings_1076226.csv","research","players-settings-admin","unreviewed",""
"research\source\mods-drive\Architect_Mod\Research\UI\F7_ADMIN_FRAMEWORK_V1.md","research","players-settings-admin","unreviewed",""
"research\source\mods-drive\Control_Center\research\MULTIPLAYER_AUTHORITY_FEASIBILITY_20260928.md","research","players-settings-admin","unreviewed",""
"research\source\mods-drive\Control_Center\research\probes\behavior_player_base_health\src\mod.lua","research","players-settings-admin","unreviewed",""
"research\source\mods-drive\Control_Center\research\probes\behavior_player_base_mana\src\mod.lua","research","players-settings-admin","unreviewed",""
"research\source\mods-drive\Control_Center\research\probes\behavior_player_base_stamina\src\mod.lua","research","players-settings-admin","unreviewed",""
"research\source\mods-drive\Control_Center\research\probes\behavior_player_mana_factor\src\mod.lua","research","players-settings-admin","unreviewed",""
"research\source\mods-drive\Control_Center\research\probes\behavior_player_stamina_factor\src\mod.lua","research","players-settings-admin","unreviewed",""
"research\source\mods-drive\Control_Center\research\probes\settings_metadata_probe_1076226\src\mod.lua","research","players-settings-admin","unreviewed",""
"research\source\mods-drive\Control_Center\research\probes\settings_payload_probe_1076226\src\mod.lua","research","players-settings-admin","unreviewed",""
"research\source\mods-drive\Control_Center\research\probes\settings_single_write_probe_1076226\src\mod.lua","research","players-settings-admin","unreviewed",""
"research\source\mods-drive\Control_Center\research\SETTINGS_METADATA_PROBE_1076226.md","research","players-settings-admin","unreviewed",""
"research\source\mods-drive\Control_Center\research\SETTINGS_METADATA_PROBE_EVIDENCE_20260927.md","research","players-settings-admin","unreviewed",""
"research\source\research-drive\Enshrouded Mods-20260918T044156Z-1-001\Enshrouded Mods\Architect_Mod\Research\F7-Admin-Capability-Catalog-2026-09-17.md","research","players-settings-admin","unreviewed",""
"research\source\research-drive\Enshrouded Mods-20260918T044156Z-1-001\Enshrouded Mods\Architect_Mod\Research\F7-Admin-Program-Plan-2026-09-17.md","research","players-settings-admin","unreviewed",""
"research\source\research-drive\Enshrouded Mods-20260918T044156Z-1-001\Enshrouded Mods\Architect_Mod\Research\UI\F7_ADMIN_FRAMEWORK_V1.md","research","players-settings-admin","unreviewed",""
"tools\source\mods-drive\Architect_Mod\Code_History\CODE-0037-working\architect_toolkit\docs\CODE-0023-AdminAction-Registry.md","tool","players-settings-admin","unreviewed",""
"tools\source\mods-drive\Architect_Mod\Code_History\CODE-0037-working\architect_toolkit\docs\F7_ADMIN_FRAMEWORK_V1.md","tool","players-settings-admin","unreviewed",""
"tools\source\mods-drive\Architect_Mod\Code_History\CODE-0037-working\architect_toolkit\docs\MULTIPLAYER_ADMIN_ARCHITECTURE_V1.md","tool","players-settings-admin","unreviewed",""
"tools\source\mods-drive\Architect_Mod\Code_History\CODE-0037-working\architect_toolkit\docs\tools\PlayerDiscoveryAnalyzer.md","tool","players-settings-admin","unreviewed",""
"tools\source\mods-drive\Architect_Mod\Code_History\CODE-0037-working\architect_toolkit\temp_verify\architect_toolkit\temp_inspect\architect_toolkit\temp_zip_extract\architect_toolkit\docs\CODE-0023-AdminAction-Registry.md","tool","players-settings-admin","unreviewed",""
"tools\source\mods-drive\Architect_Mod\Code_History\CODE-0037-working\architect_toolkit\temp_verify\architect_toolkit\temp_inspect\architect_toolkit\temp_zip_extract\architect_toolkit\docs\F7_ADMIN_FRAMEWORK_V1.md","tool","players-settings-admin","unreviewed",""
"tools\source\mods-drive\Architect_Mod\Code_History\CODE-0037-working\architect_toolkit\temp_verify\architect_toolkit\temp_inspect\architect_toolkit\temp_zip_extract\architect_toolkit\docs\MULTIPLAYER_ADMIN_ARCHITECTURE_V1.md","tool","players-settings-admin","unreviewed",""
"tools\source\mods-drive\Architect_Mod\Code_History\CODE-0037-working\architect_toolkit\temp_verify\architect_toolkit\temp_inspect\architect_toolkit\temp_zip_extract\architect_toolkit\docs\tools\PlayerDiscoveryAnalyzer.md","tool","players-settings-admin","unreviewed",""
"tools\source\mods-drive\Architect_Mod\Code_History\CODE-0037-working\architect_toolkit\temp_verify\architect_toolkit\temp_inspect\architect_toolkit\temp_zip_extract\architect_toolkit\tools\AdminConsole\native_memory_model.py","tool","players-settings-admin","unreviewed",""
"tools\source\mods-drive\Architect_Mod\Code_History\CODE-0037-working\architect_toolkit\temp_verify\architect_toolkit\temp_inspect\architect_toolkit\temp_zip_extract\architect_toolkit\tools\GameSettingsMapper\__init__.py","tool","players-settings-admin","unreviewed",""
"tools\source\mods-drive\Architect_Mod\Code_History\CODE-0037-working\architect_toolkit\temp_verify\architect_toolkit\temp_inspect\architect_toolkit\temp_zip_extract\architect_toolkit\tools\GameSettingsMapper\adapter_model.py","tool","players-settings-admin","unreviewed",""
"tools\source\mods-drive\Architect_Mod\Code_History\CODE-0037-working\architect_toolkit\temp_verify\architect_toolkit\temp_inspect\architect_toolkit\temp_zip_extract\architect_toolkit\tools\GameSettingsMapper\analyze_game_settings_dataflow.py","tool","players-settings-admin","unreviewed",""
"tools\source\mods-drive\Architect_Mod\Code_History\CODE-0037-working\architect_toolkit\temp_verify\architect_toolkit\temp_inspect\architect_toolkit\temp_zip_extract\architect_toolkit\tools\GameSettingsMapper\map_game_settings.py","tool","players-settings-admin","unreviewed",""
"tools\source\mods-drive\Architect_Mod\Code_History\CODE-0037-working\architect_toolkit\temp_verify\architect_toolkit\temp_inspect\architect_toolkit\temp_zip_extract\architect_toolkit\tools\PlayerDiscovery\__init__.py","tool","players-settings-admin","unreviewed",""
"tools\source\mods-drive\Architect_Mod\Code_History\CODE-0037-working\architect_toolkit\temp_verify\architect_toolkit\temp_inspect\architect_toolkit\temp_zip_extract\architect_toolkit\tools\PlayerDiscovery\analyze_player_discovery.py","tool","players-settings-admin","unreviewed",""
"tools\source\mods-drive\Architect_Mod\Code_History\CODE-0037-working\architect_toolkit\temp_verify\architect_toolkit\temp_inspect\architect_toolkit\tools\AdminConsole\native_memory_model.py","tool","players-settings-admin","unreviewed",""
"tools\source\mods-drive\Architect_Mod\Code_History\CODE-0037-working\architect_toolkit\temp_verify\architect_toolkit\temp_inspect\architect_toolkit\tools\GameSettingsMapper\__init__.py","tool","players-settings-admin","unreviewed",""
"tools\source\mods-drive\Architect_Mod\Code_History\CODE-0037-working\architect_toolkit\temp_verify\architect_toolkit\temp_inspect\architect_toolkit\tools\GameSettingsMapper\adapter_model.py","tool","players-settings-admin","unreviewed",""
"tools\source\mods-drive\Architect_Mod\Code_History\CODE-0037-working\architect_toolkit\temp_verify\architect_toolkit\temp_inspect\architect_toolkit\tools\GameSettingsMapper\analyze_game_settings_dataflow.py","tool","players-settings-admin","unreviewed",""
"tools\source\mods-drive\Architect_Mod\Code_History\CODE-0037-working\architect_toolkit\temp_verify\architect_toolkit\temp_inspect\architect_toolkit\tools\GameSettingsMapper\map_game_settings.py","tool","players-settings-admin","unreviewed",""
"tools\source\mods-drive\Architect_Mod\Code_History\CODE-0037-working\architect_toolkit\temp_zip_extract\architect_toolkit\docs\CODE-0023-AdminAction-Registry.md","tool","players-settings-admin","unreviewed",""
"tools\source\mods-drive\Architect_Mod\Code_History\CODE-0037-working\architect_toolkit\temp_zip_extract\architect_toolkit\docs\F7_ADMIN_FRAMEWORK_V1.md","tool","players-settings-admin","unreviewed",""
"tools\source\mods-drive\Architect_Mod\Code_History\CODE-0037-working\architect_toolkit\temp_zip_extract\architect_toolkit\docs\MULTIPLAYER_ADMIN_ARCHITECTURE_V1.md","tool","players-settings-admin","unreviewed",""
"tools\source\mods-drive\Architect_Mod\Code_History\CODE-0037-working\architect_toolkit\temp_zip_extract\architect_toolkit\docs\tools\PlayerDiscoveryAnalyzer.md","tool","players-settings-admin","unreviewed",""
"tools\source\mods-drive\Architect_Mod\Code_History\CODE-0037-working\architect_toolkit\temp_zip_extract\architect_toolkit\tools\AdminConsole\native_memory_model.py","tool","players-settings-admin","unreviewed",""
"tools\source\mods-drive\Architect_Mod\Code_History\CODE-0037-working\architect_toolkit\temp_zip_extract\architect_toolkit\tools\GameSettingsMapper\__init__.py","tool","players-settings-admin","unreviewed",""
"tools\source\mods-drive\Architect_Mod\Code_History\CODE-0037-working\architect_toolkit\temp_zip_extract\architect_toolkit\tools\GameSettingsMapper\adapter_model.py","tool","players-settings-admin","unreviewed",""
"tools\source\mods-drive\Architect_Mod\Code_History\CODE-0037-working\architect_toolkit\temp_zip_extract\architect_toolkit\tools\GameSettingsMapper\analyze_game_settings_dataflow.py","tool","players-settings-admin","unreviewed",""
"tools\source\mods-drive\Architect_Mod\Code_History\CODE-0037-working\architect_toolkit\temp_zip_extract\architect_toolkit\tools\GameSettingsMapper\map_game_settings.py","tool","players-settings-admin","unreviewed",""
"tools\source\mods-drive\Architect_Mod\Code_History\CODE-0037-working\architect_toolkit\temp_zip_extract\architect_toolkit\tools\PlayerDiscovery\__init__.py","tool","players-settings-admin","unreviewed",""
"tools\source\mods-drive\Architect_Mod\Code_History\CODE-0037-working\architect_toolkit\temp_zip_extract\architect_toolkit\tools\PlayerDiscovery\analyze_player_discovery.py","tool","players-settings-admin","unreviewed",""
"tools\source\mods-drive\Architect_Mod\Code_History\CODE-0037-working\architect_toolkit\temp_zip\architect_toolkit\docs\CODE-0023-AdminAction-Registry.md","tool","players-settings-admin","unreviewed",""
"tools\source\mods-drive\Architect_Mod\Code_History\CODE-0037-working\architect_toolkit\temp_zip\architect_toolkit\docs\F7_ADMIN_FRAMEWORK_V1.md","tool","players-settings-admin","unreviewed",""
"tools\source\mods-drive\Architect_Mod\Code_History\CODE-0037-working\architect_toolkit\temp_zip\architect_toolkit\docs\MULTIPLAYER_ADMIN_ARCHITECTURE_V1.md","tool","players-settings-admin","unreviewed",""
"tools\source\mods-drive\Architect_Mod\Code_History\CODE-0037-working\architect_toolkit\temp_zip\architect_toolkit\docs\tools\PlayerDiscoveryAnalyzer.md","tool","players-settings-admin","unreviewed",""
"tools\source\mods-drive\Architect_Mod\Code_History\CODE-0037-working\architect_toolkit\temp_zip\architect_toolkit\temp_zip_extract\architect_toolkit\docs\CODE-0023-AdminAction-Registry.md","tool","players-settings-admin","unreviewed",""
"tools\source\mods-drive\Architect_Mod\Code_History\CODE-0037-working\architect_toolkit\temp_zip\architect_toolkit\temp_zip_extract\architect_toolkit\docs\F7_ADMIN_FRAMEWORK_V1.md","tool","players-settings-admin","unreviewed",""
"tools\source\mods-drive\Architect_Mod\Code_History\CODE-0037-working\architect_toolkit\temp_zip\architect_toolkit\temp_zip_extract\architect_toolkit\docs\MULTIPLAYER_ADMIN_ARCHITECTURE_V1.md","tool","players-settings-admin","unreviewed",""
"tools\source\mods-drive\Architect_Mod\Code_History\CODE-0037-working\architect_toolkit\temp_zip\architect_toolkit\temp_zip_extract\architect_toolkit\docs\tools\PlayerDiscoveryAnalyzer.md","tool","players-settings-admin","unreviewed",""
"tools\source\mods-drive\Architect_Mod\Code_History\CODE-0037-working\architect_toolkit\temp_zip\architect_toolkit\temp_zip_extract\architect_toolkit\tools\AdminConsole\native_memory_model.py","tool","players-settings-admin","unreviewed",""
"tools\source\mods-drive\Architect_Mod\Code_History\CODE-0037-working\architect_toolkit\temp_zip\architect_toolkit\temp_zip_extract\architect_toolkit\tools\GameSettingsMapper\__init__.py","tool","players-settings-admin","unreviewed",""
"tools\source\mods-drive\Architect_Mod\Code_History\CODE-0037-working\architect_toolkit\temp_zip\architect_toolkit\temp_zip_extract\architect_toolkit\tools\GameSettingsMapper\adapter_model.py","tool","players-settings-admin","unreviewed",""
"tools\source\mods-drive\Architect_Mod\Code_History\CODE-0037-working\architect_toolkit\temp_zip\architect_toolkit\temp_zip_extract\architect_toolkit\tools\GameSettingsMapper\analyze_game_settings_dataflow.py","tool","players-settings-admin","unreviewed",""
"tools\source\mods-drive\Architect_Mod\Code_History\CODE-0037-working\architect_toolkit\temp_zip\architect_toolkit\temp_zip_extract\architect_toolkit\tools\GameSettingsMapper\map_game_settings.py","tool","players-settings-admin","unreviewed",""
"tools\source\mods-drive\Architect_Mod\Code_History\CODE-0037-working\architect_toolkit\temp_zip\architect_toolkit\temp_zip_extract\architect_toolkit\tools\PlayerDiscovery\__init__.py","tool","players-settings-admin","unreviewed",""
"tools\source\mods-drive\Architect_Mod\Code_History\CODE-0037-working\architect_toolkit\temp_zip\architect_toolkit\temp_zip_extract\architect_toolkit\tools\PlayerDiscovery\analyze_player_discovery.py","tool","players-settings-admin","unreviewed",""
"tools\source\mods-drive\Architect_Mod\Code_History\CODE-0037-working\architect_toolkit\temp_zip\architect_toolkit\tools\AdminConsole\native_memory_model.py","tool","players-settings-admin","unreviewed",""
"tools\source\mods-drive\Architect_Mod\Code_History\CODE-0037-working\architect_toolkit\temp_zip\architect_toolkit\tools\GameSettingsMapper\__init__.py","tool","players-settings-admin","unreviewed",""
"tools\source\mods-drive\Architect_Mod\Code_History\CODE-0037-working\architect_toolkit\temp_zip\architect_toolkit\tools\GameSettingsMapper\adapter_model.py","tool","players-settings-admin","unreviewed",""
"tools\source\mods-drive\Architect_Mod\Code_History\CODE-0037-working\architect_toolkit\temp_zip\architect_toolkit\tools\GameSettingsMapper\analyze_game_settings_dataflow.py","tool","players-settings-admin","unreviewed",""
"tools\source\mods-drive\Architect_Mod\Code_History\CODE-0037-working\architect_toolkit\temp_zip\architect_toolkit\tools\GameSettingsMapper\map_game_settings.py","tool","players-settings-admin","unreviewed",""
"tools\source\mods-drive\Architect_Mod\Code_History\CODE-0037-working\architect_toolkit\temp_zip\architect_toolkit\tools\PlayerDiscovery\__init__.py","tool","players-settings-admin","unreviewed",""
"tools\source\mods-drive\Architect_Mod\Code_History\CODE-0037-working\architect_toolkit\temp_zip\architect_toolkit\tools\PlayerDiscovery\analyze_player_discovery.py","tool","players-settings-admin","unreviewed",""
"tools\source\mods-drive\Architect_Mod\Code_History\CODE-0037-working\architect_toolkit\tools\AdminConsole\native_memory_model.py","tool","players-settings-admin","unreviewed",""
"tools\source\mods-drive\Architect_Mod\Code_History\CODE-0037-working\architect_toolkit\tools\GameSettingsMapper\__init__.py","tool","players-settings-admin","unreviewed",""
"tools\source\mods-drive\Architect_Mod\Code_History\CODE-0037-working\architect_toolkit\tools\GameSettingsMapper\adapter_model.py","tool","players-settings-admin","unreviewed",""
"tools\source\mods-drive\Architect_Mod\Code_History\CODE-0037-working\architect_toolkit\tools\GameSettingsMapper\analyze_game_settings_dataflow.py","tool","players-settings-admin","unreviewed",""
"tools\source\mods-drive\Architect_Mod\Code_History\CODE-0037-working\architect_toolkit\tools\GameSettingsMapper\map_game_settings.py","tool","players-settings-admin","unreviewed",""
"tools\source\mods-drive\Architect_Mod\Code_History\CODE-0037-working\architect_toolkit\tools\PlayerDiscovery\__init__.py","tool","players-settings-admin","unreviewed",""
"tools\source\mods-drive\Architect_Mod\Code_History\CODE-0037-working\architect_toolkit\tools\PlayerDiscovery\analyze_player_discovery.py","tool","players-settings-admin","unreviewed",""
"tools\source\mods-drive\Architect_Mod\Code_History\CODE-0044A\candidate\docs\tools\PlayerDiscoveryAnalyzer.md","tool","players-settings-admin","unreviewed",""
"tools\source\mods-drive\Architect_Mod\Code_History\CODE-0044A\candidate\tools\AdminConsole\native_memory_model.py","tool","players-settings-admin","unreviewed",""
"tools\source\mods-drive\Architect_Mod\Code_History\CODE-0044A\candidate\tools\GameSettingsMapper\__init__.py","tool","players-settings-admin","unreviewed",""
"tools\source\mods-drive\Architect_Mod\Code_History\CODE-0044A\candidate\tools\GameSettingsMapper\adapter_model.py","tool","players-settings-admin","unreviewed",""
"tools\source\mods-drive\Architect_Mod\Code_History\CODE-0044A\candidate\tools\GameSettingsMapper\analyze_game_settings_dataflow.py","tool","players-settings-admin","unreviewed",""
"tools\source\mods-drive\Architect_Mod\Code_History\CODE-0044A\candidate\tools\GameSettingsMapper\map_game_settings.py","tool","players-settings-admin","unreviewed",""
"tools\source\mods-drive\Architect_Mod\Code_History\CODE-0044A\candidate\tools\PlayerDiscovery\__init__.py","tool","players-settings-admin","unreviewed",""
"tools\source\mods-drive\Architect_Mod\Code_History\CODE-0044A\candidate\tools\PlayerDiscovery\analyze_player_discovery.py","tool","players-settings-admin","unreviewed",""
"tools\source\mods-drive\Control_Center\tools\verify_multiplayer_authority_report.py","tool","players-settings-admin","unreviewed",""
"tools\source\mods-drive\Incoming\2026-09-19\INC-0061\extracted\Ember\src\Config\ExpandedGameSettings_Config.lua","tool","players-settings-admin","unreviewed",""
"tools\source\mods-drive\Incoming\2026-09-19\INC-0061\extracted\Ember\src\Features\ExpandedGameSettings.lua","tool","players-settings-admin","unreviewed",""
"case-studies\source\mods-drive\Architect_Mod\Code_History\CODE-0044A\candidate\patch_native_runtime.py","case-study","runtime-and-static-analysis","unreviewed",""
"case-studies\source\mods-drive\Architect_Mod\Code_History\CODE-0044A\candidate\patch_native_runtime2.py","case-study","runtime-and-static-analysis","unreviewed",""
"case-studies\source\mods-drive\Architect_Mod\Code_History\CODE-0044A\candidate\runtime\native\selector_call_relay_design.md","case-study","runtime-and-static-analysis","unreviewed",""
"case-studies\source\mods-drive\Architect_Mod\Code_History\CODE-0044A\candidate\runtime\native\SHA256.txt","case-study","runtime-and-static-analysis","unreviewed",""
"case-studies\source\mods-drive\Architect_Mod\Code_History\CODE-0044A\candidate\runtime\staging\ArchitectProductPathPreview.lua","case-study","runtime-and-static-analysis","unreviewed",""
"case-studies\source\mods-drive\Control_Center\modules\custom_gliders_and_hooks\patch.lua","case-study","runtime-and-static-analysis","unreviewed",""
"case-studies\source\mods-drive\Control_Center\runtime\master_loader.lua","case-study","runtime-and-static-analysis","unreviewed",""
"case-studies\source\mods-drive\EmberVault-Control-Center\.release-check\catalog-cli-20261001\runtime\logs\events.jsonl","case-study","runtime-and-static-analysis","unreviewed",""
"case-studies\source\mods-drive\EmberVault-Control-Center\.release-check\catalog-cli-current\runtime\logs\events.jsonl","case-study","runtime-and-static-analysis","unreviewed",""
"case-studies\source\mods-drive\EmberVault-Control-Center\.release-check\installed-runtime-2\logs\events.jsonl","case-study","runtime-and-static-analysis","unreviewed",""
"case-studies\source\mods-drive\EmberVault-Control-Center\.release-check\installed-runtime\logs\events.jsonl","case-study","runtime-and-static-analysis","unreviewed",""
"case-studies\source\mods-drive\EmberVault-Control-Center\docs\EML_RUNTIME_EVIDENCE.md","case-study","runtime-and-static-analysis","unreviewed",""
"case-studies\source\mods-drive\EmberVault-Control-Center\docs\RUNTIME_ADAPTER_ROADMAP.md","case-study","runtime-and-static-analysis","unreviewed",""
"case-studies\source\mods-drive\EmberVault-Control-Center\docs\RUNTIME_ADAPTER_STATUS.md","case-study","runtime-and-static-analysis","unreviewed",""
"case-studies\source\mods-drive\EmberVault-Control-Center\docs\RUNTIME_EVIDENCE_WORKFLOW.md","case-study","runtime-and-static-analysis","unreviewed",""
"case-studies\source\mods-drive\EmberVault-Control-Center\runtime-check\logs\events.jsonl","case-study","runtime-and-static-analysis","unreviewed",""
"case-studies\source\mods-drive\Emberworks\construction_sdk\runtime.py","case-study","runtime-and-static-analysis","unreviewed",""
"case-studies\source\mods-drive\Emberworks\RUNTIME_FEASIBILITY.md","case-study","runtime-and-static-analysis","unreviewed",""
"experiments\source\mods-drive\Architect_Mod\Code_History\CODE-0037-working\architect_toolkit\runtime\crash_log.txt","experiment","runtime-and-static-analysis","unreviewed",""
"experiments\source\mods-drive\Architect_Mod\Code_History\CODE-0037-working\architect_toolkit\runtime\staging\architect_product_path_preview_test\CODE-0014_TEST_ONLY.txt","experiment","runtime-and-static-analysis","unreviewed",""
"experiments\source\mods-drive\Architect_Mod\Code_History\CODE-0037-working\architect_toolkit\runtime\staging\architect_product_path_preview_test\src\mod.lua","experiment","runtime-and-static-analysis","unreviewed",""
"experiments\source\mods-drive\Architect_Mod\Code_History\CODE-0037-working\architect_toolkit\temp_verify\architect_toolkit\temp_inspect\architect_toolkit\tools\CheatCorrelation\tests\test_native_harness.py","experiment","runtime-and-static-analysis","unreviewed",""
"experiments\source\mods-drive\Architect_Mod\Code_History\CODE-0037-working\architect_toolkit\temp_zip\architect_toolkit\runtime\crash_log.txt","experiment","runtime-and-static-analysis","unreviewed",""
"experiments\source\mods-drive\Architect_Mod\Code_History\CODE-0037-working\architect_toolkit\temp_zip\architect_toolkit\runtime\staging\architect_product_path_preview_test\CODE-0014_TEST_ONLY.txt","experiment","runtime-and-static-analysis","unreviewed",""
"experiments\source\mods-drive\Architect_Mod\Code_History\CODE-0037-working\architect_toolkit\temp_zip\architect_toolkit\runtime\staging\architect_product_path_preview_test\src\mod.lua","experiment","runtime-and-static-analysis","unreviewed",""
"experiments\source\mods-drive\Architect_Mod\Code_History\CODE-0037-working\architect_toolkit\temp_zip\architect_toolkit\tools\CheatCorrelation\tests\test_native_harness.py","experiment","runtime-and-static-analysis","unreviewed",""
"experiments\source\mods-drive\Architect_Mod\Code_History\CODE-0037-working\architect_toolkit\tools\CheatCorrelation\tests\test_native_harness.py","experiment","runtime-and-static-analysis","unreviewed",""
"experiments\source\mods-drive\Architect_Mod\Code_History\CODE-0043G6A\CODE-0043G6A_runtime_test_runbook.md","experiment","runtime-and-static-analysis","unreviewed",""
"experiments\source\mods-drive\Architect_Mod\Code_History\CODE-0043G6A\source_diff_INC0062\tools__CheatCorrelation__tests__test_native_harness.py","experiment","runtime-and-static-analysis","unreviewed",""
"experiments\source\mods-drive\Architect_Mod\Code_History\CODE-0043G6A\source_diff_runtimefix1\README_G6A_RUNTIME_TEST.txt","experiment","runtime-and-static-analysis","unreviewed",""
"experiments\source\mods-drive\Architect_Mod\Code_History\CODE-0043G6A\source_diff_runtimefix2\README_G6A_RUNTIME_TEST.txt","experiment","runtime-and-static-analysis","unreviewed",""
"experiments\source\mods-drive\Architect_Mod\Code_History\CODE-0043G6A\source_diff\tools__CheatCorrelation__tests__test_native_harness.py","experiment","runtime-and-static-analysis","unreviewed",""
"experiments\source\mods-drive\Architect_Mod\Code_History\CODE-0044A\candidate\runtime\crash_log.txt","experiment","runtime-and-static-analysis","unreviewed",""
"experiments\source\mods-drive\Architect_Mod\Code_History\CODE-0044A\candidate\runtime\staging\architect_product_path_preview_test\CODE-0014_TEST_ONLY.txt","experiment","runtime-and-static-analysis","unreviewed",""
"experiments\source\mods-drive\Architect_Mod\Code_History\CODE-0044A\candidate\runtime\staging\architect_product_path_preview_test\src\mod.lua","experiment","runtime-and-static-analysis","unreviewed",""
"experiments\source\mods-drive\Architect_Mod\Code_History\CODE-0044A\candidate\tools\CheatCorrelation\tests\test_native_harness.py","experiment","runtime-and-static-analysis","unreviewed",""
"experiments\source\mods-drive\Cheat Tables\Enshrouded_Mana_Prototype_Crash_Report.md","experiment","runtime-and-static-analysis","unreviewed",""
"experiments\source\mods-drive\Cheat Tables\Enshrouded_Runtime_Evidence_Capture.md","experiment","runtime-and-static-analysis","unreviewed",""
"experiments\source\mods-drive\Control_Center\core\crash_recovery.py","experiment","runtime-and-static-analysis","unreviewed",""
"experiments\source\mods-drive\Control_Center\tests\test_blender_runtime_evidence.py","experiment","runtime-and-static-analysis","unreviewed",""
"experiments\source\mods-drive\Control_Center\tests\test_catalog_icon_runtime_evidence.py","experiment","runtime-and-static-analysis","unreviewed",""
"experiments\source\mods-drive\Control_Center\tests\test_catalog_preview_runtime_evidence.py","experiment","runtime-and-static-analysis","unreviewed",""
"experiments\source\mods-drive\Control_Center\tests\test_crash_recovery.py","experiment","runtime-and-static-analysis","unreviewed",""
"experiments\source\mods-drive\Control_Center\tests\test_runtime_shutdown.py","experiment","runtime-and-static-analysis","unreviewed",""
"experiments\source\mods-drive\Control_Center\tests\test_verify_blender_runtime_log.py","experiment","runtime-and-static-analysis","unreviewed",""
"experiments\source\mods-drive\Control_Center\tests\test_verify_furniture_clone_runtime_evidence.py","experiment","runtime-and-static-analysis","unreviewed",""
"experiments\source\mods-drive\Control_Center\tests\test_verify_loader_api_runtime.py","experiment","runtime-and-static-analysis","unreviewed",""
"experiments\source\mods-drive\Control_Center\tests\test_verify_tuning_runtime_evidence.py","experiment","runtime-and-static-analysis","unreviewed",""
"experiments\source\mods-drive\Emberworks\package_runtime_probes.py","experiment","runtime-and-static-analysis","unreviewed",""
"experiments\source\mods-drive\Emberworks\runtime_mods\emberworks_resource_creation_probe\src\mod.lua","experiment","runtime-and-static-analysis","unreviewed",""
"experiments\source\mods-drive\Emberworks\runtime_mods\emberworks_ui_probe\src\mod.lua","experiment","runtime-and-static-analysis","unreviewed",""
"experiments\source\mods-drive\Emberworks\runtime_mods\emberworks_worldwright_probe\src\mod.lua","experiment","runtime-and-static-analysis","unreviewed",""
"experiments\source\mods-drive\Emberworks\runtime_stage_absdll\emberworks_worldwright_probe\src\mod.lua","experiment","runtime-and-static-analysis","unreviewed",""
"experiments\source\mods-drive\Emberworks\runtime_stage_buildtypes\emberworks_worldwright_probe\src\mod.lua","experiment","runtime-and-static-analysis","unreviewed",""
"experiments\source\mods-drive\Emberworks\runtime_stage_creation_api\emberworks_worldwright_probe\src\mod.lua","experiment","runtime-and-static-analysis","unreviewed",""
"experiments\source\mods-drive\Emberworks\runtime_stage_loader\emberworks_worldwright_probe\src\mod.lua","experiment","runtime-and-static-analysis","unreviewed",""
"experiments\source\mods-drive\Emberworks\runtime_stage_retry\emberworks_worldwright_probe\src\mod.lua","experiment","runtime-and-static-analysis","unreviewed",""
"experiments\source\mods-drive\Emberworks\tests\test_native_bridge_source.py","experiment","runtime-and-static-analysis","unreviewed",""
"experiments\source\mods-drive\Emberworks\tests\test_runtime_packager.py","experiment","runtime-and-static-analysis","unreviewed",""
"experiments\source\mods-drive\Emberworks\tests\test_runtime_probe.py","experiment","runtime-and-static-analysis","unreviewed",""
"experiments\source\mods-drive\Emberworks\tests\test_runtime.py","experiment","runtime-and-static-analysis","unreviewed",""
"experiments\source\mods-drive\Incoming\2026-09-19\INC-0024\runtime_test_build_hardening_transcript.txt","experiment","runtime-and-static-analysis","unreviewed",""
"experiments\source\mods-drive\Incoming\2026-09-19\INC-0050\injector_handshake_siteA_runtime_verification_transcript.txt","experiment","runtime-and-static-analysis","unreviewed",""
"implementations\source\mods-drive\Cheat Tables\disasm_runtime_candidate.py","implementation","runtime-and-static-analysis","unreviewed",""
"implementations\source\mods-drive\Cheat Tables\Enshrouded_Runtime_Candidate_2026-09-25.md","implementation","runtime-and-static-analysis","unreviewed",""
"implementations\source\mods-drive\Export\HOOK_TRANSPARENCY_REPORT.md","implementation","runtime-and-static-analysis","unreviewed",""
"implementations\source\mods-drive\Export\Reports\HOOK_TRANSPARENCY_REPORT.md","implementation","runtime-and-static-analysis","unreviewed",""
"implementations\source\mods-drive\Incoming\2026-09-19\INC-0053\CODE0036_runtime_log_excerpt.txt","implementation","runtime-and-static-analysis","unreviewed",""
"research\source\mods-drive\_static_audit_20260926\antisocialian's Tweaks-68-1-13-1-1765395259\antisocialian's tweaks\src\mod.lua","research","runtime-and-static-analysis","unreviewed",""
"research\source\mods-drive\_static_audit_20260926\ConvenienceMod 112 2 2026-07-02T23-11Z o2vsFIcNr\ConvenienceMod\src\mod.lua","research","runtime-and-static-analysis","unreviewed",""
"research\source\mods-drive\_static_audit_20260926\EML Beginners Guide 135 0.1.0 2026-08-24T01-41Z Jmd9c7ISd\User_3_Mod_Creator.md","research","runtime-and-static-analysis","unreviewed",""
"research\source\mods-drive\_static_audit_20260926\Enshrouded Minimap V0.4.44-97-7-1777531267\README-INSTALL.txt","research","runtime-and-static-analysis","unreviewed",""
"research\source\mods-drive\Architect_Mod\Code_History\CODE-0037-working\architect_toolkit\docs\research\Backend-CODE-0030-NativeMemoryFoundation.md","research","runtime-and-static-analysis","unreviewed",""
"research\source\mods-drive\Architect_Mod\Code_History\CODE-0037-working\architect_toolkit\docs\research\BuildSelection-StaticMap-v1.md","research","runtime-and-static-analysis","unreviewed",""
"research\source\mods-drive\Architect_Mod\Code_History\CODE-0037-working\architect_toolkit\docs\research\CODE-0005-RuntimeCapture-Runbook.md","research","runtime-and-static-analysis","unreviewed",""
"research\source\mods-drive\Architect_Mod\Code_History\CODE-0037-working\architect_toolkit\docs\research\Helper8D5CA0-SiteContract-StaticMap-v1.md","research","runtime-and-static-analysis","unreviewed",""
"research\source\mods-drive\Architect_Mod\Code_History\CODE-0037-working\architect_toolkit\docs\research\ParentCallRelayDownstreamCorrelation-Design-v1.md","research","runtime-and-static-analysis","unreviewed",""
"research\source\mods-drive\Architect_Mod\Code_History\CODE-0037-working\architect_toolkit\docs\research\SelectionPreviewAuthorityConvergence-StaticMap-v1.md","research","runtime-and-static-analysis","unreviewed",""
"research\source\mods-drive\Architect_Mod\Code_History\CODE-0037-working\architect_toolkit\docs\research\SemanticActionDispatcher-StaticMap-v1.md","research","runtime-and-static-analysis","unreviewed",""
"research\source\mods-drive\Architect_Mod\Code_History\CODE-0037-working\architect_toolkit\docs\research\TargetResolver-StaticMap-v1.md","research","runtime-and-static-analysis","unreviewed",""
"research\source\mods-drive\Architect_Mod\Code_History\CODE-0037-working\architect_toolkit\runtime_resource_lookup_research.md","research","runtime-and-static-analysis","unreviewed",""
"research\source\mods-drive\Architect_Mod\Code_History\CODE-0037-working\architect_toolkit\runtime\native\ARCHITECT_NATIVE_KNOWLEDGE.md","research","runtime-and-static-analysis","unreviewed",""
"research\source\mods-drive\Architect_Mod\Code_History\CODE-0037-working\architect_toolkit\runtime\native\selector_crash_audit_20260912.md","research","runtime-and-static-analysis","unreviewed",""
"research\source\mods-drive\Architect_Mod\Code_History\CODE-0037-working\architect_toolkit\temp_zip\architect_toolkit\docs\research\Backend-CODE-0030-NativeMemoryFoundation.md","research","runtime-and-static-analysis","unreviewed",""
"research\source\mods-drive\Architect_Mod\Code_History\CODE-0037-working\architect_toolkit\temp_zip\architect_toolkit\docs\research\BuildSelection-StaticMap-v1.md","research","runtime-and-static-analysis","unreviewed",""
"research\source\mods-drive\Architect_Mod\Code_History\CODE-0037-working\architect_toolkit\temp_zip\architect_toolkit\docs\research\CODE-0005-RuntimeCapture-Runbook.md","research","runtime-and-static-analysis","unreviewed",""
"research\source\mods-drive\Architect_Mod\Code_History\CODE-0037-working\architect_toolkit\temp_zip\architect_toolkit\docs\research\Helper8D5CA0-SiteContract-StaticMap-v1.md","research","runtime-and-static-analysis","unreviewed",""
"research\source\mods-drive\Architect_Mod\Code_History\CODE-0037-working\architect_toolkit\temp_zip\architect_toolkit\docs\research\ParentCallRelayDownstreamCorrelation-Design-v1.md","research","runtime-and-static-analysis","unreviewed",""
"research\source\mods-drive\Architect_Mod\Code_History\CODE-0037-working\architect_toolkit\temp_zip\architect_toolkit\docs\research\SelectionPreviewAuthorityConvergence-StaticMap-v1.md","research","runtime-and-static-analysis","unreviewed",""
"research\source\mods-drive\Architect_Mod\Code_History\CODE-0037-working\architect_toolkit\temp_zip\architect_toolkit\docs\research\SemanticActionDispatcher-StaticMap-v1.md","research","runtime-and-static-analysis","unreviewed",""
"research\source\mods-drive\Architect_Mod\Code_History\CODE-0037-working\architect_toolkit\temp_zip\architect_toolkit\docs\research\TargetResolver-StaticMap-v1.md","research","runtime-and-static-analysis","unreviewed",""
"research\source\mods-drive\Architect_Mod\Code_History\CODE-0037-working\architect_toolkit\temp_zip\architect_toolkit\runtime_resource_lookup_research.md","research","runtime-and-static-analysis","unreviewed",""
"research\source\mods-drive\Architect_Mod\Code_History\CODE-0037-working\architect_toolkit\temp_zip\architect_toolkit\runtime\native\ARCHITECT_NATIVE_KNOWLEDGE.md","research","runtime-and-static-analysis","unreviewed",""
"research\source\mods-drive\Architect_Mod\Code_History\CODE-0037-working\architect_toolkit\temp_zip\architect_toolkit\runtime\native\selector_crash_audit_20260912.md","research","runtime-and-static-analysis","unreviewed",""
"research\source\mods-drive\Architect_Mod\Code_History\CODE-0044A\candidate\docs\research\Backend-CODE-0030-NativeMemoryFoundation.md","research","runtime-and-static-analysis","unreviewed",""
"research\source\mods-drive\Architect_Mod\Code_History\CODE-0044A\candidate\docs\research\BuildSelection-StaticMap-v1.md","research","runtime-and-static-analysis","unreviewed",""
"research\source\mods-drive\Architect_Mod\Code_History\CODE-0044A\candidate\docs\research\CODE-0005-RuntimeCapture-Runbook.md","research","runtime-and-static-analysis","unreviewed",""
"research\source\mods-drive\Architect_Mod\Code_History\CODE-0044A\candidate\docs\research\Helper8D5CA0-SiteContract-StaticMap-v1.md","research","runtime-and-static-analysis","unreviewed",""
"research\source\mods-drive\Architect_Mod\Code_History\CODE-0044A\candidate\docs\research\ParentCallRelayDownstreamCorrelation-Design-v1.md","research","runtime-and-static-analysis","unreviewed",""
"research\source\mods-drive\Architect_Mod\Code_History\CODE-0044A\candidate\docs\research\SelectionPreviewAuthorityConvergence-StaticMap-v1.md","research","runtime-and-static-analysis","unreviewed",""
"research\source\mods-drive\Architect_Mod\Code_History\CODE-0044A\candidate\docs\research\SemanticActionDispatcher-StaticMap-v1.md","research","runtime-and-static-analysis","unreviewed",""
"research\source\mods-drive\Architect_Mod\Code_History\CODE-0044A\candidate\docs\research\TargetResolver-StaticMap-v1.md","research","runtime-and-static-analysis","unreviewed",""
"research\source\mods-drive\Architect_Mod\Code_History\CODE-0044A\candidate\runtime_resource_lookup_research.md","research","runtime-and-static-analysis","unreviewed",""
"research\source\mods-drive\Architect_Mod\Code_History\CODE-0044A\candidate\runtime\native\ARCHITECT_NATIVE_KNOWLEDGE.md","research","runtime-and-static-analysis","unreviewed",""
"research\source\mods-drive\Architect_Mod\Code_History\CODE-0044A\candidate\runtime\native\selector_crash_audit_20260912.md","research","runtime-and-static-analysis","unreviewed",""
"research\source\mods-drive\Architect_Mod\Evidence\Crash_Evidence\CRASH-20260921-130151\analysis.md","research","runtime-and-static-analysis","unreviewed",""
"research\source\mods-drive\Architect_Mod\Research\Core\ARCHITECT_NATIVE_KNOWLEDGE.md","research","runtime-and-static-analysis","unreviewed",""
"research\source\mods-drive\Cheat Tables\Enshrouded_Independent_Phase1_Static_Analysis.md","research","runtime-and-static-analysis","unreviewed",""
"research\source\mods-drive\Cheat Tables\Enshrouded_Static_Reverse_Analysis.py","research","runtime-and-static-analysis","unreviewed",""
"research\source\mods-drive\Control_Center\research\ANIMATION_WORLD_RUNTIME_BOUNDARY_20260928.md","research","runtime-and-static-analysis","unreviewed",""
"research\source\mods-drive\Control_Center\research\EML_API_VERSION_RUNTIME_VERIFICATION_20260928.md","research","runtime-and-static-analysis","unreviewed",""
"research\source\mods-drive\Control_Center\research\GENERATED_RUNTIME_CLONE_BOUNDARY_20260927.md","research","runtime-and-static-analysis","unreviewed",""
"research\source\mods-drive\Control_Center\research\LOCALIZATION_RUNTIME_ROUTE_20260926.md","research","runtime-and-static-analysis","unreviewed",""
"research\source\mods-drive\Control_Center\research\probe_sessions\enemy_behavior_pairs_runtime_cycle_20260928\staged_probe\src\mod.lua","research","runtime-and-static-analysis","unreviewed",""
"research\source\mods-drive\Control_Center\research\probes\localization_runtime_1076226\src\mod.lua","research","runtime-and-static-analysis","unreviewed",""
"research\source\mods-drive\Control_Center\research\TEMPLATE_GUID_LOOKUP_RUNTIME_BOUNDARY_20260927.md","research","runtime-and-static-analysis","unreviewed",""
"research\source\mods-drive\Control_Center\research\TEMPLATE_MODEL_EDGE_RUNTIME_20260927.md","research","runtime-and-static-analysis","unreviewed",""
"research\source\mods-drive\Control_Center\research\TEMPLATE_RESOURCE_RUNTIME_LOOKUP_20260928.md","research","runtime-and-static-analysis","unreviewed",""
"research\source\mods-drive\Control_Center\research\TEMPLATE_TYPE_NAME_RUNTIME_BOUNDARY_20260927.md","research","runtime-and-static-analysis","unreviewed",""
"research\source\mods-drive\Control_Center\research\WORLD_DIFFICULTY_RUNTIME_BOUNDARY_20260927.md","research","runtime-and-static-analysis","unreviewed",""
"research\source\mods-drive\Export\Handoffs\Custom_GPT_v1.0\Static_Knowledge\01_Core_Method.txt","research","runtime-and-static-analysis","unreviewed",""
"research\source\mods-drive\Export\Handoffs\Custom_GPT_v1.0\Static_Knowledge\02_Brain_Schema_v1.0.txt","research","runtime-and-static-analysis","unreviewed",""
"research\source\mods-drive\Incoming\2026-09-18\INC-0018\INC-0018_ui_runtime_deep_dive.md","research","runtime-and-static-analysis","unreviewed",""
"research\source\research-drive\Enshrouded Mods-20260918T044156Z-1-001\Enshrouded Mods\Architect_Mod\Research\Core\ARCHITECT_NATIVE_KNOWLEDGE.md","research","runtime-and-static-analysis","unreviewed",""
"research\source\research-drive\Enshrouded Mods-20260918T044156Z-1-001\Enshrouded Mods\Export\Handoffs\Custom_GPT_v1.0\Static_Knowledge\01_Core_Method.txt","research","runtime-and-static-analysis","unreviewed",""
"research\source\research-drive\Enshrouded Mods-20260918T044156Z-1-001\Enshrouded Mods\Export\Handoffs\Custom_GPT_v1.0\Static_Knowledge\02_Brain_Schema_v1.0.txt","research","runtime-and-static-analysis","unreviewed",""
"research\source\research-drive\Enshrouded Mods-20260918T044156Z-1-001\Enshrouded Mods\Export\HOOK_TRANSPARENCY_REPORT.md","research","runtime-and-static-analysis","unreviewed",""
"research\source\research-drive\Enshrouded Mods-20260918T044156Z-1-001\Enshrouded Mods\Export\Reports\HOOK_TRANSPARENCY_REPORT.md","research","runtime-and-static-analysis","unreviewed",""
"tools\source\mods-drive\Architect_Mod\Code_History\CODE-0037-working\architect_toolkit\runtime\native\selector_call_relay_design.md","tool","runtime-and-static-analysis","unreviewed",""
"tools\source\mods-drive\Architect_Mod\Code_History\CODE-0037-working\architect_toolkit\runtime\native\SHA256.txt","tool","runtime-and-static-analysis","unreviewed",""
"tools\source\mods-drive\Architect_Mod\Code_History\CODE-0037-working\architect_toolkit\runtime\staging\ArchitectProductPathPreview.lua","tool","runtime-and-static-analysis","unreviewed",""
"tools\source\mods-drive\Architect_Mod\Code_History\CODE-0037-working\architect_toolkit\temp_zip\architect_toolkit\runtime\native\selector_call_relay_design.md","tool","runtime-and-static-analysis","unreviewed",""
"tools\source\mods-drive\Architect_Mod\Code_History\CODE-0037-working\architect_toolkit\temp_zip\architect_toolkit\runtime\native\SHA256.txt","tool","runtime-and-static-analysis","unreviewed",""
"tools\source\mods-drive\Architect_Mod\Code_History\CODE-0037-working\architect_toolkit\temp_zip\architect_toolkit\runtime\staging\ArchitectProductPathPreview.lua","tool","runtime-and-static-analysis","unreviewed",""
"tools\source\mods-drive\Architect_Mod\Code_History\CODE-0037-working\architect_toolkit\temp_zip\architect_toolkit\tools\HammerSelectionMemoryScan\WINDBG_WATCHPOINT.md","tool","runtime-and-static-analysis","unreviewed",""
"tools\source\mods-drive\Architect_Mod\Code_History\CODE-0037-working\architect_toolkit\tools\HammerSelectionMemoryScan\WINDBG_WATCHPOINT.md","tool","runtime-and-static-analysis","unreviewed",""
"tools\source\mods-drive\Architect_Mod\Code_History\CODE-0043G6A\source_diff_runtimefix1\build_scripts__build_dll.py","tool","runtime-and-static-analysis","unreviewed",""
"tools\source\mods-drive\Architect_Mod\Code_History\CODE-0043G6A\source_diff_runtimefix2\build_scripts__build_dll.py","tool","runtime-and-static-analysis","unreviewed",""
"tools\source\mods-drive\Architect_Mod\Code_History\CODE-0044A\candidate\tools\HammerSelectionMemoryScan\WINDBG_WATCHPOINT.md","tool","runtime-and-static-analysis","unreviewed",""
"tools\source\mods-drive\Control_Center\tools\verify_blender_runtime_evidence.py","tool","runtime-and-static-analysis","unreviewed",""
"tools\source\mods-drive\Control_Center\tools\verify_blender_runtime_log.py","tool","runtime-and-static-analysis","unreviewed",""
"tools\source\mods-drive\Control_Center\tools\verify_catalog_icon_runtime_evidence.py","tool","runtime-and-static-analysis","unreviewed",""
"tools\source\mods-drive\Control_Center\tools\verify_catalog_preview_runtime_evidence.py","tool","runtime-and-static-analysis","unreviewed",""
"tools\source\mods-drive\Control_Center\tools\verify_furniture_clone_runtime_evidence.py","tool","runtime-and-static-analysis","unreviewed",""
"tools\source\mods-drive\Control_Center\tools\verify_loader_api_runtime.py","tool","runtime-and-static-analysis","unreviewed",""
"tools\source\mods-drive\Control_Center\tools\verify_tuning_runtime_evidence.py","tool","runtime-and-static-analysis","unreviewed",""
"tools\source\mods-drive\EmberVault-Control-Center\tools\collect_runtime_evidence.py","tool","runtime-and-static-analysis","unreviewed",""
"tools\source\mods-drive\Incoming\2026-09-19\INC-0026\runtime_gate_cleared_transcript.txt","tool","runtime-and-static-analysis","unreviewed",""
